Cluster,Members,Representative,"Weighted Score"
0,45,Center,-1823.4
0,45,"Lowest Energy",-2048.2
1,38,Center,-1962.9
1,38,"Lowest Energy",-2004.3
2,38,Center,-1761.3
2,38,"Lowest Energy",-2003.3
3,37,Center,-1929.6
3,37,"Lowest Energy",-1929.6
4,36,Center,-1668.3
4,36,"Lowest Energy",-2216.4
5,35,Center,-1783.8
5,35,"Lowest Energy",-1922.5
6,33,Center,-1810.4
6,33,"Lowest Energy",-2237.1
7,31,Center,-1912.7
7,31,"Lowest Energy",-2195.4
8,24,Center,-1599.5
8,24,"Lowest Energy",-1766.4
9,19,Center,-1828.7
9,19,"Lowest Energy",-1978.6
10,18,Center,-1541.7
10,18,"Lowest Energy",-1890.8
11,18,Center,-1569.2
11,18,"Lowest Energy",-1738.0
12,16,Center,-1808.8
12,16,"Lowest Energy",-1808.8
13,15,Center,-1678.2
13,15,"Lowest Energy",-1678.2
14,15,Center,-1771.5
14,15,"Lowest Energy",-1771.5
15,14,Center,-1658.2
15,14,"Lowest Energy",-1824.7
16,14,Center,-1568.5
16,14,"Lowest Energy",-1954.9
17,14,Center,-1635.6
17,14,"Lowest Energy",-2000.1
18,14,Center,-1786.7
18,14,"Lowest Energy",-1971.5
19,13,Center,-1877.9
19,13,"Lowest Energy",-2186.4
20,13,Center,-1601.1
20,13,"Lowest Energy",-1783.7
21,13,Center,-1688.1
21,13,"Lowest Energy",-1764.0
22,13,Center,-1829.3
22,13,"Lowest Energy",-1829.3
23,13,Center,-1640.9
23,13,"Lowest Energy",-1756.9
24,12,Center,-1776.1
24,12,"Lowest Energy",-2186.5
25,12,Center,-1681.1
25,12,"Lowest Energy",-2441.8
26,12,Center,-1544.6
26,12,"Lowest Energy",-1756.3
27,12,Center,-1693.8
27,12,"Lowest Energy",-1693.8
28,11,Center,-1649.2
28,11,"Lowest Energy",-1848.2
29,11,Center,-1578.4
29,11,"Lowest Energy",-1598.8
