Cluster,Members,Representative,"Weighted Score"
0,61,Center,-1919.4
0,61,"Lowest Energy",-2077.3
1,41,Center,-2019.5
1,41,"Lowest Energy",-2052.6
2,40,Center,-1690.2
2,40,"Lowest Energy",-2258.4
3,37,Center,-1786.6
3,37,"Lowest Energy",-2033.4
4,34,Center,-1927.8
4,34,"Lowest Energy",-1927.8
5,29,Center,-1793.7
5,29,"Lowest Energy",-1909.7
6,28,Center,-1892.5
6,28,"Lowest Energy",-2058.0
7,27,Center,-1620.2
7,27,"Lowest Energy",-1803.8
8,27,Center,-1798.2
8,27,"Lowest Energy",-2271.8
9,24,Center,-1915.0
9,24,"Lowest Energy",-2200.7
10,24,Center,-1587.7
10,24,"Lowest Energy",-1799.4
11,18,Center,-1534.2
11,18,"Lowest Energy",-2452.2
12,18,Center,-1568.4
12,18,"Lowest Energy",-1896.2
13,18,Center,-1600.4
13,18,"Lowest Energy",-1762.8
14,15,Center,-1669.4
14,15,"Lowest Energy",-1838.4
15,15,Center,-1829.2
15,15,"Lowest Energy",-2029.5
16,15,Center,-1596.5
16,15,"Lowest Energy",-1987.3
17,13,Center,-1785.3
17,13,"Lowest Energy",-1920.1
18,13,Center,-1886.1
18,13,"Lowest Energy",-1886.1
19,13,Center,-1793.5
19,13,"Lowest Energy",-1793.5
20,13,Center,-1677.4
20,13,"Lowest Energy",-1852.8
21,12,Center,-1758.9
21,12,"Lowest Energy",-2190.8
22,12,Center,-1784.3
22,12,"Lowest Energy",-1784.3
23,12,Center,-1582.0
23,12,"Lowest Energy",-1740.6
24,11,Center,-1582.2
24,11,"Lowest Energy",-1694.4
25,11,Center,-1559.7
25,11,"Lowest Energy",-1700.1
26,11,Center,-1703.3
26,11,"Lowest Energy",-1776.5
27,11,Center,-1717.1
27,11,"Lowest Energy",-1888.1
28,11,Center,-1768.0
28,11,"Lowest Energy",-1768.0
29,10,Center,-1903.1
29,10,"Lowest Energy",-2214.4
