Cluster,Members,Representative,"Weighted Score"
0,59,Center,-259.2
0,59,"Lowest Energy",-301.5
1,55,Center,-221.1
1,55,"Lowest Energy",-245.6
2,44,Center,-229.3
2,44,"Lowest Energy",-229.3
3,34,Center,-253.3
3,34,"Lowest Energy",-292.3
4,31,Center,-208.3
4,31,"Lowest Energy",-231.0
5,30,Center,-246.4
5,30,"Lowest Energy",-264.2
6,29,Center,-213.8
6,29,"Lowest Energy",-246.9
7,27,Center,-234.1
7,27,"Lowest Energy",-234.1
8,26,Center,-233.8
8,26,"Lowest Energy",-252.3
9,22,Center,-209.9
9,22,"Lowest Energy",-295.9
10,20,Center,-225.2
10,20,"Lowest Energy",-262.6
11,19,Center,-219.4
11,19,"Lowest Energy",-229.6
12,18,Center,-208.7
12,18,"Lowest Energy",-275.1
13,17,Center,-233.5
13,17,"Lowest Energy",-233.5
14,16,Center,-231.6
14,16,"Lowest Energy",-231.6
15,15,Center,-217.3
15,15,"Lowest Energy",-243.5
16,13,Center,-211.5
16,13,"Lowest Energy",-240.1
17,11,Center,-210.0
17,11,"Lowest Energy",-212.6
18,11,Center,-209.3
18,11,"Lowest Energy",-269.6
19,11,Center,-283.7
19,11,"Lowest Energy",-283.7
20,11,Center,-261.0
20,11,"Lowest Energy",-261.0
21,11,Center,-227.3
21,11,"Lowest Energy",-227.3
22,11,Center,-214.2
22,11,"Lowest Energy",-252.8
23,11,Center,-214.1
23,11,"Lowest Energy",-224.4
24,11,Center,-212.3
24,11,"Lowest Energy",-212.3
25,10,Center,-259.4
25,10,"Lowest Energy",-259.4
26,10,Center,-240.7
26,10,"Lowest Energy",-240.7
27,10,Center,-220.6
27,10,"Lowest Energy",-220.6
28,10,Center,-211.3
28,10,"Lowest Energy",-222.3
29,10,Center,-205.8
29,10,"Lowest Energy",-220.3
