Cluster,Members,Representative,"Weighted Score"
0,64,Center,-3154.0
0,64,"Lowest Energy",-3862.1
1,55,Center,-3664.3
1,55,"Lowest Energy",-4216.2
2,42,Center,-3162.2
2,42,"Lowest Energy",-3620.4
3,41,Center,-3337.8
3,41,"Lowest Energy",-3497.4
4,31,Center,-3478.3
4,31,"Lowest Energy",-3515.9
5,30,Center,-3254.1
5,30,"Lowest Energy",-3848.5
6,30,Center,-2995.9
6,30,"Lowest Energy",-3353.4
7,28,Center,-3027.9
7,28,"Lowest Energy",-3177.7
8,27,Center,-3055.3
8,27,"Lowest Energy",-3421.9
9,27,Center,-3258.4
9,27,"Lowest Energy",-3258.4
10,26,Center,-3014.5
10,26,"Lowest Energy",-3354.9
11,25,Center,-3078.2
11,25,"Lowest Energy",-3844.2
12,25,Center,-2914.5
12,25,"Lowest Energy",-3717.6
13,25,Center,-3366.7
13,25,"Lowest Energy",-3435.5
14,25,Center,-2864.0
14,25,"Lowest Energy",-3492.8
15,23,Center,-2857.7
15,23,"Lowest Energy",-3591.8
16,22,Center,-2895.6
16,22,"Lowest Energy",-4120.0
17,20,Center,-3148.7
17,20,"Lowest Energy",-3501.6
18,20,Center,-2836.9
18,20,"Lowest Energy",-2945.1
19,18,Center,-2918.8
19,18,"Lowest Energy",-3557.8
20,17,Center,-3035.3
20,17,"Lowest Energy",-3069.0
21,16,Center,-3026.0
21,16,"Lowest Energy",-3287.8
22,15,Center,-2950.6
22,15,"Lowest Energy",-3049.7
23,14,Center,-3103.3
23,14,"Lowest Energy",-3180.6
24,13,Center,-3385.7
24,13,"Lowest Energy",-3980.5
25,13,Center,-2838.8
25,13,"Lowest Energy",-3380.3
26,13,Center,-2882.9
26,13,"Lowest Energy",-3267.7
27,13,Center,-3057.1
27,13,"Lowest Energy",-3057.1
28,12,Center,-3195.2
28,12,"Lowest Energy",-4060.8
29,12,Center,-2949.4
29,12,"Lowest Energy",-3085.5
