Cluster,Members,Representative,"Weighted Score"
0,139,Center,-229.8
0,139,"Lowest Energy",-231.1
1,119,Center,-199.2
1,119,"Lowest Energy",-237.7
2,65,Center,-177.6
2,65,"Lowest Energy",-264.2
3,65,Center,-167.7
3,65,"Lowest Energy",-230.9
4,56,Center,-269.7
4,56,"Lowest Energy",-269.7
5,45,Center,-170.8
5,45,"Lowest Energy",-196.5
6,39,Center,-176.9
6,39,"Lowest Energy",-223.1
7,38,Center,-184.5
7,38,"Lowest Energy",-234.5
8,35,Center,-200.1
8,35,"Lowest Energy",-243.4
9,29,Center,-180.9
9,29,"Lowest Energy",-194.9
10,26,Center,-168.1
10,26,"Lowest Energy",-208.7
11,23,Center,-167.6
11,23,"Lowest Energy",-238.1
12,22,Center,-289.9
12,22,"Lowest Energy",-289.9
13,20,Center,-205.8
13,20,"Lowest Energy",-205.8
14,19,Center,-245.2
14,19,"Lowest Energy",-245.2
15,19,Center,-206.0
15,19,"Lowest Energy",-206.0
16,17,Center,-221.4
16,17,"Lowest Energy",-221.4
17,16,Center,-216.3
17,16,"Lowest Energy",-223.8
18,15,Center,-215.7
18,15,"Lowest Energy",-215.7
19,15,Center,-186.0
19,15,"Lowest Energy",-186.0
20,14,Center,-168.4
20,14,"Lowest Energy",-212.9
21,13,Center,-180.8
21,13,"Lowest Energy",-180.8
22,12,Center,-196.6
22,12,"Lowest Energy",-196.6
23,11,Center,-191.1
23,11,"Lowest Energy",-204.4
24,11,Center,-189.2
24,11,"Lowest Energy",-201.7
25,10,Center,-170.9
25,10,"Lowest Energy",-216.9
