Cluster,Members,Representative,"Weighted Score"
0,95,Center,-2589.9
0,95,"Lowest Energy",-2710.7
1,69,Center,-3305.9
1,69,"Lowest Energy",-4176.0
2,57,Center,-3124.7
2,57,"Lowest Energy",-3128.2
3,51,Center,-2624.2
3,51,"Lowest Energy",-3098.3
4,51,Center,-2277.3
4,51,"Lowest Energy",-2873.8
5,50,Center,-3341.8
5,50,"Lowest Energy",-3406.5
6,49,Center,-2619.0
6,49,"Lowest Energy",-3237.9
7,39,Center,-2249.7
7,39,"Lowest Energy",-2886.5
8,34,Center,-2344.7
8,34,"Lowest Energy",-3105.1
9,34,Center,-2216.8
9,34,"Lowest Energy",-3165.0
10,33,Center,-2806.9
10,33,"Lowest Energy",-3097.7
11,31,Center,-2590.2
11,31,"Lowest Energy",-2894.4
12,30,Center,-2294.3
12,30,"Lowest Energy",-2938.5
13,26,Center,-2511.1
13,26,"Lowest Energy",-2710.1
14,23,Center,-2383.8
14,23,"Lowest Energy",-3344.4
15,23,Center,-2359.7
15,23,"Lowest Energy",-2359.7
16,19,Center,-2575.5
16,19,"Lowest Energy",-2852.1
17,18,Center,-2563.4
17,18,"Lowest Energy",-3024.0
18,17,Center,-2520.5
18,17,"Lowest Energy",-2637.8
19,17,Center,-2384.6
19,17,"Lowest Energy",-2918.6
20,16,Center,-2559.2
20,16,"Lowest Energy",-2931.4
21,16,Center,-2297.1
21,16,"Lowest Energy",-2364.0
22,16,Center,-2775.5
22,16,"Lowest Energy",-2775.5
23,15,Center,-2218.2
23,15,"Lowest Energy",-2775.7
24,15,Center,-2530.2
24,15,"Lowest Energy",-2530.2
25,14,Center,-2355.1
25,14,"Lowest Energy",-2503.8
26,14,Center,-2550.1
26,14,"Lowest Energy",-2550.1
27,13,Center,-2237.3
27,13,"Lowest Energy",-2507.6
28,11,Center,-2324.0
28,11,"Lowest Energy",-2597.9
29,11,Center,-2845.3
29,11,"Lowest Energy",-2845.3
