Cluster,Members,Representative,"Weighted Score"
0,119,Center,-1393.2
0,119,"Lowest Energy",-1595.8
1,70,Center,-2087.9
1,70,"Lowest Energy",-2381.3
2,53,Center,-1443.1
2,53,"Lowest Energy",-1778.7
3,43,Center,-1545.9
3,43,"Lowest Energy",-1636.5
4,36,Center,-1918.7
4,36,"Lowest Energy",-1959.6
5,35,Center,-1243.4
5,35,"Lowest Energy",-1630.5
6,34,Center,-1329.7
6,34,"Lowest Energy",-1605.4
7,33,Center,-1241.3
7,33,"Lowest Energy",-1590.0
8,33,Center,-1471.1
8,33,"Lowest Energy",-1912.2
9,31,Center,-1348.0
9,31,"Lowest Energy",-1668.9
10,30,Center,-1528.2
10,30,"Lowest Energy",-1725.6
11,26,Center,-1474.8
11,26,"Lowest Energy",-1483.5
12,25,Center,-1352.3
12,25,"Lowest Energy",-1585.5
13,24,Center,-1396.5
13,24,"Lowest Energy",-1624.1
14,23,Center,-1227.6
14,23,"Lowest Energy",-1434.4
15,22,Center,-1392.1
15,22,"Lowest Energy",-1402.0
16,19,Center,-1626.5
16,19,"Lowest Energy",-1626.5
17,17,Center,-1443.4
17,17,"Lowest Energy",-1443.4
18,16,Center,-1254.9
18,16,"Lowest Energy",-1315.2
19,15,Center,-1226.8
19,15,"Lowest Energy",-1491.1
20,15,Center,-1599.7
20,15,"Lowest Energy",-1954.4
21,15,Center,-1316.3
21,15,"Lowest Energy",-1496.1
22,14,Center,-1245.1
22,14,"Lowest Energy",-1447.1
23,14,Center,-1651.4
23,14,"Lowest Energy",-1775.6
24,14,Center,-1591.5
24,14,"Lowest Energy",-1591.5
25,12,Center,-1239.7
25,12,"Lowest Energy",-1864.5
26,12,Center,-1377.7
26,12,"Lowest Energy",-1377.7
27,12,Center,-1314.1
27,12,"Lowest Energy",-1524.1
28,12,Center,-1234.2
28,12,"Lowest Energy",-1418.0
29,11,Center,-1267.2
29,11,"Lowest Energy",-1485.3
