Cluster,Members,Representative,"Weighted Score"
0,109,Center,-1564.6
0,109,"Lowest Energy",-1580.4
1,89,Center,-2054.6
1,89,"Lowest Energy",-2370.5
2,51,Center,-1235.4
2,51,"Lowest Energy",-1656.4
3,51,Center,-2006.7
3,51,"Lowest Energy",-2006.7
4,47,Center,-1554.1
4,47,"Lowest Energy",-1904.7
5,36,Center,-1232.0
5,36,"Lowest Energy",-1631.9
6,36,Center,-1510.0
6,36,"Lowest Energy",-1732.4
7,34,Center,-1239.4
7,34,"Lowest Energy",-1604.3
8,31,Center,-1312.7
8,31,"Lowest Energy",-1611.6
9,30,Center,-1484.8
9,30,"Lowest Energy",-1706.2
10,26,Center,-1366.3
10,26,"Lowest Energy",-1591.3
11,26,Center,-1498.5
11,26,"Lowest Energy",-1498.5
12,24,Center,-1380.6
12,24,"Lowest Energy",-1621.5
13,22,Center,-1249.3
13,22,"Lowest Energy",-1650.1
14,22,Center,-1435.1
14,22,"Lowest Energy",-1435.1
15,19,Center,-1739.6
15,19,"Lowest Energy",-1913.1
16,18,Center,-1237.7
16,18,"Lowest Energy",-1854.9
17,18,Center,-1240.6
17,18,"Lowest Energy",-1360.6
18,17,Center,-1275.0
18,17,"Lowest Energy",-2026.5
19,17,Center,-1222.4
19,17,"Lowest Energy",-1465.8
20,16,Center,-1322.8
20,16,"Lowest Energy",-1421.9
21,16,Center,-1598.8
21,16,"Lowest Energy",-1940.5
22,16,Center,-1414.4
22,16,"Lowest Energy",-1535.8
23,15,Center,-1593.2
23,15,"Lowest Energy",-1593.2
24,15,Center,-1552.1
24,15,"Lowest Energy",-1552.1
25,15,Center,-1316.2
25,15,"Lowest Energy",-1494.0
26,13,Center,-1289.1
26,13,"Lowest Energy",-1557.2
27,13,Center,-1539.5
27,13,"Lowest Energy",-1694.8
28,13,Center,-1402.9
28,13,"Lowest Energy",-1402.9
29,11,Center,-1541.3
29,11,"Lowest Energy",-1541.3
