Cluster,Members,Representative,"Weighted Score"
0,101,Center,-224.8
0,101,"Lowest Energy",-244.9
1,50,Center,-215.8
1,50,"Lowest Energy",-249.4
2,46,Center,-265.0
2,46,"Lowest Energy",-265.0
3,42,Center,-234.4
3,42,"Lowest Energy",-258.3
4,41,Center,-219.4
4,41,"Lowest Energy",-256.8
5,38,Center,-228.5
5,38,"Lowest Energy",-253.1
6,37,Center,-225.3
6,37,"Lowest Energy",-276.1
7,36,Center,-215.2
7,36,"Lowest Energy",-239.1
8,35,Center,-220.7
8,35,"Lowest Energy",-234.9
9,34,Center,-215.2
9,34,"Lowest Energy",-237.5
10,34,Center,-225.4
10,34,"Lowest Energy",-251.6
11,29,Center,-278.7
11,29,"Lowest Energy",-278.7
12,28,Center,-225.6
12,28,"Lowest Energy",-238.1
13,28,Center,-221.7
13,28,"Lowest Energy",-238.2
14,26,Center,-227.5
14,26,"Lowest Energy",-242.9
15,25,Center,-249.7
15,25,"Lowest Energy",-249.7
16,21,Center,-215.8
16,21,"Lowest Energy",-250.0
17,21,Center,-225.0
17,21,"Lowest Energy",-257.0
18,21,Center,-234.1
18,21,"Lowest Energy",-265.1
19,20,Center,-249.2
19,20,"Lowest Energy",-249.2
20,19,Center,-221.6
20,19,"Lowest Energy",-242.9
21,18,Center,-232.4
21,18,"Lowest Energy",-250.9
22,18,Center,-225.6
22,18,"Lowest Energy",-249.9
23,16,Center,-225.9
23,16,"Lowest Energy",-238.6
24,15,Center,-222.6
24,15,"Lowest Energy",-229.3
25,15,Center,-226.8
25,15,"Lowest Energy",-238.9
26,15,Center,-217.2
26,15,"Lowest Energy",-244.0
27,14,Center,-238.4
27,14,"Lowest Energy",-248.2
28,13,Center,-233.1
28,13,"Lowest Energy",-250.7
29,13,Center,-246.5
29,13,"Lowest Energy",-262.3
