Cluster,Members,Representative,"Weighted Score"
0,50,Center,-1474.7
0,50,"Lowest Energy",-1718.3
1,45,Center,-1935.8
1,45,"Lowest Energy",-1935.8
2,43,Center,-1398.9
2,43,"Lowest Energy",-1887.6
3,41,Center,-1840.7
3,41,"Lowest Energy",-1840.7
4,35,Center,-1422.7
4,35,"Lowest Energy",-1791.9
5,28,Center,-1780.3
5,28,"Lowest Energy",-1780.3
6,27,Center,-1430.0
6,27,"Lowest Energy",-1646.7
7,27,Center,-1481.4
7,27,"Lowest Energy",-1481.4
8,25,Center,-1464.2
8,25,"Lowest Energy",-1718.8
9,23,Center,-1672.2
9,23,"Lowest Energy",-1672.2
10,21,Center,-1512.6
10,21,"Lowest Energy",-1630.5
11,20,Center,-1479.4
11,20,"Lowest Energy",-1577.4
12,19,Center,-1454.4
12,19,"Lowest Energy",-1643.3
13,19,Center,-1412.8
13,19,"Lowest Energy",-1697.7
14,19,Center,-1493.4
14,19,"Lowest Energy",-1493.4
15,18,Center,-1540.4
15,18,"Lowest Energy",-1540.4
16,17,Center,-1609.0
16,17,"Lowest Energy",-1609.0
17,16,Center,-1392.7
17,16,"Lowest Energy",-1688.4
18,16,Center,-1741.9
18,16,"Lowest Energy",-1741.9
19,15,Center,-1442.0
19,15,"Lowest Energy",-1494.3
20,15,Center,-1431.8
20,15,"Lowest Energy",-1496.2
21,15,Center,-1619.7
21,15,"Lowest Energy",-1619.7
22,15,Center,-1586.7
22,15,"Lowest Energy",-1586.7
23,12,Center,-1536.1
23,12,"Lowest Energy",-1536.1
24,12,Center,-1463.4
24,12,"Lowest Energy",-1463.4
25,12,Center,-1408.4
25,12,"Lowest Energy",-1496.6
26,11,Center,-1643.8
26,11,"Lowest Energy",-1643.8
27,11,Center,-1551.2
27,11,"Lowest Energy",-1551.2
28,11,Center,-1534.9
28,11,"Lowest Energy",-1534.9
29,11,Center,-1444.7
29,11,"Lowest Energy",-1565.6
