Cluster,Members,Representative,"Weighted Score"
0,48,Center,-1930.3
0,48,"Lowest Energy",-1930.3
1,40,Center,-1849.9
1,40,"Lowest Energy",-1849.9
2,40,Center,-1797.5
2,40,"Lowest Energy",-1797.5
3,40,Center,-1428.6
3,40,"Lowest Energy",-1491.7
4,38,Center,-1408.4
4,38,"Lowest Energy",-1784.7
5,33,Center,-1412.5
5,33,"Lowest Energy",-1621.6
6,30,Center,-1350.1
6,30,"Lowest Energy",-1725.5
7,29,Center,-1378.0
7,29,"Lowest Energy",-1613.8
8,20,Center,-1544.8
8,20,"Lowest Energy",-1736.5
9,20,Center,-1374.1
9,20,"Lowest Energy",-1520.6
10,20,Center,-1406.4
10,20,"Lowest Energy",-1687.1
11,20,Center,-1500.7
11,20,"Lowest Energy",-1500.7
12,20,Center,-1471.5
12,20,"Lowest Energy",-1488.0
13,19,Center,-1501.7
13,19,"Lowest Energy",-1501.7
14,18,Center,-1494.8
14,18,"Lowest Energy",-1700.1
15,18,Center,-1424.8
15,18,"Lowest Energy",-1538.5
16,18,Center,-1445.0
16,18,"Lowest Energy",-1699.3
17,17,Center,-1546.8
17,17,"Lowest Energy",-1640.0
18,17,Center,-1425.3
18,17,"Lowest Energy",-1477.1
19,17,Center,-1589.9
19,17,"Lowest Energy",-1589.9
20,16,Center,-1571.5
20,16,"Lowest Energy",-1627.3
21,15,Center,-1427.5
21,15,"Lowest Energy",-1427.5
22,14,Center,-1502.9
22,14,"Lowest Energy",-1642.4
23,14,Center,-1672.5
23,14,"Lowest Energy",-1672.5
24,13,Center,-1406.5
24,13,"Lowest Energy",-1504.1
25,13,Center,-1361.3
25,13,"Lowest Energy",-1585.1
26,12,Center,-1427.7
26,12,"Lowest Energy",-1533.1
27,12,Center,-1563.5
27,12,"Lowest Energy",-1563.5
28,12,Center,-1474.7
28,12,"Lowest Energy",-1474.7
29,12,Center,-1412.4
29,12,"Lowest Energy",-1470.7
