Cluster,Members,Representative,"Weighted Score"
0,112,Center,-2641.8
0,112,"Lowest Energy",-2823.6
1,58,Center,-3386.1
1,58,"Lowest Energy",-3434.3
2,46,Center,-2968.4
2,46,"Lowest Energy",-3275.0
3,43,Center,-3322.6
3,43,"Lowest Energy",-3322.6
4,42,Center,-2828.0
4,42,"Lowest Energy",-3048.5
5,33,Center,-2529.1
5,33,"Lowest Energy",-3145.9
6,32,Center,-2584.7
6,32,"Lowest Energy",-3000.7
7,31,Center,-2637.7
7,31,"Lowest Energy",-3145.8
8,30,Center,-2531.7
8,30,"Lowest Energy",-2961.0
9,28,Center,-2693.1
9,28,"Lowest Energy",-2818.6
10,23,Center,-2675.0
10,23,"Lowest Energy",-3182.4
11,22,Center,-2698.1
11,22,"Lowest Energy",-2838.8
12,20,Center,-2587.0
12,20,"Lowest Energy",-2798.3
13,20,Center,-2797.7
13,20,"Lowest Energy",-2797.7
14,18,Center,-2694.0
14,18,"Lowest Energy",-2994.5
15,18,Center,-2706.4
15,18,"Lowest Energy",-2816.8
16,18,Center,-2588.9
16,18,"Lowest Energy",-2800.6
17,17,Center,-2690.0
17,17,"Lowest Energy",-2838.8
18,17,Center,-2612.9
18,17,"Lowest Energy",-2820.0
19,15,Center,-2734.4
19,15,"Lowest Energy",-2897.8
20,15,Center,-2770.3
20,15,"Lowest Energy",-2770.3
21,14,Center,-2809.4
21,14,"Lowest Energy",-2809.4
22,14,Center,-2643.3
22,14,"Lowest Energy",-2820.9
23,13,Center,-2521.7
23,13,"Lowest Energy",-2868.8
24,13,Center,-2680.6
24,13,"Lowest Energy",-2680.6
25,12,Center,-2599.1
25,12,"Lowest Energy",-2599.1
26,11,Center,-2845.0
26,11,"Lowest Energy",-3013.4
27,11,Center,-2836.3
27,11,"Lowest Energy",-2966.7
28,10,Center,-2614.2
28,10,"Lowest Energy",-2692.8
29,10,Center,-2576.0
29,10,"Lowest Energy",-2625.9
