"Subject name","Gene hit","Subject start","Subject end","Subject ori","Genomic Location","Orientation","Query name","Query start","Query end","Query ori","Length","Score","E-val","%ID"
"ENSPTRT00000089959.1","SLC1A2","1126","1722","Forward","11:35359721-35385744 [Sequence]","Reverse","tr|A0A2R8YHI4|A0A2R8YHI4_HUMAN","2","155","Forward","199 [Sequence]","315","3.52e-99","76.884 [Alignment]"
"ENSPTRT00000087129.1","SLC1A2","1223","1819","Forward","11:35359721-35385744 [Sequence]","Reverse","tr|A0A2R8YHI4|A0A2R8YHI4_HUMAN","2","155","Forward","199 [Sequence]","315","7.38e-99","76.884 [Alignment]"
"ENSPTRT00000079961.1","SLC1A2","1722","2318","Forward","11:35359721-35385744 [Sequence]","Reverse","tr|A0A2R8YHI4|A0A2R8YHI4_HUMAN","2","155","Forward","199 [Sequence]","315","7.35e-98","76.884 [Alignment]"
"ENSPTRT00000006599.5","SLC1A2","1099","1626","Forward","11:35364354-35385744 [Sequence]","Reverse","tr|A0A2R8YHI4|A0A2R8YHI4_HUMAN","2","132","Forward","176 [Sequence]","263","2.75e-80","73.864 [Alignment]"
"ENSPTRT00000106634.1","SLC1A2","1126","1653","Forward","11:35364354-35385744 [Sequence]","Reverse","tr|A0A2R8YHI4|A0A2R8YHI4_HUMAN","2","132","Forward","176 [Sequence]","263","3.38e-80","73.864 [Alignment]"
"ENSPTRT00000031187.3","SLC1A3","1604","1903","Forward","5:77618203-77623981 [Sequence]","Reverse","tr|A0A2R8YHI4|A0A2R8YHI4_HUMAN","2","99","Forward","100 [Sequence]","160","9.94e-44","68.000 [Alignment]"
"ENSPTRT00000078486.1","SLC1A3","1855","2289","Forward","5:77618203-77623981 [Sequence]","Reverse","tr|A0A2R8YHI4|A0A2R8YHI4_HUMAN","2","99","Forward","145 [Sequence]","133","1.22e-34","46.207 [Alignment]"
"ENSPTRT00000056719.3","SLC1A1","1280","1669","Forward","9:4614276-4623070 [Sequence]","Forward","tr|A0A2R8YHI4|A0A2R8YHI4_HUMAN","2","86","Forward","130 [Sequence]","123","3.46e-31","46.154 [Alignment]"
"ENSPTRT00000080433.1","SLC1A3","991","1476","Forward","5:77618152-77623981 [Sequence]","Reverse","tr|A0A2R8YHI4|A0A2R8YHI4_HUMAN","2","115","Forward","162 [Sequence]","113","1.20e-27","43.827 [Alignment]"
"ENSPTRT00000085288.1","SLC1A3","1114","1599","Forward","5:77618152-77623981 [Sequence]","Reverse","tr|A0A2R8YHI4|A0A2R8YHI4_HUMAN","2","115","Forward","162 [Sequence]","112","1.79e-27","43.827 [Alignment]"
"ENSPTRT00000087445.1","SLC1A3","793","1278","Forward","5:77618152-77623981 [Sequence]","Reverse","tr|A0A2R8YHI4|A0A2R8YHI4_HUMAN","2","115","Forward","162 [Sequence]","112","2.72e-27","43.827 [Alignment]"
"ENSPTRT00000080817.1","SLC1A7","1468","1854","Forward","1:52787809-52789688 [Sequence]","Reverse","tr|A0A2R8YHI4|A0A2R8YHI4_HUMAN","3","84","Forward","129 [Sequence]","110","2.24e-26","41.860 [Alignment]"
"ENSPTRT00000022303.4","SLC1A4","1594","1962","Forward","2A:66389745-66392621 [Sequence]","Forward","tr|A0A2R8YHI4|A0A2R8YHI4_HUMAN","2","79","Forward","123 [Sequence]","104","1.04e-24","38.211 [Alignment]"
"ENSPTRT00000097894.1","SLC1A3","640","1110","Forward","5:77618152-77627420 [Sequence]","Reverse","tr|A0A2R8YHI4|A0A2R8YHI4_HUMAN","7","115","Forward","157 [Sequence]","103","3.19e-24","42.038 [Alignment]"
"ENSPTRT00000087810.1","SLC1A6","970","1350","Forward","19:15898636-15902621 [Sequence]","Reverse","tr|A0A2R8YHI4|A0A2R8YHI4_HUMAN","2","83","Forward","127 [Sequence]","100","3.00e-23","43.307 [Alignment]"
"ENSPTRT00000019563.3","SLC1A6","1012","1392","Forward","19:15898636-15902621 [Sequence]","Reverse","tr|A0A2R8YHI4|A0A2R8YHI4_HUMAN","2","83","Forward","127 [Sequence]","99","4.03e-23","43.307 [Alignment]"
"ENSPTRT00000091078.1","SLC1A6","1015","1395","Forward","19:15898636-15902621 [Sequence]","Reverse","tr|A0A2R8YHI4|A0A2R8YHI4_HUMAN","2","83","Forward","127 [Sequence]","99","4.03e-23","43.307 [Alignment]"
"ENSPTRT00000086371.1","SLC1A6","1165","1545","Forward","19:15898636-15902621 [Sequence]","Reverse","tr|A0A2R8YHI4|A0A2R8YHI4_HUMAN","2","83","Forward","127 [Sequence]","99","4.13e-23","43.307 [Alignment]"
"ENSPTRT00000085844.1","SLC1A6","2255","2635","Forward","19:15898636-15902621 [Sequence]","Reverse","tr|A0A2R8YHI4|A0A2R8YHI4_HUMAN","2","83","Forward","127 [Sequence]","99","4.38e-23","43.307 [Alignment]"
"ENSPTRT00000001414.4","SLC1A7","853","1227","Forward","1:52787821-52789688 [Sequence]","Reverse","tr|A0A2R8YHI4|A0A2R8YHI4_HUMAN","3","82","Forward","125 [Sequence]","91.6","2.92e-20","41.600 [Alignment]"
"ENSPTRT00000094488.1","SLC1A4","175","543","Forward","2A:66389745-66392621 [Sequence]","Forward","tr|A0A2R8YHI4|A0A2R8YHI4_HUMAN","2","79","Forward","123 [Sequence]","89.1","1.48e-19","38.211 [Alignment]"
"ENSPTRT00000080204.1","SLC1A4","1051","1419","Forward","2A:66389745-66392621 [Sequence]","Forward","tr|A0A2R8YHI4|A0A2R8YHI4_HUMAN","2","79","Forward","123 [Sequence]","88.3","4.77e-19","38.211 [Alignment]"
"ENSPTRT00000020802.4","SLC1A5","1060","1218","Forward","19:48894613-48894771 [Sequence]","Reverse","tr|A0A2R8YHI4|A0A2R8YHI4_HUMAN","2","54","Forward","53 [Sequence]","68.6","1.45e-12","54.717 [Alignment]"
"ENSPTRT00000085836.1","SLC1A5","1740","1898","Forward","19:48894613-48894771 [Sequence]","Reverse","tr|A0A2R8YHI4|A0A2R8YHI4_HUMAN","2","54","Forward","53 [Sequence]","68.6","1.51e-12","54.717 [Alignment]"
"ENSPTRT00000104733.1","SLC1A5","487","645","Forward","19:48894613-48894771 [Sequence]","Reverse","tr|A0A2R8YHI4|A0A2R8YHI4_HUMAN","2","54","Forward","53 [Sequence]","68.2","1.62e-12","54.717 [Alignment]"
