"Subject name","Gene hit","Subject start","Subject end","Subject ori","Genomic Location","Orientation","Query name","Query start","Query end","Query ori","Length","Score","E-val","%ID"
"ENSNLET00000054650.1","SLC1A2","1144","1740","Forward","15:97230613-97267017 [Sequence]","Reverse","tr|A0A2R8YHI4|A0A2R8YHI4_HUMAN","2","155","Forward","199 [Sequence]","315","2.82e-99","76.884 [Alignment]"
"ENSNLET00000041986.1","SLC1A2","1718","2314","Forward","15:97230613-97267017 [Sequence]","Reverse","tr|A0A2R8YHI4|A0A2R8YHI4_HUMAN","2","155","Forward","199 [Sequence]","315","5.06e-98","76.884 [Alignment]"
"ENSNLET00000050156.1","SLC1A2","1099","1626","Forward","15:97235270-97267017 [Sequence]","Reverse","tr|A0A2R8YHI4|A0A2R8YHI4_HUMAN","2","132","Forward","176 [Sequence]","263","1.91e-80","73.864 [Alignment]"
"ENSNLET00000040490.1","SLC1A2","1144","1671","Forward","15:97235270-97267017 [Sequence]","Reverse","tr|A0A2R8YHI4|A0A2R8YHI4_HUMAN","2","132","Forward","176 [Sequence]","263","2.55e-80","73.864 [Alignment]"
"ENSNLET00000020528.2","SLC1A3","1606","1905","Forward","6:35216179-35221951 [Sequence]","Forward","tr|A0A2R8YHI4|A0A2R8YHI4_HUMAN","2","99","Forward","100 [Sequence]","160","6.61e-44","68.000 [Alignment]"
"ENSNLET00000035523.1","SLC1A3","1431","1865","Forward","6:35216179-35221951 [Sequence]","Forward","tr|A0A2R8YHI4|A0A2R8YHI4_HUMAN","2","99","Forward","145 [Sequence]","135","3.44e-35","46.207 [Alignment]"
"ENSNLET00000050937.1","SLC1A3","1468","1902","Forward","6:35216179-35221951 [Sequence]","Forward","tr|A0A2R8YHI4|A0A2R8YHI4_HUMAN","2","99","Forward","145 [Sequence]","133","8.07e-35","46.207 [Alignment]"
"ENSNLET00000035538.1","SLC1A3","1901","2335","Forward","6:35216179-35221951 [Sequence]","Forward","tr|A0A2R8YHI4|A0A2R8YHI4_HUMAN","2","99","Forward","145 [Sequence]","133","8.14e-35","46.207 [Alignment]"
"ENSNLET00000046933.1","ENSNLEG00000005164","970","1215","Forward","10:59550799-59554481 [Sequence]","Forward","tr|A0A2R8YHI4|A0A2R8YHI4_HUMAN","2","83","Forward","82 [Sequence]","123","2.59e-31","67.073 [Alignment]"
"ENSNLET00000044558.1","SLC1A3","1114","1599","Forward","6:35216179-35222002 [Sequence]","Forward","tr|A0A2R8YHI4|A0A2R8YHI4_HUMAN","2","115","Forward","162 [Sequence]","113","1.00e-27","43.827 [Alignment]"
"ENSNLET00000022959.2","SLC1A7","1036","1422","Forward","9:35932664-35934543 [Sequence]","Reverse","tr|A0A2R8YHI4|A0A2R8YHI4_HUMAN","3","84","Forward","129 [Sequence]","110","1.52e-26","41.860 [Alignment]"
"ENSNLET00000051853.1","SLC1A7","1429","1815","Forward","9:35932664-35934543 [Sequence]","Reverse","tr|A0A2R8YHI4|A0A2R8YHI4_HUMAN","3","84","Forward","129 [Sequence]","110","1.55e-26","41.860 [Alignment]"
"ENSNLET00000035611.1","SLC1A1","832","1239","Forward","1a:5461034-5469758 [Sequence]","Forward","tr|A0A2R8YHI4|A0A2R8YHI4_HUMAN","2","92","Forward","136 [Sequence]","107","9.19e-26","44.853 [Alignment]"
"ENSNLET00000012694.3","SLC1A4","1705","2073","Forward","14:33570516-33573400 [Sequence]","Forward","tr|A0A2R8YHI4|A0A2R8YHI4_HUMAN","2","79","Forward","123 [Sequence]","104","9.14e-25","38.211 [Alignment]"
"ENSNLET00000036200.1","SLC1A3","640","1110","Forward","6:35212755-35222002 [Sequence]","Forward","tr|A0A2R8YHI4|A0A2R8YHI4_HUMAN","7","115","Forward","157 [Sequence]","103","1.93e-24","42.038 [Alignment]"
"ENSNLET00000053869.1","SLC1A4","175","543","Forward","14:33570516-33573400 [Sequence]","Forward","tr|A0A2R8YHI4|A0A2R8YHI4_HUMAN","2","79","Forward","123 [Sequence]","89.1","9.67e-20","38.211 [Alignment]"
"ENSNLET00000035489.1","SLC1A4","1051","1419","Forward","14:33570516-33573400 [Sequence]","Forward","tr|A0A2R8YHI4|A0A2R8YHI4_HUMAN","2","79","Forward","123 [Sequence]","87.8","4.27e-19","38.211 [Alignment]"
