"Subject name","Gene hit","Subject start","Subject end","Subject ori","Genomic Location","Orientation","Query name","Query start","Query end","Query ori","Length","Score","E-val","%ID"
"ENSNLET00000041986.1","SLC1A2","593","1783","Forward","15:97266952-97393370 [Sequence]","Reverse","tr|A0A2R8Y4D1|A0A2R8Y4D1_HUMAN","1","397","Forward","397 [Sequence]","708","0.0","99.748 [Alignment]"
"ENSNLET00000040490.1","SLC1A2","19","1209","Forward","15:97266952-97299752 [Sequence]","Reverse","tr|A0A2R8Y4D1|A0A2R8Y4D1_HUMAN","2","397","Forward","397 [Sequence]","696","0.0","98.992 [Alignment]"
"ENSNLET00000054650.1","SLC1A2","19","1209","Forward","15:97266952-97299752 [Sequence]","Reverse","tr|A0A2R8Y4D1|A0A2R8Y4D1_HUMAN","2","397","Forward","397 [Sequence]","695","0.0","98.992 [Alignment]"
"ENSNLET00000050156.1","SLC1A2","1","1164","Forward","15:97266952-97297958 [Sequence]","Reverse","tr|A0A2R8Y4D1|A0A2R8Y4D1_HUMAN","10","397","Forward","388 [Sequence]","688","0.0","99.742 [Alignment]"
"ENSNLET00000047153.1","SLC1A2","1","573","Forward","15:97286757-97297958 [Sequence]","Reverse","tr|A0A2R8Y4D1|A0A2R8Y4D1_HUMAN","10","200","Forward","191 [Sequence]","296","4.38e-93","97.906 [Alignment]"
"ENSNLET00000035538.1","SLC1A3","905","1966","Forward","6:35143621-35216244 [Sequence]","Forward","tr|A0A2R8Y4D1|A0A2R8Y4D1_HUMAN","41","397","Forward","360 [Sequence]","263","7.73e-74","52.500 [Alignment]"
"ENSNLET00000020528.2","SLC1A3","610","1671","Forward","6:35143621-35216244 [Sequence]","Forward","tr|A0A2R8Y4D1|A0A2R8Y4D1_HUMAN","41","397","Forward","360 [Sequence]","263","8.72e-74","52.500 [Alignment]"
"ENSNLET00000050937.1","SLC1A3","673","1533","Forward","6:35206771-35216244 [Sequence]","Forward","tr|A0A2R8Y4D1|A0A2R8Y4D1_HUMAN","109","397","Forward","292 [Sequence]","253","1.85e-70","53.425 [Alignment]"
"ENSNLET00000035611.1","SLC1A1","7","897","Forward","1a:5428721-5461099 [Sequence]","Forward","tr|A0A2R8Y4D1|A0A2R8Y4D1_HUMAN","60","397","Forward","344 [Sequence]","231","1.85e-64","45.930 [Alignment]"
"ENSNLET00000044558.1","SLC1A3","133","1179","Forward","6:35143621-35216244 [Sequence]","Forward","tr|A0A2R8Y4D1|A0A2R8Y4D1_HUMAN","41","397","Forward","359 [Sequence]","230","1.30e-63","49.861 [Alignment]"
"ENSNLET00000022959.2","SLC1A7","397","1098","Forward","9:35934481-35974352 [Sequence]","Reverse","tr|A0A2R8Y4D1|A0A2R8Y4D1_HUMAN","173","397","Forward","236 [Sequence]","189","2.31e-49","46.186 [Alignment]"
"ENSNLET00000051853.1","SLC1A7","217","1212","Forward","9:35936333-35982743 [Sequence]","Reverse","tr|A0A2R8Y4D1|A0A2R8Y4D1_HUMAN","39","363","Forward","336 [Sequence]","186","1.82e-48","43.452 [Alignment]"
"ENSNLET00000012694.3","SLC1A4","736","1770","Forward","14:33542457-33570581 [Sequence]","Forward","tr|A0A2R8Y4D1|A0A2R8Y4D1_HUMAN","36","397","Forward","368 [Sequence]","184","9.53e-48","42.935 [Alignment]"
"ENSNLET00000035489.1","SLC1A4","100","1116","Forward","14:33542457-33570581 [Sequence]","Forward","tr|A0A2R8Y4D1|A0A2R8Y4D1_HUMAN","36","397","Forward","368 [Sequence]","164","1.16e-41","40.761 [Alignment]"
"ENSNLET00000035523.1","SLC1A3","1155","1496","Forward","6:35206954-35216244 [Sequence]","Forward","tr|A0A2R8Y4D1|A0A2R8Y4D1_HUMAN","284","397","Forward","114 [Sequence]","141","3.81e-34","64.912 [Alignment]"
"ENSNLET00000006570.2","ENSNLEG00000005164","1336","2115","Forward","10:59533058-59543670 [Sequence]","Forward","tr|A0A2R8Y4D1|A0A2R8Y4D1_HUMAN","41","286","Forward","266 [Sequence]","128","4.56e-30","40.226 [Alignment]"
"ENSNLET00000046933.1","ENSNLEG00000005164","157","978","Forward","10:59533058-59550807 [Sequence]","Forward","tr|A0A2R8Y4D1|A0A2R8Y4D1_HUMAN","41","298","Forward","280 [Sequence]","125","2.24e-29","38.929 [Alignment]"
"ENSNLET00000039698.1","ENSNLEG00000029695","361","831","Forward","17:93073190-93082696 [Sequence]","Reverse","tr|A0A2R8Y4D1|A0A2R8Y4D1_HUMAN","109","287","Forward","184 [Sequence]","94.1","1.59e-19","36.957 [Alignment]"
"ENSNLET00000036200.1","SLC1A3","133","657","Forward","6:35143621-35216211 [Sequence]","Forward","tr|A0A2R8Y4D1|A0A2R8Y4D1_HUMAN","41","220","Forward","180 [Sequence]","82.4","5.99e-16","49.444 [Alignment]"
"ENSNLET00000046933.1","ENSNLEG00000005164","883","1035","Forward","10:59543617-59550864 [Sequence]","Forward","tr|A0A2R8Y4D1|A0A2R8Y4D1_HUMAN","347","397","Forward","51 [Sequence]","68.2","1.63e-11","56.863 [Alignment]"
"ENSNLET00000047906.1","SLC1A7","217","618","Forward","9:35945754-35982743 [Sequence]","Reverse","tr|A0A2R8Y4D1|A0A2R8Y4D1_HUMAN","39","174","Forward","136 [Sequence]","57.7","2.78e-08","43.382 [Alignment]"
"ENSNLET00000051853.1","SLC1A7","1363","1491","Forward","9:35934481-35934609 [Sequence]","Reverse","tr|A0A2R8Y4D1|A0A2R8Y4D1_HUMAN","355","397","Forward","43 [Sequence]","57.7","2.84e-08","58.140 [Alignment]"
"ENSNLET00000053869.1","SLC1A4","88","240","Forward","14:33563087-33570581 [Sequence]","Forward","tr|A0A2R8Y4D1|A0A2R8Y4D1_HUMAN","347","397","Forward","51 [Sequence]","54.4","1.95e-07","43.137 [Alignment]"
"ENSNLET00000035523.1","SLC1A3","771","1163","Forward","6:35143621-35215387 [Sequence]","Forward","tr|A0A2R8Y4D1|A0A2R8Y4D1_HUMAN","41","173","Forward","133 [Sequence]","51.0","3.59e-06","51.880 [Alignment]"
"ENSNLET00000053869.1","SLC1A4","1","153","Forward","14:33563000-33570494 [Sequence]","Forward","tr|A0A2R8Y4D1|A0A2R8Y4D1_HUMAN","240","290","Forward","51 [Sequence]","46.8","4.80e-05","43.137 [Alignment]"
