"Subject name","Gene hit","Subject start","Subject end","Subject ori","Genomic Location","Orientation","Query name","Query start","Query end","Query ori","Length","Score","E-val","%ID"
"ENSPPYT00000004001.3","SLC1A2","1","1191","Forward","11:31374985-31509771 [Sequence]","Forward","tr|A0A2R8Y4D1|A0A2R8Y4D1_HUMAN","1","397","Forward","397 [Sequence]","708","0.0","99.748 [Alignment]"
"ENSPPYT00000037016.1","SLC1A2","1","1191","Forward","11:31374985-31509771 [Sequence]","Forward","tr|A0A2R8Y4D1|A0A2R8Y4D1_HUMAN","1","397","Forward","397 [Sequence]","708","0.0","99.748 [Alignment]"
"ENSPPYT00000056419.1","SLC1A2","1","1191","Forward","11:31374985-31509771 [Sequence]","Forward","tr|A0A2R8Y4D1|A0A2R8Y4D1_HUMAN","1","397","Forward","397 [Sequence]","707","0.0","99.748 [Alignment]"
"ENSPPYT00000046941.1","SLC1A2","116","1291","Forward","11:31374044-31509771 [Sequence]","Forward","tr|A0A2R8Y4D1|A0A2R8Y4D1_HUMAN","6","397","Forward","392 [Sequence]","698","0.0","99.745 [Alignment]"
"ENSPPYT00000053916.1","SLC1A2","124","1302","Forward","11:31474306-31509771 [Sequence]","Forward","tr|A0A2R8Y4D1|A0A2R8Y4D1_HUMAN","5","397","Forward","393 [Sequence]","696","0.0","99.237 [Alignment]"
"ENSPPYT00000004002.2","SLC1A2","10","1182","Forward","11:31479355-31509771 [Sequence]","Forward","tr|A0A2R8Y4D1|A0A2R8Y4D1_HUMAN","7","397","Forward","391 [Sequence]","696","0.0","99.744 [Alignment]"
"ENSPPYT00000042940.1","SLC1A2","34","1206","Forward","11:31479355-31509771 [Sequence]","Forward","tr|A0A2R8Y4D1|A0A2R8Y4D1_HUMAN","7","397","Forward","391 [Sequence]","695","0.0","99.744 [Alignment]"
"ENSPPYT00000055645.1","SLC1A2","1","891","Forward","11:31374985-31509705 [Sequence]","Forward","tr|A0A2R8Y4D1|A0A2R8Y4D1_HUMAN","1","295","Forward","297 [Sequence]","502","1.02e-164","96.633 [Alignment]"
"ENSPPYT00000022437.3","SLC1A1","107","1162","Forward","9:36547433-36628589 [Sequence]","Reverse","tr|A0A2R8Y4D1|A0A2R8Y4D1_HUMAN","41","397","Forward","363 [Sequence]","288","1.36e-83","52.617 [Alignment]"
"ENSPPYT00000041835.1","SLC1A3","398","1459","Forward","5:36895507-36968307 [Sequence]","Forward","tr|A0A2R8Y4D1|A0A2R8Y4D1_HUMAN","41","397","Forward","360 [Sequence]","263","1.20e-74","52.500 [Alignment]"
"ENSPPYT00000017907.3","SLC1A3","349","1410","Forward","5:36895507-36968307 [Sequence]","Forward","tr|A0A2R8Y4D1|A0A2R8Y4D1_HUMAN","41","397","Forward","360 [Sequence]","263","5.72e-74","52.500 [Alignment]"
"ENSPPYT00000040490.1","SLC1A6","70","1269","Forward","19:15106353-15125413 [Sequence]","Reverse","tr|A0A2R8Y4D1|A0A2R8Y4D1_HUMAN","8","397","Forward","408 [Sequence]","262","6.63e-74","44.363 [Alignment]"
"ENSPPYT00000053469.1","SLC1A3","196","1056","Forward","5:36958898-36968307 [Sequence]","Forward","tr|A0A2R8Y4D1|A0A2R8Y4D1_HUMAN","109","397","Forward","292 [Sequence]","253","1.12e-70","53.425 [Alignment]"
"ENSPPYT00000057048.1","SLC1A6","355","1077","Forward","19:15106353-15124302 [Sequence]","Reverse","tr|A0A2R8Y4D1|A0A2R8Y4D1_HUMAN","173","397","Forward","243 [Sequence]","209","1.82e-56","48.560 [Alignment]"
"ENSPPYT00000001605.2","SLC1A7","34","1308","Forward","1:174497958-174550707 [Sequence]","Forward","tr|A0A2R8Y4D1|A0A2R8Y4D1_HUMAN","39","397","Forward","429 [Sequence]","191","2.81e-50","39.161 [Alignment]"
"ENSPPYT00000035527.1","SLC1A7","214","915","Forward","1:174505895-174550707 [Sequence]","Forward","tr|A0A2R8Y4D1|A0A2R8Y4D1_HUMAN","173","397","Forward","236 [Sequence]","188","1.69e-49","46.186 [Alignment]"
"ENSPPYT00000011806.3","SLC1A5","1194","1994","Forward","19:45069110-45079229 [Sequence]","Reverse","tr|A0A2R8Y4D1|A0A2R8Y4D1_HUMAN","109","397","Forward","294 [Sequence]","188","4.26e-49","40.816 [Alignment]"
"ENSPPYT00000046673.1","SLC1A4","214","1134","Forward","2A:43573604-43601926 [Sequence]","Reverse","tr|A0A2R8Y4D1|A0A2R8Y4D1_HUMAN","75","397","Forward","329 [Sequence]","181","6.55e-47","43.465 [Alignment]"
"ENSPPYT00000042890.1","SLC1A3","733","1074","Forward","5:36959081-36968307 [Sequence]","Forward","tr|A0A2R8Y4D1|A0A2R8Y4D1_HUMAN","284","397","Forward","114 [Sequence]","141","4.09e-34","64.912 [Alignment]"
"ENSPPYT00000011252.3","SLC1A6","157","969","Forward","19:15106419-15125326 [Sequence]","Reverse","tr|A0A2R8Y4D1|A0A2R8Y4D1_HUMAN","41","295","Forward","275 [Sequence]","125","4.02e-29","38.909 [Alignment]"
"ENSPPYT00000055645.1","SLC1A2","859","957","Forward","11:31509673-31509771 [Sequence]","Forward","tr|A0A2R8Y4D1|A0A2R8Y4D1_HUMAN","365","397","Forward","33 [Sequence]","75.3","1.20e-13","100.000 [Alignment]"
"ENSPPYT00000011252.3","SLC1A6","883","1035","Forward","19:15106353-15114655 [Sequence]","Reverse","tr|A0A2R8Y4D1|A0A2R8Y4D1_HUMAN","347","397","Forward","51 [Sequence]","67.7","2.66e-11","56.863 [Alignment]"
"ENSPPYT00000042410.1","SLC1A7","34","435","Forward","1:174497958-174531542 [Sequence]","Forward","tr|A0A2R8Y4D1|A0A2R8Y4D1_HUMAN","39","174","Forward","136 [Sequence]","57.3","1.62e-08","43.382 [Alignment]"
"ENSPPYT00000045603.1","SLC1A4","88","240","Forward","2A:43573604-43581078 [Sequence]","Reverse","tr|A0A2R8Y4D1|A0A2R8Y4D1_HUMAN","347","397","Forward","51 [Sequence]","54.4","3.18e-07","43.137 [Alignment]"
"ENSPPYT00000042890.1","SLC1A3","349","741","Forward","5:36895507-36967440 [Sequence]","Forward","tr|A0A2R8Y4D1|A0A2R8Y4D1_HUMAN","41","173","Forward","133 [Sequence]","51.9","2.17e-06","51.880 [Alignment]"
"ENSPPYT00000045603.1","SLC1A4","1","153","Forward","2A:43573691-43581165 [Sequence]","Reverse","tr|A0A2R8Y4D1|A0A2R8Y4D1_HUMAN","240","290","Forward","51 [Sequence]","46.8","7.34e-05","43.137 [Alignment]"
