"Subject name","Gene hit","Subject start","Subject end","Subject ori","Genomic Location","Orientation","Query name","Query start","Query end","Query ori","Length","Score","E-val","%ID"
"ENSMUST00000111213.8","Slc1a2","5","1192","Forward","2:102489630-102591459 [Sequence]","Forward","tr|A0A2R8Y4D1|A0A2R8Y4D1_HUMAN","1","397","Forward","397 [Sequence]","670","0.0","94.710 [Alignment]"
"ENSMUST00000080210.10","Slc1a2","627","1814","Forward","2:102489630-102591459 [Sequence]","Forward","tr|A0A2R8Y4D1|A0A2R8Y4D1_HUMAN","1","397","Forward","397 [Sequence]","669","0.0","94.710 [Alignment]"
"ENSMUST00000111212.8","Slc1a2","48","1217","Forward","2:102566290-102591459 [Sequence]","Forward","tr|A0A2R8Y4D1|A0A2R8Y4D1_HUMAN","7","397","Forward","391 [Sequence]","658","0.0","94.629 [Alignment]"
"ENSMUST00000005220.11","Slc1a2","48","1217","Forward","2:102566290-102591459 [Sequence]","Forward","tr|A0A2R8Y4D1|A0A2R8Y4D1_HUMAN","7","397","Forward","391 [Sequence]","658","0.0","94.629 [Alignment]"
"ENSMUST00000161119.8","Slc1a1","264","1202","Forward","19:28856478-28882832 [Sequence]","Forward","tr|A0A2R8Y4D1|A0A2R8Y4D1_HUMAN","79","397","Forward","320 [Sequence]","276","1.05e-78","55.625 [Alignment]"
"ENSMUST00000025875.5","Slc1a1","325","1263","Forward","19:28856478-28882832 [Sequence]","Forward","tr|A0A2R8Y4D1|A0A2R8Y4D1_HUMAN","79","397","Forward","319 [Sequence]","276","5.77e-78","55.486 [Alignment]"
"ENSMUST00000005493.14","Slc1a3","656","1717","Forward","15:8671761-8738094 [Sequence]","Reverse","tr|A0A2R8Y4D1|A0A2R8Y4D1_HUMAN","41","397","Forward","360 [Sequence]","266","1.57e-74","52.778 [Alignment]"
"ENSMUST00000005490.10","Slc1a6","341","1453","Forward","10:78623750-78637735 [Sequence]","Forward","tr|A0A2R8Y4D1|A0A2R8Y4D1_HUMAN","41","397","Forward","373 [Sequence]","261","4.76e-73","46.381 [Alignment]"
"ENSMUST00000123759.8","Slc1a2","25","510","Forward","2:102536725-102570221 [Sequence]","Forward","tr|A0A2R8Y4D1|A0A2R8Y4D1_HUMAN","5","166","Forward","162 [Sequence]","229","2.97e-68","95.062 [Alignment]"
"ENSMUST00000160702.8","Slc1a1","1369","2211","Forward","19:28871781-28882832 [Sequence]","Forward","tr|A0A2R8Y4D1|A0A2R8Y4D1_HUMAN","112","397","Forward","288 [Sequence]","242","1.14e-66","51.042 [Alignment]"
"ENSMUST00000238795.2","Slc1a7","291","1370","Forward","4:107825821-107866975 [Sequence]","Forward","tr|A0A2R8Y4D1|A0A2R8Y4D1_HUMAN","44","397","Forward","365 [Sequence]","232","4.48e-63","46.575 [Alignment]"
"ENSMUST00000106713.5","Slc1a7","293","1372","Forward","4:107825821-107866975 [Sequence]","Forward","tr|A0A2R8Y4D1|A0A2R8Y4D1_HUMAN","44","397","Forward","365 [Sequence]","232","4.48e-63","46.575 [Alignment]"
"ENSMUST00000162189.2","Slc1a1","290","946","Forward","19:28873482-28882832 [Sequence]","Forward","tr|A0A2R8Y4D1|A0A2R8Y4D1_HUMAN","173","397","Forward","226 [Sequence]","220","1.78e-59","55.310 [Alignment]"
"ENSMUST00000125997.2","Slc1a3","1914","2591","Forward","15:8671761-8679077 [Sequence]","Reverse","tr|A0A2R8Y4D1|A0A2R8Y4D1_HUMAN","171","397","Forward","230 [Sequence]","220","4.33e-59","53.478 [Alignment]"
"ENSMUST00000136488.2","Slc1a2","2","334","Forward","2:102586253-102591459 [Sequence]","Forward","tr|A0A2R8Y4D1|A0A2R8Y4D1_HUMAN","287","397","Forward","111 [Sequence]","201","3.14e-57","97.297 [Alignment]"
"ENSMUST00000108496.9","Slc1a5","637","1761","Forward","7:16515901-16529782 [Sequence]","Forward","tr|A0A2R8Y4D1|A0A2R8Y4D1_HUMAN","23","397","Forward","398 [Sequence]","191","1.32e-49","38.442 [Alignment]"
"ENSMUST00000127401.8","Slc1a5","609","1733","Forward","7:16515901-16529782 [Sequence]","Forward","tr|A0A2R8Y4D1|A0A2R8Y4D1_HUMAN","23","397","Forward","398 [Sequence]","191","1.38e-49","38.442 [Alignment]"
"ENSMUST00000004634.7","Slc1a4","312","1346","Forward","11:20257987-20282373 [Sequence]","Reverse","tr|A0A2R8Y4D1|A0A2R8Y4D1_HUMAN","36","397","Forward","368 [Sequence]","185","7.52e-48","40.761 [Alignment]"
"ENSMUST00000109594.8","Slc1a4","341","1375","Forward","11:20257987-20282373 [Sequence]","Reverse","tr|A0A2R8Y4D1|A0A2R8Y4D1_HUMAN","36","397","Forward","368 [Sequence]","185","7.55e-48","40.761 [Alignment]"
"ENSMUST00000128879.2","Slc1a3","116","448","Forward","15:8671761-8672616 [Sequence]","Reverse","tr|A0A2R8Y4D1|A0A2R8Y4D1_HUMAN","287","397","Forward","111 [Sequence]","141","1.22e-36","66.667 [Alignment]"
"ENSMUST00000141349.2","Slc1a5","457","804","Forward","7:16527558-16529782 [Sequence]","Forward","tr|A0A2R8Y4D1|A0A2R8Y4D1_HUMAN","282","397","Forward","116 [Sequence]","99","3.20e-21","45.690 [Alignment]"
"ENSMUST00000134407.2","Slc1a5","50","382","Forward","7:16527573-16529782 [Sequence]","Forward","tr|A0A2R8Y4D1|A0A2R8Y4D1_HUMAN","287","397","Forward","111 [Sequence]","97.0","6.65e-21","46.847 [Alignment]"
"ENSMUST00000135817.3","Slc1a5","67","414","Forward","7:16519602-16527629 [Sequence]","Forward","tr|A0A2R8Y4D1|A0A2R8Y4D1_HUMAN","174","305","Forward","133 [Sequence]","86.2","4.62e-18","36.090 [Alignment]"
"ENSMUST00000147814.2","Slc1a5","558","803","Forward","7:16523717-16527671 [Sequence]","Forward","tr|A0A2R8Y4D1|A0A2R8Y4D1_HUMAN","238","319","Forward","82 [Sequence]","77.8","3.35e-14","43.902 [Alignment]"
"ENSMUST00000175647.8","Spata6l","1453","1692","Reverse","19:28878788-28879027 [Sequence]","Reverse","tr|A0A2R8Y4D1|A0A2R8Y4D1_HUMAN","203","286","Forward","84 [Sequence]","68.6","3.23e-11","41.667 [Alignment]"
"ENSMUST00000217717.2","Slc1a6","278","583","Forward","10:78623750-78627117 [Sequence]","Forward","tr|A0A2R8Y4D1|A0A2R8Y4D1_HUMAN","41","143","Forward","103 [Sequence]","53.1","1.30e-06","48.544 [Alignment]"
"ENSMUST00000125997.2","Slc1a3","468","680","Forward","15:8680311-8680523 [Sequence]","Reverse","tr|A0A2R8Y4D1|A0A2R8Y4D1_HUMAN","109","180","Forward","72 [Sequence]","43.9","0.001","51.389 [Alignment]"
"ENSMUST00000206444.2","Slc1a5","53","130","Forward","7:16516375-16520282 [Sequence]","Forward","tr|A0A2R8Y4D1|A0A2R8Y4D1_HUMAN","165","190","Forward","26 [Sequence]","39.3","0.018","61.538 [Alignment]"
