"Subject name","Gene hit","Subject start","Subject end","Subject ori","Genomic Location","Orientation","Query name","Query start","Query end","Query ori","Length","Score","E-val","%ID"
"ENSGGOT00000056432.1","SLC1A2","1","1722","Forward","11:35402839-35559400 [Sequence]","Reverse","sp|P43004|EAA2_HUMAN","1","574","Forward","574 [Sequence]","1094","0.0","100.000 [Alignment]"
"ENSGGOT00000063591.1","SLC1A2","4","1731","Forward","11:35402839-35463980 [Sequence]","Reverse","sp|P43004|EAA2_HUMAN","2","574","Forward","576 [Sequence]","1083","0.0","99.306 [Alignment]"
"ENSGGOT00000054270.1","SLC1A2","109","1818","Forward","11:35402839-35464407 [Sequence]","Reverse","sp|P43004|EAA2_HUMAN","5","574","Forward","570 [Sequence]","1079","0.0","99.649 [Alignment]"
"ENSGGOT00000067669.1","SLC1A2","4","1662","Forward","11:35407488-35463980 [Sequence]","Reverse","sp|P43004|EAA2_HUMAN","2","551","Forward","553 [Sequence]","1032","0.0","99.277 [Alignment]"
"ENSGGOT00000048601.1","SLC1A2","1","1626","Forward","11:35407488-35459346 [Sequence]","Reverse","sp|P43004|EAA2_HUMAN","10","551","Forward","542 [Sequence]","1021","0.0","100.000 [Alignment]"
"ENSGGOT00000000265.3","SLC1A1","426","1859","Forward","9:45399287-45515217 [Sequence]","Reverse","sp|P43004|EAA2_HUMAN","29","511","Forward","489 [Sequence]","445","4.26e-132","54.601 [Alignment]"
"ENSGGOT00000049873.1","SLC1A3","196","1476","Forward","17:58647799-58663161 [Sequence]","Reverse","sp|P43004|EAA2_HUMAN","109","534","Forward","434 [Sequence]","418","4.71e-129","55.300 [Alignment]"
"ENSGGOT00000004685.3","SLC1A3","609","2090","Forward","17:58647799-58725661 [Sequence]","Reverse","sp|P43004|EAA2_HUMAN","41","534","Forward","502 [Sequence]","428","3.33e-126","54.382 [Alignment]"
"ENSGGOT00000058186.1","SLC1A1","43","1428","Forward","9:45399287-45515181 [Sequence]","Reverse","sp|P43004|EAA2_HUMAN","41","511","Forward","471 [Sequence]","409","2.46e-125","53.079 [Alignment]"
"ENSGGOT00000052635.1","SLC1A3","133","1599","Forward","17:58647799-58725661 [Sequence]","Reverse","sp|P43004|EAA2_HUMAN","41","534","Forward","502 [Sequence]","397","2.77e-120","52.590 [Alignment]"
"ENSGGOT00000026438.2","SLC1A7","217","1626","Forward","1:53690639-53749130 [Sequence]","Reverse","sp|P43004|EAA2_HUMAN","39","501","Forward","475 [Sequence]","389","1.76e-113","50.316 [Alignment]"
"ENSGGOT00000005676.3","SLC1A7","34","1365","Forward","1:53691512-53749130 [Sequence]","Reverse","sp|P43004|EAA2_HUMAN","39","475","Forward","449 [Sequence]","357","7.11e-106","50.557 [Alignment]"
"ENSGGOT00000047992.1","SLC1A3","133","1479","Forward","17:58647799-58725661 [Sequence]","Reverse","sp|P43004|EAA2_HUMAN","41","534","Forward","502 [Sequence]","335","1.28e-98","48.008 [Alignment]"
"ENSGGOT00000048985.1","SLC1A7","397","1410","Forward","1:53690639-53740962 [Sequence]","Reverse","sp|P43004|EAA2_HUMAN","173","501","Forward","341 [Sequence]","336","1.02e-95","52.199 [Alignment]"
"ENSGGOT00000013495.3","SLC1A6","157","1524","Forward","19:14734428-14757630 [Sequence]","Reverse","sp|P43004|EAA2_HUMAN","41","507","Forward","487 [Sequence]","320","1.10e-92","45.175 [Alignment]"
"ENSGGOT00000045834.1","SLC1A3","517","1278","Forward","17:58647799-58662978 [Sequence]","Reverse","sp|P43004|EAA2_HUMAN","284","534","Forward","254 [Sequence]","305","6.86e-89","61.811 [Alignment]"
"ENSGGOT00000011255.3","SLC1A4","462","1799","Forward","2A:41864539-41895737 [Sequence]","Reverse","sp|P43004|EAA2_HUMAN","36","498","Forward","469 [Sequence]","307","1.03e-85","45.629 [Alignment]"
"ENSGGOT00000008831.3","SLC1A5","873","2270","Forward","19:46023036-46035281 [Sequence]","Reverse","sp|P43004|EAA2_HUMAN","61","546","Forward","497 [Sequence]","294","1.35e-81","40.845 [Alignment]"
"ENSGGOT00000029492.2","SLC1A6","355","1272","Forward","19:14734428-14756616 [Sequence]","Reverse","sp|P43004|EAA2_HUMAN","173","507","Forward","353 [Sequence]","272","1.05e-76","44.476 [Alignment]"
"ENSGGOT00000064242.1","SLC1A5","40","939","Forward","19:46023114-46031634 [Sequence]","Reverse","sp|P43004|EAA2_HUMAN","226","531","Forward","306 [Sequence]","262","4.76e-75","46.078 [Alignment]"
"ENSGGOT00000060461.1","SLC1A5","358","1590","Forward","19:46023036-46035149 [Sequence]","Reverse","sp|P43004|EAA2_HUMAN","109","546","Forward","449 [Sequence]","266","7.47e-74","38.753 [Alignment]"
"ENSGGOT00000066942.1","SLC1A4","607","1425","Forward","2A:41864539-41874903 [Sequence]","Reverse","sp|P43004|EAA2_HUMAN","238","498","Forward","273 [Sequence]","257","1.05e-70","49.451 [Alignment]"
"ENSGGOT00000067699.1","SLC1A7","1180","1620","Forward","1:53690639-53692572 [Sequence]","Reverse","sp|P43004|EAA2_HUMAN","355","501","Forward","147 [Sequence]","204","3.20e-53","63.265 [Alignment]"
"ENSGGOT00000057874.1","SLC1A3","640","1110","Forward","17:58647799-58657064 [Sequence]","Reverse","sp|P43004|EAA2_HUMAN","381","534","Forward","157 [Sequence]","199","4.74e-53","62.420 [Alignment]"
"ENSGGOT00000067699.1","SLC1A7","34","1029","Forward","1:53694294-53749130 [Sequence]","Reverse","sp|P43004|EAA2_HUMAN","39","363","Forward","337 [Sequence]","188","2.91e-48","43.620 [Alignment]"
"ENSGGOT00000060326.1","SLC1A4","88","543","Forward","2A:41864539-41874810 [Sequence]","Reverse","sp|P43004|EAA2_HUMAN","347","498","Forward","152 [Sequence]","177","1.39e-47","51.316 [Alignment]"
"ENSGGOT00000057293.1","SLC1A6","883","1230","Forward","19:14734428-14746940 [Sequence]","Reverse","sp|P43004|EAA2_HUMAN","347","507","Forward","161 [Sequence]","128","6.57e-30","42.236 [Alignment]"
"ENSGGOT00000057293.1","SLC1A6","157","969","Forward","19:14739087-14757630 [Sequence]","Reverse","sp|P43004|EAA2_HUMAN","41","295","Forward","277 [Sequence]","127","1.17e-29","39.350 [Alignment]"
"ENSGGOT00000057874.1","SLC1A3","133","660","Forward","17:58653590-58725661 [Sequence]","Reverse","sp|P43004|EAA2_HUMAN","41","221","Forward","181 [Sequence]","85.3","1.23e-16","49.171 [Alignment]"
"ENSGGOT00000049408.1","SLC1A7","217","618","Forward","1:53715258-53749130 [Sequence]","Reverse","sp|P43004|EAA2_HUMAN","39","174","Forward","136 [Sequence]","57.3","7.27e-08","43.382 [Alignment]"
"ENSGGOT00000045834.1","SLC1A3","133","525","Forward","17:58654427-58725661 [Sequence]","Reverse","sp|P43004|EAA2_HUMAN","41","173","Forward","133 [Sequence]","52.7","1.95e-06","51.880 [Alignment]"
"ENSGGOT00000060326.1","SLC1A4","1","153","Forward","2A:41867435-41874897 [Sequence]","Reverse","sp|P43004|EAA2_HUMAN","240","290","Forward","51 [Sequence]","46.8","8.99e-05","43.137 [Alignment]"
