"Subject name","Gene hit","Subject start","Subject end","Subject ori","Genomic Location","Orientation","Query name","Query start","Query end","Query ori","Length","Score","E-val","%ID"
"ENSPTRT00000079961.1","SLC1A2","597","2318","Forward","11:35359721-35516067 [Sequence]","Reverse","sp|P43004|EAA2_HUMAN","1","574","Forward","574 [Sequence]","1094","0.0","100.000 [Alignment]"
"ENSPTRT00000089959.1","SLC1A2","7","1722","Forward","11:35359721-35419289 [Sequence]","Reverse","sp|P43004|EAA2_HUMAN","3","574","Forward","572 [Sequence]","1086","0.0","99.825 [Alignment]"
"ENSPTRT00000087129.1","SLC1A2","110","1819","Forward","11:35359721-35421149 [Sequence]","Reverse","sp|P43004|EAA2_HUMAN","5","574","Forward","570 [Sequence]","1080","0.0","99.649 [Alignment]"
"ENSPTRT00000106634.1","SLC1A2","7","1653","Forward","11:35364354-35419289 [Sequence]","Reverse","sp|P43004|EAA2_HUMAN","3","551","Forward","549 [Sequence]","1035","0.0","99.818 [Alignment]"
"ENSPTRT00000006599.5","SLC1A2","1","1626","Forward","11:35364354-35416089 [Sequence]","Reverse","sp|P43004|EAA2_HUMAN","10","551","Forward","542 [Sequence]","1021","0.0","100.000 [Alignment]"
"ENSPTRT00000056719.3","SLC1A1","290","1687","Forward","9:4527747-4623088 [Sequence]","Forward","sp|P43004|EAA2_HUMAN","41","511","Forward","477 [Sequence]","442","8.52e-131","55.136 [Alignment]"
"ENSPTRT00000080433.1","SLC1A3","196","1476","Forward","5:77618152-77633343 [Sequence]","Reverse","sp|P43004|EAA2_HUMAN","109","534","Forward","432 [Sequence]","418","4.96e-129","55.324 [Alignment]"
"ENSPTRT00000078486.1","SLC1A3","859","2340","Forward","5:77618152-77695892 [Sequence]","Reverse","sp|P43004|EAA2_HUMAN","41","534","Forward","500 [Sequence]","428","2.79e-126","54.400 [Alignment]"
"ENSPTRT00000085844.1","SLC1A6","1208","2650","Forward","19:15898621-15921111 [Sequence]","Reverse","sp|P43004|EAA2_HUMAN","41","507","Forward","487 [Sequence]","415","2.22e-122","51.540 [Alignment]"
"ENSPTRT00000085288.1","SLC1A3","133","1599","Forward","5:77618152-77695892 [Sequence]","Reverse","sp|P43004|EAA2_HUMAN","41","534","Forward","499 [Sequence]","395","9.94e-120","52.505 [Alignment]"
"ENSPTRT00000086371.1","SLC1A6","157","1560","Forward","19:15898621-15921111 [Sequence]","Reverse","sp|P43004|EAA2_HUMAN","41","507","Forward","472 [Sequence]","388","6.67e-117","50.212 [Alignment]"
"ENSPTRT00000019563.3","SLC1A6","355","1407","Forward","19:15898621-15920096 [Sequence]","Reverse","sp|P43004|EAA2_HUMAN","173","507","Forward","353 [Sequence]","363","1.94e-108","53.541 [Alignment]"
"ENSPTRT00000091078.1","SLC1A6","484","1410","Forward","19:15898621-15910610 [Sequence]","Reverse","sp|P43004|EAA2_HUMAN","199","507","Forward","311 [Sequence]","343","2.66e-101","56.270 [Alignment]"
"ENSPTRT00000001414.4","SLC1A7","214","1227","Forward","1:52787821-52832968 [Sequence]","Reverse","sp|P43004|EAA2_HUMAN","173","501","Forward","341 [Sequence]","335","7.19e-99","52.199 [Alignment]"
"ENSPTRT00000031187.3","SLC1A3","608","1954","Forward","5:77618152-77695892 [Sequence]","Reverse","sp|P43004|EAA2_HUMAN","41","534","Forward","500 [Sequence]","336","2.45e-95","48.000 [Alignment]"
"ENSPTRT00000091723.1","SLC1A2","1","573","Forward","11:35404805-35416089 [Sequence]","Reverse","sp|P43004|EAA2_HUMAN","10","200","Forward","191 [Sequence]","300","6.45e-92","98.429 [Alignment]"
"ENSPTRT00000087445.1","SLC1A3","517","1278","Forward","5:77618152-77633160 [Sequence]","Reverse","sp|P43004|EAA2_HUMAN","284","534","Forward","254 [Sequence]","305","8.46e-89","61.811 [Alignment]"
"ENSPTRT00000022303.4","SLC1A4","625","1962","Forward","2A:66359371-66392621 [Sequence]","Forward","sp|P43004|EAA2_HUMAN","36","498","Forward","469 [Sequence]","306","2.12e-85","45.629 [Alignment]"
"ENSPTRT00000085836.1","SLC1A5","1005","2270","Forward","19:48892820-48905109 [Sequence]","Reverse","sp|P43004|EAA2_HUMAN","109","546","Forward","449 [Sequence]","293","1.79e-81","40.535 [Alignment]"
"ENSPTRT00000080204.1","SLC1A4","100","1419","Forward","2A:66359371-66392621 [Sequence]","Forward","sp|P43004|EAA2_HUMAN","36","498","Forward","469 [Sequence]","286","9.51e-81","43.923 [Alignment]"
"ENSPTRT00000104733.1","SLC1A5","40","939","Forward","19:48892898-48901588 [Sequence]","Reverse","sp|P43004|EAA2_HUMAN","226","531","Forward","306 [Sequence]","262","5.86e-75","46.078 [Alignment]"
"ENSPTRT00000020802.4","SLC1A5","358","1590","Forward","19:48892820-48905109 [Sequence]","Reverse","sp|P43004|EAA2_HUMAN","109","546","Forward","449 [Sequence]","266","9.59e-74","38.753 [Alignment]"
"ENSPTRT00000087810.1","SLC1A6","883","1365","Forward","19:15898621-15910400 [Sequence]","Reverse","sp|P43004|EAA2_HUMAN","347","507","Forward","161 [Sequence]","221","3.69e-59","62.733 [Alignment]"
"ENSPTRT00000097894.1","SLC1A3","532","1110","Forward","5:77618152-77630317 [Sequence]","Reverse","sp|P43004|EAA2_HUMAN","347","534","Forward","193 [Sequence]","199","4.84e-53","53.886 [Alignment]"
"ENSPTRT00000080817.1","SLC1A7","1402","1842","Forward","1:52787821-52789754 [Sequence]","Reverse","sp|P43004|EAA2_HUMAN","355","501","Forward","147 [Sequence]","204","6.03e-53","63.265 [Alignment]"
"ENSPTRT00000080817.1","SLC1A7","256","1251","Forward","1:52791475-52841031 [Sequence]","Reverse","sp|P43004|EAA2_HUMAN","39","363","Forward","337 [Sequence]","189","3.99e-48","43.620 [Alignment]"
"ENSPTRT00000094488.1","SLC1A4","88","543","Forward","2A:66380316-66392621 [Sequence]","Forward","sp|P43004|EAA2_HUMAN","347","498","Forward","152 [Sequence]","177","1.71e-47","51.316 [Alignment]"
"ENSPTRT00000087810.1","SLC1A6","157","969","Forward","19:15902622-15921111 [Sequence]","Reverse","sp|P43004|EAA2_HUMAN","41","295","Forward","277 [Sequence]","126","5.16e-29","39.350 [Alignment]"
"ENSPTRT00000097894.1","SLC1A3","133","660","Forward","5:77623946-77695892 [Sequence]","Reverse","sp|P43004|EAA2_HUMAN","41","221","Forward","181 [Sequence]","84.1","4.27e-16","49.171 [Alignment]"
"ENSPTRT00000083412.1","SLC1A7","34","474","Forward","1:52804349-52841031 [Sequence]","Reverse","sp|P43004|EAA2_HUMAN","39","187","Forward","149 [Sequence]","79.5","1.59e-15","47.651 [Alignment]"
"ENSPTRT00000100317.1","SLC1A7","34","435","Forward","1:52807257-52841031 [Sequence]","Reverse","sp|P43004|EAA2_HUMAN","39","174","Forward","136 [Sequence]","56.9","4.28e-08","43.382 [Alignment]"
"ENSPTRT00000087445.1","SLC1A3","133","525","Forward","5:77624783-77695892 [Sequence]","Reverse","sp|P43004|EAA2_HUMAN","41","173","Forward","133 [Sequence]","52.7","2.40e-06","51.880 [Alignment]"
"ENSPTRT00000094488.1","SLC1A4","1","153","Forward","2A:66380229-66389723 [Sequence]","Forward","sp|P43004|EAA2_HUMAN","240","290","Forward","51 [Sequence]","46.8","1.11e-04","43.137 [Alignment]"
