"Subject name","Gene hit","Subject start","Subject end","Subject ori","Genomic Location","Orientation","Query name","Query start","Query end","Query ori","Length","Score","E-val","%ID"
"ENSPTRT00000089959.1","SLC1A2","736","1722","Forward","11:35359721-35400256 [Sequence]","Reverse","tr|A0A2R8Y4N0|A0A2R8Y4N0_HUMAN","2","330","Forward","329 [Sequence]","675","0.0","100.000 [Alignment]"
"ENSPTRT00000087129.1","SLC1A2","833","1819","Forward","11:35359721-35400256 [Sequence]","Reverse","tr|A0A2R8Y4N0|A0A2R8Y4N0_HUMAN","2","330","Forward","329 [Sequence]","675","0.0","100.000 [Alignment]"
"ENSPTRT00000079961.1","SLC1A2","1332","2318","Forward","11:35359721-35400256 [Sequence]","Reverse","tr|A0A2R8Y4N0|A0A2R8Y4N0_HUMAN","2","330","Forward","329 [Sequence]","675","0.0","100.000 [Alignment]"
"ENSPTRT00000106634.1","SLC1A2","736","1653","Forward","11:35364354-35400256 [Sequence]","Reverse","tr|A0A2R8Y4N0|A0A2R8Y4N0_HUMAN","2","307","Forward","306 [Sequence]","623","0.0","100.000 [Alignment]"
"ENSPTRT00000006599.5","SLC1A2","709","1626","Forward","11:35364354-35400256 [Sequence]","Reverse","tr|A0A2R8Y4N0|A0A2R8Y4N0_HUMAN","2","307","Forward","306 [Sequence]","623","0.0","100.000 [Alignment]"
"ENSPTRT00000080433.1","SLC1A3","607","1476","Forward","5:77618152-77627315 [Sequence]","Reverse","tr|A0A2R8Y4N0|A0A2R8Y4N0_HUMAN","4","290","Forward","290 [Sequence]","345","8.21e-107","60.000 [Alignment]"
"ENSPTRT00000085288.1","SLC1A3","730","1599","Forward","5:77618152-77627315 [Sequence]","Reverse","tr|A0A2R8Y4N0|A0A2R8Y4N0_HUMAN","4","290","Forward","290 [Sequence]","344","7.40e-106","60.000 [Alignment]"
"ENSPTRT00000078486.1","SLC1A3","1471","2340","Forward","5:77618152-77627315 [Sequence]","Reverse","tr|A0A2R8Y4N0|A0A2R8Y4N0_HUMAN","4","290","Forward","290 [Sequence]","345","5.57e-103","60.000 [Alignment]"
"ENSPTRT00000091078.1","SLC1A6","631","1410","Forward","19:15898621-15910463 [Sequence]","Reverse","tr|A0A2R8Y4N0|A0A2R8Y4N0_HUMAN","4","263","Forward","260 [Sequence]","332","8.17e-102","61.538 [Alignment]"
"ENSPTRT00000019563.3","SLC1A6","628","1407","Forward","19:15898621-15910463 [Sequence]","Reverse","tr|A0A2R8Y4N0|A0A2R8Y4N0_HUMAN","4","263","Forward","260 [Sequence]","332","1.35e-101","61.538 [Alignment]"
"ENSPTRT00000086371.1","SLC1A6","781","1560","Forward","19:15898621-15910463 [Sequence]","Reverse","tr|A0A2R8Y4N0|A0A2R8Y4N0_HUMAN","4","263","Forward","260 [Sequence]","331","1.08e-100","61.538 [Alignment]"
"ENSPTRT00000085844.1","SLC1A6","1871","2650","Forward","19:15898621-15910463 [Sequence]","Reverse","tr|A0A2R8Y4N0|A0A2R8Y4N0_HUMAN","4","263","Forward","260 [Sequence]","332","1.20e-98","61.538 [Alignment]"
"ENSPTRT00000056719.3","SLC1A1","893","1687","Forward","9:4609940-4623088 [Sequence]","Forward","tr|A0A2R8Y4N0|A0A2R8Y4N0_HUMAN","2","267","Forward","266 [Sequence]","325","2.97e-96","61.278 [Alignment]"
"ENSPTRT00000087445.1","SLC1A3","517","1278","Forward","5:77618152-77633160 [Sequence]","Reverse","tr|A0A2R8Y4N0|A0A2R8Y4N0_HUMAN","40","290","Forward","254 [Sequence]","306","4.92e-93","61.811 [Alignment]"
"ENSPTRT00000001414.4","SLC1A7","457","1227","Forward","1:52787821-52801987 [Sequence]","Reverse","tr|A0A2R8Y4N0|A0A2R8Y4N0_HUMAN","2","257","Forward","257 [Sequence]","297","2.55e-89","58.755 [Alignment]"
"ENSPTRT00000080204.1","SLC1A4","667","1503","Forward","2A:66380253-66392705 [Sequence]","Forward","tr|A0A2R8Y4N0|A0A2R8Y4N0_HUMAN","4","289","Forward","286 [Sequence]","264","2.32e-76","47.552 [Alignment]"
"ENSPTRT00000022303.4","SLC1A4","1210","2199","Forward","2A:66380253-66392858 [Sequence]","Forward","tr|A0A2R8Y4N0|A0A2R8Y4N0_HUMAN","4","328","Forward","337 [Sequence]","264","2.22e-75","43.027 [Alignment]"
"ENSPTRT00000104733.1","SLC1A5","103","1017","Forward","19:48892820-48899963 [Sequence]","Reverse","tr|A0A2R8Y4N0|A0A2R8Y4N0_HUMAN","4","302","Forward","305 [Sequence]","249","3.06e-73","43.934 [Alignment]"
"ENSPTRT00000031187.3","SLC1A3","1220","1954","Forward","5:77618152-77627315 [Sequence]","Reverse","tr|A0A2R8Y4N0|A0A2R8Y4N0_HUMAN","4","290","Forward","290 [Sequence]","252","2.58e-71","48.966 [Alignment]"
"ENSPTRT00000020802.4","SLC1A5","676","1590","Forward","19:48892820-48899963 [Sequence]","Reverse","tr|A0A2R8Y4N0|A0A2R8Y4N0_HUMAN","4","302","Forward","305 [Sequence]","249","3.28e-71","43.934 [Alignment]"
"ENSPTRT00000085836.1","SLC1A5","1356","2270","Forward","19:48892820-48899963 [Sequence]","Reverse","tr|A0A2R8Y4N0|A0A2R8Y4N0_HUMAN","4","302","Forward","305 [Sequence]","249","2.20e-70","43.934 [Alignment]"
"ENSPTRT00000087810.1","SLC1A6","883","1365","Forward","19:15898621-15910400 [Sequence]","Reverse","tr|A0A2R8Y4N0|A0A2R8Y4N0_HUMAN","103","263","Forward","161 [Sequence]","221","2.37e-61","62.733 [Alignment]"
"ENSPTRT00000097894.1","SLC1A3","532","1110","Forward","5:77618152-77630317 [Sequence]","Reverse","tr|A0A2R8Y4N0|A0A2R8Y4N0_HUMAN","103","290","Forward","193 [Sequence]","200","4.74e-55","53.886 [Alignment]"
"ENSPTRT00000080817.1","SLC1A7","1402","1842","Forward","1:52787821-52789754 [Sequence]","Reverse","tr|A0A2R8Y4N0|A0A2R8Y4N0_HUMAN","111","257","Forward","147 [Sequence]","203","7.56e-55","63.265 [Alignment]"
"ENSPTRT00000094488.1","SLC1A4","88","543","Forward","2A:66380316-66392621 [Sequence]","Forward","tr|A0A2R8Y4N0|A0A2R8Y4N0_HUMAN","103","254","Forward","152 [Sequence]","177","1.05e-48","51.316 [Alignment]"
"ENSPTRT00000080817.1","SLC1A7","895","1251","Forward","1:52791475-52801987 [Sequence]","Reverse","tr|A0A2R8Y4N0|A0A2R8Y4N0_HUMAN","2","119","Forward","119 [Sequence]","99","2.50e-21","49.580 [Alignment]"
"ENSPTRT00000087810.1","SLC1A6","820","969","Forward","19:15902622-15910463 [Sequence]","Reverse","tr|A0A2R8Y4N0|A0A2R8Y4N0_HUMAN","4","51","Forward","50 [Sequence]","41.0","0.004","38.000 [Alignment]"
