"Subject name","Gene hit","Subject start","Subject end","Subject ori","Genomic Location","Orientation","Query name","Query start","Query end","Query ori","Length","Score","E-val","%ID"
"ENSMUST00000111213.8","Slc1a2","5","1228","Forward","2:102489630-102591495 [Sequence]","Forward","tr|C9J9N5|C9J9N5_HUMAN","1","409","Forward","409 [Sequence]","696","0.0","94.866 [Alignment]"
"ENSMUST00000080210.10","Slc1a2","627","1850","Forward","2:102489630-102591495 [Sequence]","Forward","tr|C9J9N5|C9J9N5_HUMAN","1","409","Forward","409 [Sequence]","694","0.0","94.866 [Alignment]"
"ENSMUST00000005220.11","Slc1a2","48","1253","Forward","2:102566290-102591495 [Sequence]","Forward","tr|C9J9N5|C9J9N5_HUMAN","7","409","Forward","403 [Sequence]","683","0.0","94.789 [Alignment]"
"ENSMUST00000111212.8","Slc1a2","48","1253","Forward","2:102566290-102591495 [Sequence]","Forward","tr|C9J9N5|C9J9N5_HUMAN","7","409","Forward","403 [Sequence]","683","0.0","94.789 [Alignment]"
"ENSMUST00000161119.8","Slc1a1","264","1238","Forward","19:28856478-28882868 [Sequence]","Forward","tr|C9J9N5|C9J9N5_HUMAN","79","409","Forward","332 [Sequence]","301","2.33e-87","57.229 [Alignment]"
"ENSMUST00000025875.5","Slc1a1","325","1299","Forward","19:28856478-28882868 [Sequence]","Forward","tr|C9J9N5|C9J9N5_HUMAN","79","409","Forward","331 [Sequence]","301","4.50e-86","57.100 [Alignment]"
"ENSMUST00000005493.14","Slc1a3","656","1753","Forward","15:8671725-8738094 [Sequence]","Reverse","tr|C9J9N5|C9J9N5_HUMAN","41","409","Forward","372 [Sequence]","289","4.09e-82","54.032 [Alignment]"
"ENSMUST00000005490.10","Slc1a6","341","1489","Forward","10:78623750-78637771 [Sequence]","Forward","tr|C9J9N5|C9J9N5_HUMAN","41","409","Forward","385 [Sequence]","284","6.40e-81","47.792 [Alignment]"
"ENSMUST00000160702.8","Slc1a1","1369","2247","Forward","19:28871781-28882868 [Sequence]","Forward","tr|C9J9N5|C9J9N5_HUMAN","112","409","Forward","300 [Sequence]","267","7.78e-75","53.000 [Alignment]"
"ENSMUST00000238795.2","Slc1a7","291","1406","Forward","4:107825821-107867011 [Sequence]","Forward","tr|C9J9N5|C9J9N5_HUMAN","44","409","Forward","377 [Sequence]","256","3.25e-71","48.276 [Alignment]"
"ENSMUST00000106713.5","Slc1a7","293","1408","Forward","4:107825821-107867011 [Sequence]","Forward","tr|C9J9N5|C9J9N5_HUMAN","44","409","Forward","377 [Sequence]","256","3.25e-71","48.276 [Alignment]"
"ENSMUST00000123759.8","Slc1a2","25","510","Forward","2:102536725-102570221 [Sequence]","Forward","tr|C9J9N5|C9J9N5_HUMAN","5","166","Forward","162 [Sequence]","230","3.02e-68","95.062 [Alignment]"
"ENSMUST00000162189.2","Slc1a1","290","982","Forward","19:28873482-28882868 [Sequence]","Forward","tr|C9J9N5|C9J9N5_HUMAN","173","409","Forward","238 [Sequence]","245","1.35e-67","57.563 [Alignment]"
"ENSMUST00000125997.2","Slc1a3","1914","2627","Forward","15:8671725-8679077 [Sequence]","Reverse","tr|C9J9N5|C9J9N5_HUMAN","171","409","Forward","242 [Sequence]","243","1.09e-66","55.372 [Alignment]"
"ENSMUST00000136488.2","Slc1a2","2","370","Forward","2:102586253-102591495 [Sequence]","Forward","tr|C9J9N5|C9J9N5_HUMAN","287","409","Forward","123 [Sequence]","226","3.43e-66","97.561 [Alignment]"
"ENSMUST00000108496.9","Slc1a5","637","1797","Forward","7:16515901-16529818 [Sequence]","Forward","tr|C9J9N5|C9J9N5_HUMAN","23","409","Forward","410 [Sequence]","208","2.73e-55","39.268 [Alignment]"
"ENSMUST00000127401.8","Slc1a5","609","1769","Forward","7:16515901-16529818 [Sequence]","Forward","tr|C9J9N5|C9J9N5_HUMAN","23","409","Forward","410 [Sequence]","208","3.01e-55","39.268 [Alignment]"
"ENSMUST00000004634.7","Slc1a4","312","1382","Forward","11:20257951-20282373 [Sequence]","Reverse","tr|C9J9N5|C9J9N5_HUMAN","36","409","Forward","380 [Sequence]","202","5.91e-53","41.316 [Alignment]"
"ENSMUST00000109594.8","Slc1a4","341","1411","Forward","11:20257951-20282373 [Sequence]","Reverse","tr|C9J9N5|C9J9N5_HUMAN","36","409","Forward","380 [Sequence]","202","5.94e-53","41.316 [Alignment]"
"ENSMUST00000128879.2","Slc1a3","116","469","Forward","15:8671740-8672616 [Sequence]","Reverse","tr|C9J9N5|C9J9N5_HUMAN","287","404","Forward","118 [Sequence]","156","5.22e-42","68.644 [Alignment]"
"ENSMUST00000141349.2","Slc1a5","457","840","Forward","7:16527558-16529818 [Sequence]","Forward","tr|C9J9N5|C9J9N5_HUMAN","282","409","Forward","128 [Sequence]","117","5.94e-27","47.656 [Alignment]"
"ENSMUST00000134407.2","Slc1a5","50","418","Forward","7:16527573-16529818 [Sequence]","Forward","tr|C9J9N5|C9J9N5_HUMAN","287","409","Forward","123 [Sequence]","115","7.94e-27","48.780 [Alignment]"
"ENSMUST00000135817.3","Slc1a5","67","414","Forward","7:16519602-16527629 [Sequence]","Forward","tr|C9J9N5|C9J9N5_HUMAN","174","305","Forward","133 [Sequence]","86.6","4.29e-18","36.090 [Alignment]"
"ENSMUST00000147814.2","Slc1a5","558","803","Forward","7:16523717-16527671 [Sequence]","Forward","tr|C9J9N5|C9J9N5_HUMAN","238","319","Forward","82 [Sequence]","77.8","3.29e-14","43.902 [Alignment]"
"ENSMUST00000175647.8","Spata6l","1453","1692","Reverse","19:28878788-28879027 [Sequence]","Reverse","tr|C9J9N5|C9J9N5_HUMAN","203","286","Forward","84 [Sequence]","68.6","3.29e-11","41.667 [Alignment]"
"ENSMUST00000217717.2","Slc1a6","278","583","Forward","10:78623750-78627117 [Sequence]","Forward","tr|C9J9N5|C9J9N5_HUMAN","41","143","Forward","103 [Sequence]","53.1","1.42e-06","48.544 [Alignment]"
"ENSMUST00000125997.2","Slc1a3","468","680","Forward","15:8680311-8680523 [Sequence]","Reverse","tr|C9J9N5|C9J9N5_HUMAN","109","180","Forward","72 [Sequence]","43.9","0.001","51.389 [Alignment]"
"ENSMUST00000206444.2","Slc1a5","53","130","Forward","7:16516375-16520282 [Sequence]","Forward","tr|C9J9N5|C9J9N5_HUMAN","165","190","Forward","26 [Sequence]","39.7","0.018","61.538 [Alignment]"
