"Subject name","Gene hit","Subject start","Subject end","Subject ori","Genomic Location","Orientation","Query name","Query start","Query end","Query ori","Length","Score","E-val","%ID"
"ENSPPYT00000055645.1","SLC1A2","151","1422","Forward","11:31479487-31535739 [Sequence]","Forward","tr|A0A2R8Y642|A0A2R8Y642_HUMAN","1","424","Forward","424 [Sequence]","796","0.0","99.528 [Alignment]"
"ENSPPYT00000004002.2","SLC1A2","1084","1647","Forward","11:31509673-31535739 [Sequence]","Forward","tr|A0A2R8Y642|A0A2R8Y642_HUMAN","237","424","Forward","188 [Sequence]","404","1.21e-124","99.468 [Alignment]"
"ENSPPYT00000037016.1","SLC1A2","1093","1665","Forward","11:31509673-31534973 [Sequence]","Forward","tr|A0A2R8Y642|A0A2R8Y642_HUMAN","237","426","Forward","191 [Sequence]","402","1.53e-124","97.906 [Alignment]"
"ENSPPYT00000004001.3","SLC1A2","1093","1656","Forward","11:31509673-31535739 [Sequence]","Forward","tr|A0A2R8Y642|A0A2R8Y642_HUMAN","237","424","Forward","188 [Sequence]","403","2.07e-124","99.468 [Alignment]"
"ENSPPYT00000042940.1","SLC1A2","1108","1671","Forward","11:31509673-31535739 [Sequence]","Forward","tr|A0A2R8Y642|A0A2R8Y642_HUMAN","237","424","Forward","188 [Sequence]","403","2.78e-124","99.468 [Alignment]"
"ENSPPYT00000046941.1","SLC1A2","1193","1756","Forward","11:31509673-31535739 [Sequence]","Forward","tr|A0A2R8Y642|A0A2R8Y642_HUMAN","237","424","Forward","188 [Sequence]","403","4.65e-124","99.468 [Alignment]"
"ENSPPYT00000053916.1","SLC1A2","1204","1767","Forward","11:31509673-31535739 [Sequence]","Forward","tr|A0A2R8Y642|A0A2R8Y642_HUMAN","237","424","Forward","188 [Sequence]","402","1.26e-123","99.468 [Alignment]"
"ENSPPYT00000056419.1","SLC1A2","151","885","Forward","11:31479487-31504300 [Sequence]","Forward","tr|A0A2R8Y642|A0A2R8Y642_HUMAN","1","247","Forward","247 [Sequence]","392","9.81e-122","95.951 [Alignment]"
"ENSPPYT00000037016.1","SLC1A2","151","885","Forward","11:31479487-31504300 [Sequence]","Forward","tr|A0A2R8Y642|A0A2R8Y642_HUMAN","1","247","Forward","247 [Sequence]","393","2.49e-121","95.951 [Alignment]"
"ENSPPYT00000004002.2","SLC1A2","142","876","Forward","11:31479487-31504300 [Sequence]","Forward","tr|A0A2R8Y642|A0A2R8Y642_HUMAN","1","247","Forward","247 [Sequence]","393","8.57e-121","95.951 [Alignment]"
"ENSPPYT00000004001.3","SLC1A2","151","885","Forward","11:31479487-31504300 [Sequence]","Forward","tr|A0A2R8Y642|A0A2R8Y642_HUMAN","1","247","Forward","247 [Sequence]","393","1.46e-120","95.951 [Alignment]"
"ENSPPYT00000042940.1","SLC1A2","166","900","Forward","11:31479487-31504300 [Sequence]","Forward","tr|A0A2R8Y642|A0A2R8Y642_HUMAN","1","247","Forward","247 [Sequence]","393","1.73e-120","95.951 [Alignment]"
"ENSPPYT00000046941.1","SLC1A2","251","985","Forward","11:31479487-31504300 [Sequence]","Forward","tr|A0A2R8Y642|A0A2R8Y642_HUMAN","1","247","Forward","247 [Sequence]","393","4.57e-120","95.951 [Alignment]"
"ENSPPYT00000053916.1","SLC1A2","262","996","Forward","11:31479487-31504300 [Sequence]","Forward","tr|A0A2R8Y642|A0A2R8Y642_HUMAN","1","247","Forward","247 [Sequence]","393","4.64e-120","95.951 [Alignment]"
"ENSPPYT00000011252.3","SLC1A6","358","1365","Forward","19:15102411-15121031 [Sequence]","Reverse","tr|A0A2R8Y642|A0A2R8Y642_HUMAN","59","379","Forward","341 [Sequence]","337","6.45e-101","51.613 [Alignment]"
"ENSPPYT00000056419.1","SLC1A2","1093","1554","Forward","11:31509673-31531187 [Sequence]","Forward","tr|A0A2R8Y642|A0A2R8Y642_HUMAN","237","435","Forward","199 [Sequence]","318","2.86e-94","76.884 [Alignment]"
"ENSPPYT00000042890.1","SLC1A3","379","1494","Forward","5:36895537-36974063 [Sequence]","Forward","tr|A0A2R8Y642|A0A2R8Y642_HUMAN","1","406","Forward","410 [Sequence]","236","2.47e-64","46.098 [Alignment]"
"ENSPPYT00000053469.1","SLC1A3","955","1476","Forward","5:36967672-36974063 [Sequence]","Forward","tr|A0A2R8Y642|A0A2R8Y642_HUMAN","236","406","Forward","174 [Sequence]","230","1.62e-62","63.218 [Alignment]"
"ENSPPYT00000017907.3","SLC1A3","1309","1830","Forward","5:36967672-36974063 [Sequence]","Forward","tr|A0A2R8Y642|A0A2R8Y642_HUMAN","236","406","Forward","174 [Sequence]","230","1.83e-62","63.218 [Alignment]"
"ENSPPYT00000045603.1","SLC1A4","1","543","Forward","2A:43570790-43581165 [Sequence]","Reverse","tr|A0A2R8Y642|A0A2R8Y642_HUMAN","190","370","Forward","181 [Sequence]","222","3.10e-60","53.591 [Alignment]"
"ENSPPYT00000022437.3","SLC1A1","1064","1504","Forward","9:36538705-36547531 [Sequence]","Reverse","tr|A0A2R8Y642|A0A2R8Y642_HUMAN","237","383","Forward","147 [Sequence]","218","8.82e-59","68.027 [Alignment]"
"ENSPPYT00000040490.1","SLC1A6","1168","1599","Forward","19:15102411-15108598 [Sequence]","Reverse","tr|A0A2R8Y642|A0A2R8Y642_HUMAN","236","379","Forward","144 [Sequence]","217","3.02e-58","67.361 [Alignment]"
"ENSPPYT00000057048.1","SLC1A6","769","1407","Forward","19:15102411-15108805 [Sequence]","Reverse","tr|A0A2R8Y642|A0A2R8Y642_HUMAN","178","379","Forward","218 [Sequence]","216","3.37e-58","52.752 [Alignment]"
"ENSPPYT00000035527.1","SLC1A7","706","1227","Forward","1:174548743-174552518 [Sequence]","Forward","tr|A0A2R8Y642|A0A2R8Y642_HUMAN","189","373","Forward","185 [Sequence]","201","2.05e-53","55.135 [Alignment]"
"ENSPPYT00000001605.2","SLC1A7","1210","1620","Forward","1:174550609-174552518 [Sequence]","Forward","tr|A0A2R8Y642|A0A2R8Y642_HUMAN","237","373","Forward","137 [Sequence]","200","5.64e-53","66.423 [Alignment]"
"ENSPPYT00000046673.1","SLC1A4","1036","1437","Forward","2A:43570790-43573702 [Sequence]","Reverse","tr|A0A2R8Y642|A0A2R8Y642_HUMAN","237","370","Forward","134 [Sequence]","174","2.15e-44","55.970 [Alignment]"
"ENSPPYT00000022437.3","SLC1A1","137","856","Forward","9:36550167-36628559 [Sequence]","Reverse","tr|A0A2R8Y642|A0A2R8Y642_HUMAN","1","244","Forward","250 [Sequence]","164","2.28e-41","47.600 [Alignment]"
"ENSPPYT00000011806.3","SLC1A5","1902","2459","Forward","19:45067316-45069202 [Sequence]","Reverse","tr|A0A2R8Y642|A0A2R8Y642_HUMAN","239","418","Forward","186 [Sequence]","151","6.87e-37","42.473 [Alignment]"
"ENSPPYT00000041835.1","SLC1A3","1358","1744","Forward","5:36967672-36974063 [Sequence]","Forward","tr|A0A2R8Y642|A0A2R8Y642_HUMAN","236","406","Forward","174 [Sequence]","137","6.28e-33","44.828 [Alignment]"
"ENSPPYT00000040490.1","SLC1A6","358","960","Forward","19:15108806-15121031 [Sequence]","Reverse","tr|A0A2R8Y642|A0A2R8Y642_HUMAN","59","244","Forward","206 [Sequence]","120","1.81e-27","38.350 [Alignment]"
"ENSPPYT00000001605.2","SLC1A7","70","783","Forward","1:174497994-174547934 [Sequence]","Forward","tr|A0A2R8Y642|A0A2R8Y642_HUMAN","1","231","Forward","243 [Sequence]","117","1.18e-26","41.975 [Alignment]"
"ENSPPYT00000041835.1","SLC1A3","428","1150","Forward","5:36895537-36967464 [Sequence]","Forward","tr|A0A2R8Y642|A0A2R8Y642_HUMAN","1","244","Forward","247 [Sequence]","117","1.38e-26","44.939 [Alignment]"
"ENSPPYT00000017907.3","SLC1A3","379","1101","Forward","5:36895537-36967464 [Sequence]","Forward","tr|A0A2R8Y642|A0A2R8Y642_HUMAN","1","244","Forward","247 [Sequence]","117","1.87e-26","44.939 [Alignment]"
"ENSPPYT00000053469.1","SLC1A3","196","747","Forward","5:36958898-36967464 [Sequence]","Forward","tr|A0A2R8Y642|A0A2R8Y642_HUMAN","59","244","Forward","189 [Sequence]","112","4.41e-25","43.386 [Alignment]"
"ENSPPYT00000011806.3","SLC1A5","1194","1685","Forward","19:45070626-45079229 [Sequence]","Reverse","tr|A0A2R8Y642|A0A2R8Y642_HUMAN","59","244","Forward","191 [Sequence]","87.4","3.32e-17","35.079 [Alignment]"
"ENSPPYT00000046673.1","SLC1A4","214","798","Forward","2A:43581028-43601926 [Sequence]","Reverse","tr|A0A2R8Y642|A0A2R8Y642_HUMAN","25","235","Forward","217 [Sequence]","75.7","1.15e-13","38.249 [Alignment]"
"ENSPPYT00000035527.1","SLC1A7","214","567","Forward","1:174505895-174547934 [Sequence]","Forward","tr|A0A2R8Y642|A0A2R8Y642_HUMAN","123","231","Forward","121 [Sequence]","74.0","3.55e-13","38.017 [Alignment]"
"ENSPPYT00000057048.1","SLC1A6","355","768","Forward","19:15108806-15124302 [Sequence]","Reverse","tr|A0A2R8Y642|A0A2R8Y642_HUMAN","123","244","Forward","140 [Sequence]","73.6","5.03e-13","33.571 [Alignment]"
"ENSPPYT00000042410.1","SLC1A7","70","435","Forward","1:174497994-174531542 [Sequence]","Forward","tr|A0A2R8Y642|A0A2R8Y642_HUMAN","1","124","Forward","124 [Sequence]","50.2","3.17e-06","43.548 [Alignment]"
