"Subject name","Gene hit","Subject start","Subject end","Subject ori","Genomic Location","Orientation","Query name","Query start","Query end","Query ori","Length","Score","E-val","%ID"
"ENSRNOT00000099140.1","Slc1a2","951","1937","Forward","3:89093857-89126408 [Sequence]","Forward","tr|A0A2R8Y4N0|A0A2R8Y4N0_HUMAN","2","330","Forward","329 [Sequence]","662","0.0","96.657 [Alignment]"
"ENSRNOT00000106964.1","Slc1a2","748","1668","Forward","3:89093857-89122522 [Sequence]","Forward","tr|A0A2R8Y4N0|A0A2R8Y4N0_HUMAN","2","308","Forward","307 [Sequence]","610","0.0","96.417 [Alignment]"
"ENSRNOT00000119905.1","Slc1a2","743","1663","Forward","3:89093857-89122522 [Sequence]","Forward","tr|A0A2R8Y4N0|A0A2R8Y4N0_HUMAN","2","308","Forward","307 [Sequence]","610","0.0","96.417 [Alignment]"
"ENSRNOT00000098273.1","Slc1a2","951","1871","Forward","3:89093857-89122522 [Sequence]","Forward","tr|A0A2R8Y4N0|A0A2R8Y4N0_HUMAN","2","308","Forward","307 [Sequence]","610","0.0","96.417 [Alignment]"
"ENSRNOT00000109994.1","Slc1a2","844","1764","Forward","3:89093857-89122522 [Sequence]","Forward","tr|A0A2R8Y4N0|A0A2R8Y4N0_HUMAN","2","308","Forward","307 [Sequence]","610","0.0","96.417 [Alignment]"
"ENSRNOT00000007604.7","Slc1a2","748","1671","Forward","3:89093857-89125458 [Sequence]","Forward","tr|A0A2R8Y4N0|A0A2R8Y4N0_HUMAN","2","309","Forward","308 [Sequence]","609","0.0","96.104 [Alignment]"
"ENSRNOT00000119447.1","Slc1a2","951","1868","Forward","3:89093857-89122519 [Sequence]","Forward","tr|A0A2R8Y4N0|A0A2R8Y4N0_HUMAN","2","307","Forward","306 [Sequence]","608","0.0","96.405 [Alignment]"
"ENSRNOT00000035821.6","Slc1a3","889","1731","Forward","2:57757561-57765721 [Sequence]","Reverse","tr|A0A2R8Y4N0|A0A2R8Y4N0_HUMAN","4","281","Forward","281 [Sequence]","344","8.16e-103","61.566 [Alignment]"
"ENSRNOT00000022319.7","Slc1a3","1006","1848","Forward","2:57757561-57765721 [Sequence]","Reverse","tr|A0A2R8Y4N0|A0A2R8Y4N0_HUMAN","4","281","Forward","281 [Sequence]","343","1.83e-102","61.566 [Alignment]"
"ENSRNOT00000107277.1","Slc1a3","623","1465","Forward","2:57757561-57765721 [Sequence]","Reverse","tr|A0A2R8Y4N0|A0A2R8Y4N0_HUMAN","4","281","Forward","281 [Sequence]","343","2.12e-102","61.566 [Alignment]"
"ENSRNOT00000009931.6","Slc1a6","979","1758","Forward","7:10842084-10854855 [Sequence]","Reverse","tr|A0A2R8Y4N0|A0A2R8Y4N0_HUMAN","4","263","Forward","260 [Sequence]","333","5.77e-100","61.538 [Alignment]"
"ENSRNOT00000108905.1","Slc1a6","988","1767","Forward","7:10842084-10854855 [Sequence]","Reverse","tr|A0A2R8Y4N0|A0A2R8Y4N0_HUMAN","4","263","Forward","260 [Sequence]","333","6.38e-100","61.538 [Alignment]"
"ENSRNOT00000099702.1","Slc1a1","649","1437","Forward","1:226619647-226629748 [Sequence]","Forward","tr|A0A2R8Y4N0|A0A2R8Y4N0_HUMAN","4","267","Forward","264 [Sequence]","327","1.16e-97","61.364 [Alignment]"
"ENSRNOT00000020272.8","Slc1a1","828","1616","Forward","1:226619647-226629748 [Sequence]","Forward","tr|A0A2R8Y4N0|A0A2R8Y4N0_HUMAN","4","267","Forward","264 [Sequence]","327","1.85e-97","61.364 [Alignment]"
"ENSRNOT00000077790.2","Slc1a3","788","1522","Forward","2:57757561-57771160 [Sequence]","Reverse","tr|A0A2R8Y4N0|A0A2R8Y4N0_HUMAN","40","281","Forward","245 [Sequence]","305","2.77e-89","63.673 [Alignment]"
"ENSRNOT00000072263.3","Slc1a7","510","1271","Forward","5:122766900-122773263 [Sequence]","Forward","tr|A0A2R8Y4N0|A0A2R8Y4N0_HUMAN","4","257","Forward","254 [Sequence]","291","3.87e-86","58.268 [Alignment]"
"ENSRNOT00000016557.7","Slc1a7","924","1685","Forward","5:122766900-122773263 [Sequence]","Forward","tr|A0A2R8Y4N0|A0A2R8Y4N0_HUMAN","4","257","Forward","254 [Sequence]","291","1.17e-84","58.268 [Alignment]"
"ENSRNOT00000090817.2","Slc1a7","726","1409","Forward","5:122766900-122774058 [Sequence]","Forward","tr|A0A2R8Y4N0|A0A2R8Y4N0_HUMAN","4","231","Forward","228 [Sequence]","261","6.20e-75","59.649 [Alignment]"
"ENSRNOT00000007002.6","Slc1a4","917","1774","Forward","14:94531251-94541000 [Sequence]","Reverse","tr|A0A2R8Y4N0|A0A2R8Y4N0_HUMAN","4","287","Forward","286 [Sequence]","261","1.58e-74","47.552 [Alignment]"
"ENSRNOT00000021455.7","Slc1a5","1249","2163","Forward","1:77463650-77470419 [Sequence]","Forward","tr|A0A2R8Y4N0|A0A2R8Y4N0_HUMAN","4","302","Forward","305 [Sequence]","259","1.04e-73","44.918 [Alignment]"
"ENSRNOT00000111666.1","Slc1a5","1288","2202","Forward","1:77463650-77470419 [Sequence]","Forward","tr|A0A2R8Y4N0|A0A2R8Y4N0_HUMAN","4","302","Forward","305 [Sequence]","258","1.51e-73","44.918 [Alignment]"
"ENSRNOT00000064332.4","Slc1a5","1297","2211","Forward","1:77463650-77470419 [Sequence]","Forward","tr|A0A2R8Y4N0|A0A2R8Y4N0_HUMAN","4","302","Forward","305 [Sequence]","258","1.53e-73","44.918 [Alignment]"
"ENSRNOT00000085599.2","Slc1a3","1016","1723","Forward","2:57757561-57765721 [Sequence]","Reverse","tr|A0A2R8Y4N0|A0A2R8Y4N0_HUMAN","4","281","Forward","281 [Sequence]","251","6.33e-71","50.178 [Alignment]"
"ENSRNOT00000077808.2","Slc1a7","726","1352","Forward","5:122766900-122773263 [Sequence]","Forward","tr|A0A2R8Y4N0|A0A2R8Y4N0_HUMAN","4","257","Forward","254 [Sequence]","200","4.46e-54","45.669 [Alignment]"
"ENSRNOT00000105049.1","ENSRNOG00000065811","3","230","Reverse","1:226623509-226629652 [Sequence]","Reverse","tr|A0A2R8Y4N0|A0A2R8Y4N0_HUMAN","160","235","Forward","76 [Sequence]","115","1.29e-29","68.421 [Alignment]"
"ENSRNOT00000119447.1","Slc1a2","1910","2008","Forward","3:89125637-89126408 [Sequence]","Forward","tr|A0A2R8Y4N0|A0A2R8Y4N0_HUMAN","298","330","Forward","33 [Sequence]","59.0","1.29e-08","78.788 [Alignment]"
