"Subject name","Gene hit","Subject start","Subject end","Subject ori","Genomic Location","Orientation","Query name","Query start","Query end","Query ori","Length","Score","E-val","%ID"
"Y53C12A.2.1","glt-5","87","1460","Forward","II:9706810-9708799 [Sequence]","Reverse","tr|A0A2R8Y642|A0A2R8Y642_HUMAN","3","408","Forward","470 [Sequence]","281","1.42e-80","42.979 [Alignment]"
"C12D12.2b.1","glt-1","949","1476","Forward","X:3498167-3498884 [Sequence]","Forward","tr|A0A2R8Y642|A0A2R8Y642_HUMAN","237","407","Forward","177 [Sequence]","248","5.97e-69","68.362 [Alignment]"
"C12D12.2a.1","glt-1","1046","1573","Forward","X:3498167-3498884 [Sequence]","Forward","tr|A0A2R8Y642|A0A2R8Y642_HUMAN","237","407","Forward","177 [Sequence]","248","6.67e-69","68.362 [Alignment]"
"K08F4.4.1","glt-3","1073","1531","Forward","IV:10132165-10132886 [Sequence]","Forward","tr|A0A2R8Y642|A0A2R8Y642_HUMAN","238","388","Forward","154 [Sequence]","203","4.02e-54","62.987 [Alignment]"
"R05G6.6.1","glt-6","969","1436","Forward","IV:7505524-7506084 [Sequence]","Forward","tr|A0A2R8Y642|A0A2R8Y642_HUMAN","239","391","Forward","157 [Sequence]","189","2.30e-49","56.051 [Alignment]"
"T22E5.2b.1","glt-4","975","1436","Forward","X:6405827-6406473 [Sequence]","Forward","tr|A0A2R8Y642|A0A2R8Y642_HUMAN","237","390","Forward","154 [Sequence]","173","3.25e-44","54.545 [Alignment]"
"T22E5.2a.1","glt-4","975","1388","Forward","X:6405827-6406336 [Sequence]","Forward","tr|A0A2R8Y642|A0A2R8Y642_HUMAN","237","374","Forward","138 [Sequence]","169","4.97e-43","58.696 [Alignment]"
"C12D12.2a.1","glt-1","140","838","Forward","X:3496666-3497914 [Sequence]","Forward","tr|A0A2R8Y642|A0A2R8Y642_HUMAN","1","247","Forward","247 [Sequence]","157","3.41e-39","47.773 [Alignment]"
"C12D12.2b.1","glt-1","43","741","Forward","X:3496666-3497914 [Sequence]","Forward","tr|A0A2R8Y642|A0A2R8Y642_HUMAN","1","247","Forward","247 [Sequence]","156","3.85e-39","47.773 [Alignment]"
"W03G1.1.1","glt-7","937","1371","Forward","IV:534116-535374 [Sequence]","Forward","tr|A0A2R8Y642|A0A2R8Y642_HUMAN","238","384","Forward","147 [Sequence]","151","1.65e-37","48.299 [Alignment]"
"R05G6.6.1","glt-6","78","755","Forward","IV:7503699-7504777 [Sequence]","Forward","tr|A0A2R8Y642|A0A2R8Y642_HUMAN","1","247","Forward","248 [Sequence]","134","5.14e-32","39.919 [Alignment]"
"K08F4.4.1","glt-3","221","835","Forward","IV:10130477-10131927 [Sequence]","Forward","tr|A0A2R8Y642|A0A2R8Y642_HUMAN","19","236","Forward","221 [Sequence]","123","1.10e-28","42.534 [Alignment]"
"T22E5.2a.1","glt-4","51","989","Forward","X:6403472-6405841 [Sequence]","Forward","tr|A0A2R8Y642|A0A2R8Y642_HUMAN","1","315","Forward","327 [Sequence]","90.3","2.59e-18","32.722 [Alignment]"
"T22E5.2b.1","glt-4","51","989","Forward","X:6403472-6405841 [Sequence]","Forward","tr|A0A2R8Y642|A0A2R8Y642_HUMAN","1","315","Forward","327 [Sequence]","89.5","3.50e-18","32.722 [Alignment]"
