"Subject name","Gene hit","Subject start","Subject end","Subject ori","Genomic Location","Orientation","Query name","Query start","Query end","Query ori","Length","Score","E-val","%ID"
"ENSTGET00000004369.1","ENSTGEG00000002970","1300","1518","Forward","14:30069700-30069918 [Sequence]","Forward","tr|H0YEB1|H0YEB1_HUMAN","1","73","Forward","73 [Sequence]","193","1.16e-57","100.000 [Alignment]"
"ENSTGET00000004353.1","ENSTGEG00000002970","1423","1641","Forward","14:30069700-30069918 [Sequence]","Forward","tr|H0YEB1|H0YEB1_HUMAN","1","73","Forward","73 [Sequence]","192","3.14e-57","100.000 [Alignment]"
"ENSTGET00000004372.1","ENSTGEG00000002970","1426","1644","Forward","14:30069700-30069918 [Sequence]","Forward","tr|H0YEB1|H0YEB1_HUMAN","1","73","Forward","73 [Sequence]","192","3.15e-57","100.000 [Alignment]"
"ENSTGET00000004360.1","ENSTGEG00000002970","1435","1653","Forward","14:30069700-30069918 [Sequence]","Forward","tr|H0YEB1|H0YEB1_HUMAN","1","73","Forward","73 [Sequence]","192","3.16e-57","100.000 [Alignment]"
"ENSTGET00000004370.1","ENSTGEG00000002970","1450","1668","Forward","14:30069700-30069918 [Sequence]","Forward","tr|H0YEB1|H0YEB1_HUMAN","1","73","Forward","73 [Sequence]","192","3.18e-57","100.000 [Alignment]"
"ENSTGET00000004373.1","ENSTGEG00000002970","1543","1761","Forward","14:30069700-30069918 [Sequence]","Forward","tr|H0YEB1|H0YEB1_HUMAN","1","73","Forward","73 [Sequence]","192","3.25e-57","100.000 [Alignment]"
"ENSTGET00000004364.1","ENSTGEG00000002970","1201","1419","Forward","14:30069700-30069918 [Sequence]","Forward","tr|H0YEB1|H0YEB1_HUMAN","1","73","Forward","73 [Sequence]","163","3.33e-47","100.000 [Alignment]"
"ENSTGET00000004367.1","ENSTGEG00000002970","1435","1653","Forward","14:30069700-30069918 [Sequence]","Forward","tr|H0YEB1|H0YEB1_HUMAN","1","73","Forward","73 [Sequence]","163","3.39e-47","100.000 [Alignment]"
"ENSTGET00000011325.1","ENSTGEG00000007717","1681","1806","Forward","6:36280865-36280990 [Sequence]","Forward","tr|H0YEB1|H0YEB1_HUMAN","1","40","Forward","42 [Sequence]","46.4","3.16e-06","52.381 [Alignment]"
"ENSTGET00000031499.1","ENSTGEG00000021311","1336","1416","Forward","15:77249347-77249427 [Sequence]","Reverse","tr|H0YEB1|H0YEB1_HUMAN","1","27","Forward","27 [Sequence]","43.1","4.01e-05","62.963 [Alignment]"
"ENSTGET00000011343.1","ENSTGEG00000007717","1102","1278","Forward","6:36280865-36281041 [Sequence]","Forward","tr|H0YEB1|H0YEB1_HUMAN","1","56","Forward","59 [Sequence]","40.6","3.05e-04","44.068 [Alignment]"
"ENSTGET00000011339.1","ENSTGEG00000007717","1303","1479","Forward","6:36280865-36281041 [Sequence]","Forward","tr|H0YEB1|H0YEB1_HUMAN","1","56","Forward","59 [Sequence]","40.1","3.33e-04","44.068 [Alignment]"
"ENSTGET00000011342.1","ENSTGEG00000007717","1300","1476","Forward","6:36280865-36281041 [Sequence]","Forward","tr|H0YEB1|H0YEB1_HUMAN","1","56","Forward","59 [Sequence]","40.1","3.43e-04","44.068 [Alignment]"
"ENSTGET00000014943.1","ENSTGEG00000010141","1800","1859","Forward","13:85665541-85665600 [Sequence]","Forward","tr|H0YEB1|H0YEB1_HUMAN","1","20","Forward","20 [Sequence]","33.4","0.063","60.000 [Alignment]"
