"Subject name","Gene hit","Subject start","Subject end","Subject ori","Genomic Location","Orientation","Query name","Query start","Query end","Query ori","Length","Score","E-val","%ID"
"ENSNLET00000041986.1","SLC1A2","593","2314","Forward","15:97230613-97393370 [Sequence]","Reverse","sp|P43004|EAA2_HUMAN","1","574","Forward","574 [Sequence]","1091","0.0","99.826 [Alignment]"
"ENSNLET00000054650.1","SLC1A2","19","1740","Forward","15:97230613-97299752 [Sequence]","Reverse","sp|P43004|EAA2_HUMAN","2","574","Forward","574 [Sequence]","1078","0.0","99.303 [Alignment]"
"ENSNLET00000040490.1","SLC1A2","19","1671","Forward","15:97235270-97299752 [Sequence]","Reverse","sp|P43004|EAA2_HUMAN","2","551","Forward","551 [Sequence]","1026","0.0","99.274 [Alignment]"
"ENSNLET00000050156.1","SLC1A2","1","1626","Forward","15:97235270-97297958 [Sequence]","Reverse","sp|P43004|EAA2_HUMAN","10","551","Forward","542 [Sequence]","1018","0.0","99.815 [Alignment]"
"ENSNLET00000035538.1","SLC1A3","905","2386","Forward","6:35143621-35222002 [Sequence]","Forward","sp|P43004|EAA2_HUMAN","41","534","Forward","500 [Sequence]","428","2.24e-126","54.400 [Alignment]"
"ENSNLET00000050937.1","SLC1A3","673","1953","Forward","6:35206771-35222002 [Sequence]","Forward","sp|P43004|EAA2_HUMAN","109","534","Forward","432 [Sequence]","418","6.37e-123","55.324 [Alignment]"
"ENSNLET00000044558.1","SLC1A3","133","1599","Forward","6:35143621-35222002 [Sequence]","Forward","sp|P43004|EAA2_HUMAN","41","534","Forward","499 [Sequence]","395","8.32e-120","52.505 [Alignment]"
"ENSNLET00000035611.1","SLC1A1","64","1239","Forward","1a:5428778-5469758 [Sequence]","Forward","sp|P43004|EAA2_HUMAN","79","511","Forward","439 [Sequence]","389","4.64e-119","51.936 [Alignment]"
"ENSNLET00000022959.2","SLC1A7","397","1410","Forward","9:35932676-35974352 [Sequence]","Reverse","sp|P43004|EAA2_HUMAN","173","501","Forward","341 [Sequence]","337","3.90e-96","52.199 [Alignment]"
"ENSNLET00000020528.2","SLC1A3","610","1956","Forward","6:35143621-35222002 [Sequence]","Forward","sp|P43004|EAA2_HUMAN","41","534","Forward","500 [Sequence]","335","2.24e-95","48.000 [Alignment]"
"ENSNLET00000047153.1","SLC1A2","1","573","Forward","15:97286757-97297958 [Sequence]","Reverse","sp|P43004|EAA2_HUMAN","10","200","Forward","191 [Sequence]","297","4.03e-91","97.906 [Alignment]"
"ENSNLET00000012694.3","SLC1A4","736","2073","Forward","14:33542457-33573400 [Sequence]","Forward","sp|P43004|EAA2_HUMAN","36","498","Forward","469 [Sequence]","309","2.04e-86","45.842 [Alignment]"
"ENSNLET00000035523.1","SLC1A3","1155","1916","Forward","6:35206954-35222002 [Sequence]","Forward","sp|P43004|EAA2_HUMAN","284","534","Forward","254 [Sequence]","305","2.24e-85","61.811 [Alignment]"
"ENSNLET00000035489.1","SLC1A4","100","1419","Forward","14:33542457-33573400 [Sequence]","Forward","sp|P43004|EAA2_HUMAN","36","498","Forward","469 [Sequence]","289","2.60e-81","44.136 [Alignment]"
"ENSNLET00000036200.1","SLC1A3","532","1110","Forward","6:35209861-35222002 [Sequence]","Forward","sp|P43004|EAA2_HUMAN","347","534","Forward","193 [Sequence]","200","2.83e-53","53.886 [Alignment]"
"ENSNLET00000051853.1","SLC1A7","1363","1803","Forward","9:35932676-35934609 [Sequence]","Reverse","sp|P43004|EAA2_HUMAN","355","501","Forward","147 [Sequence]","203","6.62e-53","63.265 [Alignment]"
"ENSNLET00000053869.1","SLC1A4","88","543","Forward","14:33563087-33573400 [Sequence]","Forward","sp|P43004|EAA2_HUMAN","347","498","Forward","152 [Sequence]","179","1.96e-48","51.974 [Alignment]"
"ENSNLET00000051853.1","SLC1A7","217","1212","Forward","9:35936333-35982743 [Sequence]","Reverse","sp|P43004|EAA2_HUMAN","39","363","Forward","337 [Sequence]","188","3.59e-48","43.620 [Alignment]"
"ENSNLET00000046933.1","ENSNLEG00000005164","883","1230","Forward","10:59543617-59554496 [Sequence]","Forward","sp|P43004|EAA2_HUMAN","347","507","Forward","161 [Sequence]","128","4.88e-30","42.236 [Alignment]"
"ENSNLET00000006570.2","ENSNLEG00000005164","1336","2115","Forward","10:59533058-59543670 [Sequence]","Forward","sp|P43004|EAA2_HUMAN","41","286","Forward","266 [Sequence]","129","5.49e-30","40.602 [Alignment]"
"ENSNLET00000046933.1","ENSNLEG00000005164","157","969","Forward","10:59533058-59550798 [Sequence]","Forward","sp|P43004|EAA2_HUMAN","41","295","Forward","277 [Sequence]","127","1.76e-29","39.350 [Alignment]"
"ENSNLET00000039698.1","ENSNLEG00000029695","892","1338","Forward","17:93070370-93073129 [Sequence]","Reverse","sp|P43004|EAA2_HUMAN","404","546","Forward","149 [Sequence]","96.6","4.99e-20","38.255 [Alignment]"
"ENSNLET00000039698.1","ENSNLEG00000029695","361","831","Forward","17:93073190-93082696 [Sequence]","Reverse","sp|P43004|EAA2_HUMAN","109","287","Forward","184 [Sequence]","94.9","1.61e-19","36.957 [Alignment]"
"ENSNLET00000036200.1","SLC1A3","133","660","Forward","6:35143621-35216214 [Sequence]","Forward","sp|P43004|EAA2_HUMAN","41","221","Forward","181 [Sequence]","83.6","4.63e-16","49.171 [Alignment]"
"ENSNLET00000047906.1","SLC1A7","217","618","Forward","9:35945754-35982743 [Sequence]","Reverse","sp|P43004|EAA2_HUMAN","39","174","Forward","136 [Sequence]","58.1","3.64e-08","43.382 [Alignment]"
"ENSNLET00000035523.1","SLC1A3","771","1163","Forward","6:35143621-35215387 [Sequence]","Forward","sp|P43004|EAA2_HUMAN","41","173","Forward","133 [Sequence]","51.4","4.62e-06","51.880 [Alignment]"
"ENSNLET00000053869.1","SLC1A4","1","153","Forward","14:33563000-33570494 [Sequence]","Forward","sp|P43004|EAA2_HUMAN","240","290","Forward","51 [Sequence]","46.8","6.87e-05","43.137 [Alignment]"
