"Subject name","Gene hit","Subject start","Subject end","Subject ori","Genomic Location","Orientation","Query name","Query start","Query end","Query ori","Length","Score","E-val","%ID"
"ENSGGOT00000056432.1","SLC1A2","1126","1722","Forward","11:35402839-35429008 [Sequence]","Reverse","tr|A0A2R8YHI4|A0A2R8YHI4_HUMAN","2","155","Forward","199 [Sequence]","315","2.85e-99","76.884 [Alignment]"
"ENSGGOT00000063591.1","SLC1A2","1135","1731","Forward","11:35402839-35429008 [Sequence]","Reverse","tr|A0A2R8YHI4|A0A2R8YHI4_HUMAN","2","155","Forward","199 [Sequence]","315","3.07e-99","76.884 [Alignment]"
"ENSGGOT00000054270.1","SLC1A2","1222","1818","Forward","11:35402839-35429008 [Sequence]","Reverse","tr|A0A2R8YHI4|A0A2R8YHI4_HUMAN","2","155","Forward","199 [Sequence]","315","5.98e-99","76.884 [Alignment]"
"ENSGGOT00000048601.1","SLC1A2","1099","1626","Forward","11:35407488-35429008 [Sequence]","Reverse","tr|A0A2R8YHI4|A0A2R8YHI4_HUMAN","2","132","Forward","176 [Sequence]","263","2.23e-80","73.864 [Alignment]"
"ENSGGOT00000067669.1","SLC1A2","1135","1662","Forward","11:35407488-35429008 [Sequence]","Reverse","tr|A0A2R8YHI4|A0A2R8YHI4_HUMAN","2","132","Forward","176 [Sequence]","263","2.86e-80","73.864 [Alignment]"
"ENSGGOT00000047992.1","SLC1A3","1129","1479","Forward","17:58647799-58653625 [Sequence]","Reverse","tr|A0A2R8YHI4|A0A2R8YHI4_HUMAN","2","115","Forward","117 [Sequence]","139","1.14e-36","61.538 [Alignment]"
"ENSGGOT00000004685.3","SLC1A3","1605","2039","Forward","17:58647850-58653625 [Sequence]","Reverse","tr|A0A2R8YHI4|A0A2R8YHI4_HUMAN","2","99","Forward","145 [Sequence]","134","8.90e-35","46.207 [Alignment]"
"ENSGGOT00000000265.3","SLC1A1","1452","1841","Forward","9:45399305-45416643 [Sequence]","Reverse","tr|A0A2R8YHI4|A0A2R8YHI4_HUMAN","2","86","Forward","130 [Sequence]","123","2.82e-31","46.154 [Alignment]"
"ENSGGOT00000057293.1","SLC1A6","970","1215","Forward","19:14734443-14739086 [Sequence]","Reverse","tr|A0A2R8YHI4|A0A2R8YHI4_HUMAN","2","83","Forward","82 [Sequence]","123","3.06e-31","67.073 [Alignment]"
"ENSGGOT00000029492.2","SLC1A6","1012","1257","Forward","19:14734443-14739086 [Sequence]","Reverse","tr|A0A2R8YHI4|A0A2R8YHI4_HUMAN","2","83","Forward","82 [Sequence]","122","4.44e-31","67.073 [Alignment]"
"ENSGGOT00000049873.1","SLC1A3","991","1476","Forward","17:58647799-58653625 [Sequence]","Reverse","tr|A0A2R8YHI4|A0A2R8YHI4_HUMAN","2","115","Forward","162 [Sequence]","113","8.59e-28","43.827 [Alignment]"
"ENSGGOT00000052635.1","SLC1A3","1114","1599","Forward","17:58647799-58653625 [Sequence]","Reverse","tr|A0A2R8YHI4|A0A2R8YHI4_HUMAN","2","115","Forward","162 [Sequence]","112","1.40e-27","43.827 [Alignment]"
"ENSGGOT00000045834.1","SLC1A3","793","1278","Forward","17:58647799-58653625 [Sequence]","Reverse","tr|A0A2R8YHI4|A0A2R8YHI4_HUMAN","2","115","Forward","162 [Sequence]","112","2.21e-27","43.827 [Alignment]"
"ENSGGOT00000048985.1","SLC1A7","1036","1422","Forward","1:53690627-53692506 [Sequence]","Reverse","tr|A0A2R8YHI4|A0A2R8YHI4_HUMAN","3","84","Forward","129 [Sequence]","110","1.78e-26","41.860 [Alignment]"
"ENSGGOT00000026438.2","SLC1A7","1252","1638","Forward","1:53690627-53692506 [Sequence]","Reverse","tr|A0A2R8YHI4|A0A2R8YHI4_HUMAN","3","84","Forward","129 [Sequence]","110","1.80e-26","41.860 [Alignment]"
"ENSGGOT00000058186.1","SLC1A1","1021","1428","Forward","9:45399287-45416643 [Sequence]","Reverse","tr|A0A2R8YHI4|A0A2R8YHI4_HUMAN","2","92","Forward","136 [Sequence]","106","1.85e-25","44.853 [Alignment]"
"ENSGGOT00000011255.3","SLC1A4","1431","1799","Forward","2A:41864539-41867413 [Sequence]","Reverse","tr|A0A2R8YHI4|A0A2R8YHI4_HUMAN","2","79","Forward","123 [Sequence]","104","8.78e-25","38.211 [Alignment]"
"ENSGGOT00000057874.1","SLC1A3","640","1110","Forward","17:58647799-58657064 [Sequence]","Reverse","tr|A0A2R8YHI4|A0A2R8YHI4_HUMAN","7","115","Forward","157 [Sequence]","103","2.61e-24","42.038 [Alignment]"
"ENSGGOT00000013495.3","SLC1A6","1204","1509","Forward","19:14734443-14739086 [Sequence]","Reverse","tr|A0A2R8YHI4|A0A2R8YHI4_HUMAN","2","83","Forward","102 [Sequence]","102","6.48e-24","50.980 [Alignment]"
"ENSGGOT00000067699.1","SLC1A7","1246","1620","Forward","1:53690639-53692506 [Sequence]","Reverse","tr|A0A2R8YHI4|A0A2R8YHI4_HUMAN","3","82","Forward","125 [Sequence]","91.2","3.40e-20","41.600 [Alignment]"
"ENSGGOT00000060326.1","SLC1A4","175","543","Forward","2A:41864539-41867413 [Sequence]","Reverse","tr|A0A2R8YHI4|A0A2R8YHI4_HUMAN","2","79","Forward","123 [Sequence]","89.1","1.20e-19","38.211 [Alignment]"
"ENSGGOT00000005676.3","SLC1A7","1069","1257","Forward","1:53691641-53692506 [Sequence]","Reverse","tr|A0A2R8YHI4|A0A2R8YHI4_HUMAN","3","71","Forward","69 [Sequence]","85.7","2.16e-18","63.768 [Alignment]"
"ENSGGOT00000066942.1","SLC1A4","1021","1179","Forward","2A:41867255-41867413 [Sequence]","Reverse","tr|A0A2R8YHI4|A0A2R8YHI4_HUMAN","2","54","Forward","53 [Sequence]","82.0","3.95e-17","62.264 [Alignment]"
"ENSGGOT00000060461.1","SLC1A5","1060","1218","Forward","19:46024723-46024881 [Sequence]","Reverse","tr|A0A2R8YHI4|A0A2R8YHI4_HUMAN","2","54","Forward","53 [Sequence]","68.6","1.15e-12","54.717 [Alignment]"
"ENSGGOT00000008831.3","SLC1A5","1740","1898","Forward","19:46024723-46024881 [Sequence]","Reverse","tr|A0A2R8YHI4|A0A2R8YHI4_HUMAN","2","54","Forward","53 [Sequence]","68.6","1.22e-12","54.717 [Alignment]"
"ENSGGOT00000064242.1","SLC1A5","487","645","Forward","19:46024723-46024881 [Sequence]","Reverse","tr|A0A2R8YHI4|A0A2R8YHI4_HUMAN","2","54","Forward","53 [Sequence]","68.2","1.32e-12","54.717 [Alignment]"
"ENSGGOT00000066942.1","SLC1A4","1351","1425","Forward","2A:41864539-41864613 [Sequence]","Reverse","tr|A0A2R8YHI4|A0A2R8YHI4_HUMAN","55","79","Forward","25 [Sequence]","36.0","0.042","60.000 [Alignment]"
