"Subject name","Gene hit","Subject start","Subject end","Subject ori","Genomic Location","Orientation","Query name","Query start","Query end","Query ori","Length","Score","E-val","%ID"
"ENSMUST00000111212.8","Slc1a2","1152","1745","Forward","2:102591394-102611876 [Sequence]","Forward","tr|A0A2R8YHI4|A0A2R8YHI4_HUMAN","2","155","Forward","199 [Sequence]","300","7.07e-93","73.367 [Alignment]"
"ENSMUST00000080210.10","Slc1a2","1749","2342","Forward","2:102591394-102611876 [Sequence]","Forward","tr|A0A2R8YHI4|A0A2R8YHI4_HUMAN","2","155","Forward","199 [Sequence]","300","3.15e-92","73.367 [Alignment]"
"ENSMUST00000111213.8","Slc1a2","1127","1663","Forward","2:102591394-102608012 [Sequence]","Forward","tr|A0A2R8YHI4|A0A2R8YHI4_HUMAN","2","136","Forward","180 [Sequence]","250","9.08e-75","68.889 [Alignment]"
"ENSMUST00000005220.11","Slc1a2","1152","1688","Forward","2:102591394-102608012 [Sequence]","Forward","tr|A0A2R8YHI4|A0A2R8YHI4_HUMAN","2","136","Forward","180 [Sequence]","250","9.31e-75","68.889 [Alignment]"
"ENSMUST00000136488.2","Slc1a2","269","583","Forward","2:102591394-102607925 [Sequence]","Forward","tr|A0A2R8YHI4|A0A2R8YHI4_HUMAN","2","106","Forward","105 [Sequence]","220","4.27e-69","96.190 [Alignment]"
"ENSMUST00000154446.2","Slc1a2","174","401","Forward","2:102607773-102608000 [Sequence]","Forward","tr|A0A2R8YHI4|A0A2R8YHI4_HUMAN","56","132","Forward","77 [Sequence]","160","4.46e-46","93.506 [Alignment]"
"ENSMUST00000005493.14","Slc1a3","1652","2086","Forward","15:8665685-8671826 [Sequence]","Reverse","tr|A0A2R8YHI4|A0A2R8YHI4_HUMAN","2","99","Forward","145 [Sequence]","133","4.61e-34","45.517 [Alignment]"
"ENSMUST00000125997.2","Slc1a3","2526","2960","Forward","15:8665685-8671826 [Sequence]","Reverse","tr|A0A2R8YHI4|A0A2R8YHI4_HUMAN","2","99","Forward","145 [Sequence]","133","4.64e-34","45.517 [Alignment]"
"ENSMUST00000025875.5","Slc1a1","1198","1587","Forward","19:28882767-28889147 [Sequence]","Forward","tr|A0A2R8YHI4|A0A2R8YHI4_HUMAN","2","86","Forward","130 [Sequence]","126","9.88e-32","46.923 [Alignment]"
"ENSMUST00000162189.2","Slc1a1","881","1270","Forward","19:28882767-28889147 [Sequence]","Forward","tr|A0A2R8YHI4|A0A2R8YHI4_HUMAN","2","86","Forward","130 [Sequence]","125","1.28e-31","46.923 [Alignment]"
"ENSMUST00000160702.8","Slc1a1","2146","2553","Forward","19:28882767-28889165 [Sequence]","Forward","tr|A0A2R8YHI4|A0A2R8YHI4_HUMAN","2","92","Forward","136 [Sequence]","108","1.38e-25","45.588 [Alignment]"
"ENSMUST00000004634.7","Slc1a4","1281","1649","Forward","11:20254428-20258052 [Sequence]","Reverse","tr|A0A2R8YHI4|A0A2R8YHI4_HUMAN","2","79","Forward","123 [Sequence]","101","2.51e-23","38.211 [Alignment]"
"ENSMUST00000109594.8","Slc1a4","1310","1678","Forward","11:20254428-20258052 [Sequence]","Reverse","tr|A0A2R8YHI4|A0A2R8YHI4_HUMAN","2","79","Forward","123 [Sequence]","101","2.51e-23","38.211 [Alignment]"
"ENSMUST00000005490.10","Slc1a6","1388","1768","Forward","10:78637670-78650338 [Sequence]","Forward","tr|A0A2R8YHI4|A0A2R8YHI4_HUMAN","2","83","Forward","127 [Sequence]","99","8.25e-23","43.307 [Alignment]"
"ENSMUST00000238795.2","Slc1a7","1308","1682","Forward","4:107866913-107868171 [Sequence]","Forward","tr|A0A2R8YHI4|A0A2R8YHI4_HUMAN","3","82","Forward","125 [Sequence]","91.6","5.64e-20","41.600 [Alignment]"
"ENSMUST00000106713.5","Slc1a7","1310","1684","Forward","4:107866913-107868171 [Sequence]","Forward","tr|A0A2R8YHI4|A0A2R8YHI4_HUMAN","3","82","Forward","125 [Sequence]","91.6","5.64e-20","41.600 [Alignment]"
"ENSMUST00000161119.8","Slc1a1","1137","1298","Forward","19:28882767-28882928 [Sequence]","Forward","tr|A0A2R8YHI4|A0A2R8YHI4_HUMAN","2","55","Forward","54 [Sequence]","91.2","8.00e-20","77.778 [Alignment]"
"ENSMUST00000134407.2","Slc1a5","317","475","Forward","7:16529717-16529875 [Sequence]","Forward","tr|A0A2R8YHI4|A0A2R8YHI4_HUMAN","2","54","Forward","53 [Sequence]","75.3","1.05e-14","58.491 [Alignment]"
"ENSMUST00000127401.8","Slc1a5","1668","1826","Forward","7:16529717-16529875 [Sequence]","Forward","tr|A0A2R8YHI4|A0A2R8YHI4_HUMAN","2","54","Forward","53 [Sequence]","76.1","1.13e-14","58.491 [Alignment]"
"ENSMUST00000108496.9","Slc1a5","1696","1854","Forward","7:16529717-16529875 [Sequence]","Forward","tr|A0A2R8YHI4|A0A2R8YHI4_HUMAN","2","54","Forward","53 [Sequence]","75.7","1.43e-14","58.491 [Alignment]"
"ENSMUST00000141349.2","Slc1a5","739","876","Forward","7:16529717-16529854 [Sequence]","Forward","tr|A0A2R8YHI4|A0A2R8YHI4_HUMAN","2","47","Forward","46 [Sequence]","71.9","2.00e-13","63.043 [Alignment]"
"ENSMUST00000128879.2","Slc1a3","383","469","Forward","15:8671740-8671826 [Sequence]","Reverse","tr|A0A2R8YHI4|A0A2R8YHI4_HUMAN","2","30","Forward","29 [Sequence]","60.6","4.62e-10","89.655 [Alignment]"
"ENSMUST00000154446.2","Slc1a2","443","541","Forward","2:102611103-102611876 [Sequence]","Forward","tr|A0A2R8YHI4|A0A2R8YHI4_HUMAN","123","155","Forward","33 [Sequence]","58.5","3.90e-09","78.788 [Alignment]"
