"Subject name","Gene hit","Subject start","Subject end","Subject ori","Genomic Location","Orientation","Query name","Query start","Query end","Query ori","Length","Score","E-val","%ID"
"ENSNLET00000041986.1","SLC1A2","593","1819","Forward","15:97266916-97393370 [Sequence]","Reverse","tr|C9J9N5|C9J9N5_HUMAN","1","409","Forward","409 [Sequence]","733","0.0","99.756 [Alignment]"
"ENSNLET00000040490.1","SLC1A2","19","1245","Forward","15:97266916-97299752 [Sequence]","Reverse","tr|C9J9N5|C9J9N5_HUMAN","2","409","Forward","409 [Sequence]","721","0.0","99.022 [Alignment]"
"ENSNLET00000054650.1","SLC1A2","19","1245","Forward","15:97266916-97299752 [Sequence]","Reverse","tr|C9J9N5|C9J9N5_HUMAN","2","409","Forward","409 [Sequence]","721","0.0","99.022 [Alignment]"
"ENSNLET00000050156.1","SLC1A2","1","1200","Forward","15:97266916-97297958 [Sequence]","Reverse","tr|C9J9N5|C9J9N5_HUMAN","10","409","Forward","400 [Sequence]","714","0.0","99.750 [Alignment]"
"ENSNLET00000047153.1","SLC1A2","1","573","Forward","15:97286757-97297958 [Sequence]","Reverse","tr|C9J9N5|C9J9N5_HUMAN","10","200","Forward","191 [Sequence]","296","6.38e-93","97.906 [Alignment]"
"ENSNLET00000020528.2","SLC1A3","610","1707","Forward","6:35143621-35216280 [Sequence]","Forward","tr|C9J9N5|C9J9N5_HUMAN","41","409","Forward","372 [Sequence]","286","1.82e-81","53.763 [Alignment]"
"ENSNLET00000035538.1","SLC1A3","905","2002","Forward","6:35143621-35216280 [Sequence]","Forward","tr|C9J9N5|C9J9N5_HUMAN","41","409","Forward","372 [Sequence]","286","1.94e-81","53.763 [Alignment]"
"ENSNLET00000050937.1","SLC1A3","673","1569","Forward","6:35206771-35216280 [Sequence]","Forward","tr|C9J9N5|C9J9N5_HUMAN","109","409","Forward","304 [Sequence]","276","4.12e-78","54.934 [Alignment]"
"ENSNLET00000035611.1","SLC1A1","10","933","Forward","1a:5428724-5461135 [Sequence]","Forward","tr|C9J9N5|C9J9N5_HUMAN","61","409","Forward","355 [Sequence]","256","5.14e-73","47.887 [Alignment]"
"ENSNLET00000044558.1","SLC1A3","133","1215","Forward","6:35143621-35216280 [Sequence]","Forward","tr|C9J9N5|C9J9N5_HUMAN","41","409","Forward","371 [Sequence]","253","2.58e-71","51.213 [Alignment]"
"ENSNLET00000022959.2","SLC1A7","397","1134","Forward","9:35934445-35974352 [Sequence]","Reverse","tr|C9J9N5|C9J9N5_HUMAN","173","409","Forward","248 [Sequence]","213","2.94e-57","48.790 [Alignment]"
"ENSNLET00000012694.3","SLC1A4","736","1806","Forward","14:33542457-33570617 [Sequence]","Forward","tr|C9J9N5|C9J9N5_HUMAN","36","409","Forward","380 [Sequence]","200","6.28e-53","43.421 [Alignment]"
"ENSNLET00000051853.1","SLC1A7","217","1212","Forward","9:35936333-35982743 [Sequence]","Reverse","tr|C9J9N5|C9J9N5_HUMAN","39","363","Forward","336 [Sequence]","186","1.73e-48","43.452 [Alignment]"
"ENSNLET00000035489.1","SLC1A4","100","1152","Forward","14:33542457-33570617 [Sequence]","Forward","tr|C9J9N5|C9J9N5_HUMAN","36","409","Forward","380 [Sequence]","180","8.45e-47","41.316 [Alignment]"
"ENSNLET00000035523.1","SLC1A3","1155","1532","Forward","6:35206954-35216280 [Sequence]","Forward","tr|C9J9N5|C9J9N5_HUMAN","284","409","Forward","126 [Sequence]","164","2.25e-41","67.460 [Alignment]"
"ENSNLET00000006570.2","ENSNLEG00000005164","1336","2115","Forward","10:59533058-59543670 [Sequence]","Forward","tr|C9J9N5|C9J9N5_HUMAN","41","286","Forward","266 [Sequence]","128","5.16e-30","40.226 [Alignment]"
"ENSNLET00000046933.1","ENSNLEG00000005164","157","978","Forward","10:59533058-59550807 [Sequence]","Forward","tr|C9J9N5|C9J9N5_HUMAN","41","298","Forward","280 [Sequence]","125","2.19e-29","38.929 [Alignment]"
"ENSNLET00000039698.1","ENSNLEG00000029695","361","831","Forward","17:93073190-93082696 [Sequence]","Reverse","tr|C9J9N5|C9J9N5_HUMAN","109","287","Forward","184 [Sequence]","94.1","1.55e-19","36.957 [Alignment]"
"ENSNLET00000046933.1","ENSNLEG00000005164","883","1071","Forward","10:59543617-59550900 [Sequence]","Forward","tr|C9J9N5|C9J9N5_HUMAN","347","409","Forward","63 [Sequence]","91.6","9.49e-19","63.492 [Alignment]"
"ENSNLET00000036200.1","SLC1A3","133","660","Forward","6:35143621-35216214 [Sequence]","Forward","tr|C9J9N5|C9J9N5_HUMAN","41","221","Forward","181 [Sequence]","82.4","5.86e-16","49.171 [Alignment]"
"ENSNLET00000051853.1","SLC1A7","1363","1527","Forward","9:35934445-35934609 [Sequence]","Reverse","tr|C9J9N5|C9J9N5_HUMAN","355","409","Forward","55 [Sequence]","82.4","9.51e-16","67.273 [Alignment]"
"ENSNLET00000053869.1","SLC1A4","88","276","Forward","14:33563087-33570617 [Sequence]","Forward","tr|C9J9N5|C9J9N5_HUMAN","347","409","Forward","63 [Sequence]","70.7","1.35e-12","46.032 [Alignment]"
"ENSNLET00000036200.1","SLC1A3","532","726","Forward","6:35209861-35216280 [Sequence]","Forward","tr|C9J9N5|C9J9N5_HUMAN","347","409","Forward","65 [Sequence]","58.5","1.47e-08","49.231 [Alignment]"
"ENSNLET00000047906.1","SLC1A7","217","618","Forward","9:35945754-35982743 [Sequence]","Reverse","tr|C9J9N5|C9J9N5_HUMAN","39","174","Forward","136 [Sequence]","57.7","2.46e-08","43.382 [Alignment]"
"ENSNLET00000035523.1","SLC1A3","771","1163","Forward","6:35143621-35215387 [Sequence]","Forward","tr|C9J9N5|C9J9N5_HUMAN","41","173","Forward","133 [Sequence]","51.0","3.64e-06","51.880 [Alignment]"
"ENSNLET00000053869.1","SLC1A4","1","153","Forward","14:33563000-33570494 [Sequence]","Forward","tr|C9J9N5|C9J9N5_HUMAN","240","290","Forward","51 [Sequence]","46.8","4.85e-05","43.137 [Alignment]"
