"Subject name","Gene hit","Subject start","Subject end","Subject ori","Genomic Location","Orientation","Query name","Query start","Query end","Query ori","Length","Score","E-val","%ID"
"ENST00000647104.1","SLC1A2","888","1874","Forward","11:35260897-35301640 [Sequence]","Reverse","tr|A0A2R8Y4N0|A0A2R8Y4N0_HUMAN","2","330","Forward","329 [Sequence]","675","0.0","100.000 [Alignment]"
"ENST00000646080.1","SLC1A2","805","1791","Forward","11:35260897-35301640 [Sequence]","Reverse","tr|A0A2R8Y4N0|A0A2R8Y4N0_HUMAN","2","330","Forward","329 [Sequence]","675","0.0","100.000 [Alignment]"
"ENST00000642448.1","SLC1A2","828","1814","Forward","11:35260897-35301640 [Sequence]","Reverse","tr|A0A2R8Y4N0|A0A2R8Y4N0_HUMAN","2","330","Forward","329 [Sequence]","675","0.0","100.000 [Alignment]"
"ENST00000645194.1","SLC1A2","780","1766","Forward","11:35260897-35301640 [Sequence]","Reverse","tr|A0A2R8Y4N0|A0A2R8Y4N0_HUMAN","2","330","Forward","329 [Sequence]","675","0.0","100.000 [Alignment]"
"ENST00000644299.1","SLC1A2","881","1867","Forward","11:35260897-35301640 [Sequence]","Reverse","tr|A0A2R8Y4N0|A0A2R8Y4N0_HUMAN","2","330","Forward","329 [Sequence]","675","0.0","100.000 [Alignment]"
"ENST00000643000.1","SLC1A2","824","1810","Forward","11:35260897-35301640 [Sequence]","Reverse","tr|A0A2R8Y4N0|A0A2R8Y4N0_HUMAN","2","330","Forward","329 [Sequence]","675","0.0","100.000 [Alignment]"
"ENST00000645634.1","SLC1A2","1031","2017","Forward","11:35260897-35301640 [Sequence]","Reverse","tr|A0A2R8Y4N0|A0A2R8Y4N0_HUMAN","2","330","Forward","329 [Sequence]","675","0.0","100.000 [Alignment]"
"ENST00000644779.1","SLC1A2","1674","2660","Forward","11:35260897-35301640 [Sequence]","Reverse","tr|A0A2R8Y4N0|A0A2R8Y4N0_HUMAN","2","330","Forward","329 [Sequence]","675","0.0","100.000 [Alignment]"
"ENST00000644050.1","SLC1A2","1175","2161","Forward","11:35260897-35301640 [Sequence]","Reverse","tr|A0A2R8Y4N0|A0A2R8Y4N0_HUMAN","2","330","Forward","329 [Sequence]","675","0.0","100.000 [Alignment]"
"ENST00000645303.1","SLC1A2","1040","2026","Forward","11:35260897-35301640 [Sequence]","Reverse","tr|A0A2R8Y4N0|A0A2R8Y4N0_HUMAN","2","330","Forward","329 [Sequence]","675","0.0","100.000 [Alignment]"
"ENST00000395750.6","SLC1A2","842","1828","Forward","11:35260897-35301640 [Sequence]","Reverse","tr|A0A2R8Y4N0|A0A2R8Y4N0_HUMAN","2","330","Forward","329 [Sequence]","675","0.0","100.000 [Alignment]"
"ENST00000395753.6","SLC1A2","869","1855","Forward","11:35260897-35301640 [Sequence]","Reverse","tr|A0A2R8Y4N0|A0A2R8Y4N0_HUMAN","2","330","Forward","329 [Sequence]","675","0.0","100.000 [Alignment]"
"ENST00000278379.9","SLC1A2","1328","2314","Forward","11:35260897-35301640 [Sequence]","Reverse","tr|A0A2R8Y4N0|A0A2R8Y4N0_HUMAN","2","330","Forward","329 [Sequence]","675","0.0","100.000 [Alignment]"
"ENST00000479543.2","SLC1A2","288","1274","Forward","11:35260897-35301640 [Sequence]","Reverse","tr|A0A2R8Y4N0|A0A2R8Y4N0_HUMAN","2","330","Forward","329 [Sequence]","674","0.0","100.000 [Alignment]"
"ENST00000642769.1","SLC1A2","2","988","Forward","11:35260897-35301640 [Sequence]","Reverse","tr|A0A2R8Y4N0|A0A2R8Y4N0_HUMAN","2","330","Forward","329 [Sequence]","672","0.0","100.000 [Alignment]"
"ENST00000642578.1","SLC1A2","836","1756","Forward","11:35265524-35301640 [Sequence]","Reverse","tr|A0A2R8Y4N0|A0A2R8Y4N0_HUMAN","2","308","Forward","307 [Sequence]","624","0.0","100.000 [Alignment]"
"ENST00000647372.1","SLC1A2","824","1744","Forward","11:35265524-35301640 [Sequence]","Reverse","tr|A0A2R8Y4N0|A0A2R8Y4N0_HUMAN","2","308","Forward","307 [Sequence]","624","0.0","100.000 [Alignment]"
"ENST00000646099.1","SLC1A2","808","1728","Forward","11:35265524-35301640 [Sequence]","Reverse","tr|A0A2R8Y4N0|A0A2R8Y4N0_HUMAN","2","308","Forward","307 [Sequence]","624","0.0","100.000 [Alignment]"
"ENST00000643305.1","SLC1A2","1323","2243","Forward","11:35265524-35301640 [Sequence]","Reverse","tr|A0A2R8Y4N0|A0A2R8Y4N0_HUMAN","2","308","Forward","307 [Sequence]","624","0.0","100.000 [Alignment]"
"ENST00000643454.1","SLC1A2","765","1685","Forward","11:35265524-35301640 [Sequence]","Reverse","tr|A0A2R8Y4N0|A0A2R8Y4N0_HUMAN","2","308","Forward","307 [Sequence]","624","0.0","100.000 [Alignment]"
"ENST00000643134.1","SLC1A2","1125","2042","Forward","11:35265527-35301640 [Sequence]","Reverse","tr|A0A2R8Y4N0|A0A2R8Y4N0_HUMAN","2","307","Forward","306 [Sequence]","624","0.0","100.000 [Alignment]"
"ENST00000644868.1","SLC1A2","727","1644","Forward","11:35265527-35301640 [Sequence]","Reverse","tr|A0A2R8Y4N0|A0A2R8Y4N0_HUMAN","2","307","Forward","306 [Sequence]","623","0.0","100.000 [Alignment]"
"ENST00000644459.1","SLC1A2","1328","2245","Forward","11:35265527-35301640 [Sequence]","Reverse","tr|A0A2R8Y4N0|A0A2R8Y4N0_HUMAN","2","307","Forward","306 [Sequence]","623","0.0","100.000 [Alignment]"
"ENST00000642171.1","SLC1A2","983","1900","Forward","11:35265527-35301640 [Sequence]","Reverse","tr|A0A2R8Y4N0|A0A2R8Y4N0_HUMAN","2","307","Forward","306 [Sequence]","623","0.0","100.000 [Alignment]"
"ENST00000531628.2","SLC1A2","736","1659","Forward","11:35261880-35301640 [Sequence]","Reverse","tr|A0A2R8Y4N0|A0A2R8Y4N0_HUMAN","2","309","Forward","308 [Sequence]","622","0.0","99.675 [Alignment]"
"ENST00000606205.6","SLC1A2","868","1653","Forward","11:35265524-35301640 [Sequence]","Reverse","tr|A0A2R8Y4N0|A0A2R8Y4N0_HUMAN","2","308","Forward","307 [Sequence]","511","1.55e-168","85.016 [Alignment]"
"ENST00000643522.1","SLC1A2","1355","1984","Forward","11:35260897-35286950 [Sequence]","Reverse","tr|A0A2R8Y4N0|A0A2R8Y4N0_HUMAN","121","330","Forward","210 [Sequence]","456","3.12e-141","100.000 [Alignment]"
"ENST00000644351.1","SLC1A2","1324","2010","Forward","11:35280866-35301640 [Sequence]","Reverse","tr|A0A2R8Y4N0|A0A2R8Y4N0_HUMAN","2","230","Forward","229 [Sequence]","446","2.25e-139","100.000 [Alignment]"
"ENST00000646167.1","SLC1A2","709","1272","Forward","11:35265524-35286950 [Sequence]","Reverse","tr|A0A2R8Y4N0|A0A2R8Y4N0_HUMAN","121","308","Forward","188 [Sequence]","405","4.62e-130","100.000 [Alignment]"
"ENST00000642216.1","SLC1A2","284","832","Forward","11:35286759-35301640 [Sequence]","Reverse","tr|A0A2R8Y4N0|A0A2R8Y4N0_HUMAN","2","184","Forward","183 [Sequence]","356","8.02e-110","100.000 [Alignment]"
"ENST00000681909.1","SLC1A3","1083","1952","Forward","5:36677069-36686254 [Sequence]","Forward","tr|A0A2R8Y4N0|A0A2R8Y4N0_HUMAN","4","290","Forward","290 [Sequence]","345","2.08e-103","60.000 [Alignment]"
"ENST00000613445.5","SLC1A3","896","1765","Forward","5:36677069-36686254 [Sequence]","Forward","tr|A0A2R8Y4N0|A0A2R8Y4N0_HUMAN","4","290","Forward","290 [Sequence]","345","9.84e-103","60.000 [Alignment]"
"ENST00000680655.1","SLC1A3","1082","1951","Forward","5:36677069-36686254 [Sequence]","Forward","tr|A0A2R8Y4N0|A0A2R8Y4N0_HUMAN","4","290","Forward","290 [Sequence]","345","1.37e-102","60.000 [Alignment]"
"ENST00000679784.1","SLC1A3","1282","2151","Forward","5:36677069-36686254 [Sequence]","Forward","tr|A0A2R8Y4N0|A0A2R8Y4N0_HUMAN","4","290","Forward","290 [Sequence]","345","1.45e-102","60.000 [Alignment]"
"ENST00000680876.1","SLC1A3","3926","4795","Forward","5:36677069-36686254 [Sequence]","Forward","tr|A0A2R8Y4N0|A0A2R8Y4N0_HUMAN","4","290","Forward","290 [Sequence]","345","1.98e-102","60.000 [Alignment]"
"ENST00000381918.4","SLC1A3","888","1757","Forward","5:36677069-36686254 [Sequence]","Forward","tr|A0A2R8Y4N0|A0A2R8Y4N0_HUMAN","4","290","Forward","290 [Sequence]","344","2.05e-102","60.000 [Alignment]"
"ENST00000680318.1","SLC1A3","931","1800","Forward","5:36677069-36686254 [Sequence]","Forward","tr|A0A2R8Y4N0|A0A2R8Y4N0_HUMAN","4","290","Forward","290 [Sequence]","344","2.06e-102","60.000 [Alignment]"
"ENST00000679992.1","SLC1A3","962","1831","Forward","5:36677069-36686254 [Sequence]","Forward","tr|A0A2R8Y4N0|A0A2R8Y4N0_HUMAN","4","290","Forward","290 [Sequence]","344","2.06e-102","60.000 [Alignment]"
"ENST00000265113.9","SLC1A3","970","1839","Forward","5:36677069-36686254 [Sequence]","Forward","tr|A0A2R8Y4N0|A0A2R8Y4N0_HUMAN","4","290","Forward","290 [Sequence]","344","2.06e-102","60.000 [Alignment]"
"ENST00000680048.1","SLC1A3","1875","2744","Forward","5:36677069-36686254 [Sequence]","Forward","tr|A0A2R8Y4N0|A0A2R8Y4N0_HUMAN","4","290","Forward","290 [Sequence]","344","2.07e-102","60.000 [Alignment]"
"ENST00000679983.1","SLC1A3","1520","2389","Forward","5:36677069-36686254 [Sequence]","Forward","tr|A0A2R8Y4N0|A0A2R8Y4N0_HUMAN","4","290","Forward","290 [Sequence]","344","2.13e-102","60.000 [Alignment]"
"ENST00000624112.2","SLC1A3","3738","4607","Forward","5:36677069-36686254 [Sequence]","Forward","tr|A0A2R8Y4N0|A0A2R8Y4N0_HUMAN","4","290","Forward","290 [Sequence]","344","3.86e-102","60.000 [Alignment]"
"ENST00000647076.1","SLC1A2","2","463","Forward","11:35260897-35286917 [Sequence]","Reverse","tr|A0A2R8Y4N0|A0A2R8Y4N0_HUMAN","132","330","Forward","199 [Sequence]","313","2.49e-100","76.884 [Alignment]"
"ENST00000221742.7","SLC1A6","828","1607","Forward","19:14950291-14962117 [Sequence]","Reverse","tr|A0A2R8Y4N0|A0A2R8Y4N0_HUMAN","4","263","Forward","260 [Sequence]","331","6.67e-100","61.538 [Alignment]"
"ENST00000430939.6","SLC1A6","758","1537","Forward","19:14950291-14962117 [Sequence]","Reverse","tr|A0A2R8Y4N0|A0A2R8Y4N0_HUMAN","4","263","Forward","260 [Sequence]","332","8.45e-100","61.538 [Alignment]"
"ENST00000594383.2","SLC1A6","1383","2162","Forward","19:14950291-14962117 [Sequence]","Reverse","tr|A0A2R8Y4N0|A0A2R8Y4N0_HUMAN","4","263","Forward","260 [Sequence]","331","2.73e-98","61.538 [Alignment]"
"ENST00000449068.2","SLC1A2","822","1313","Forward","11:35286816-35301640 [Sequence]","Reverse","tr|A0A2R8Y4N0|A0A2R8Y4N0_HUMAN","2","165","Forward","164 [Sequence]","319","2.40e-97","100.000 [Alignment]"
"ENST00000645892.1","SLC1A2","841","1332","Forward","11:35286816-35301640 [Sequence]","Reverse","tr|A0A2R8Y4N0|A0A2R8Y4N0_HUMAN","2","165","Forward","164 [Sequence]","319","3.17e-97","100.000 [Alignment]"
"ENST00000262352.8","SLC1A1","858","1652","Forward","9:4572267-4585423 [Sequence]","Forward","tr|A0A2R8Y4N0|A0A2R8Y4N0_HUMAN","2","267","Forward","266 [Sequence]","327","1.37e-96","61.654 [Alignment]"
"ENST00000646585.1","SLC1A2","891","1379","Forward","11:35286819-35301640 [Sequence]","Reverse","tr|A0A2R8Y4N0|A0A2R8Y4N0_HUMAN","2","164","Forward","163 [Sequence]","317","3.92e-96","100.000 [Alignment]"
"ENST00000680232.1","SLC1A3","1111","2121","Forward","5:36677069-36686254 [Sequence]","Forward","tr|A0A2R8Y4N0|A0A2R8Y4N0_HUMAN","4","290","Forward","337 [Sequence]","321","1.95e-94","51.632 [Alignment]"
"ENST00000681633.1","SLC1A3","3631","4422","Forward","5:36679589-36686254 [Sequence]","Forward","tr|A0A2R8Y4N0|A0A2R8Y4N0_HUMAN","30","290","Forward","264 [Sequence]","309","2.59e-90","60.606 [Alignment]"
"ENST00000612708.5","SLC1A3","883","1644","Forward","5:36671226-36686254 [Sequence]","Forward","tr|A0A2R8Y4N0|A0A2R8Y4N0_HUMAN","40","290","Forward","254 [Sequence]","306","3.48e-89","61.811 [Alignment]"
"ENST00000646847.1","SLC1A2","895","1350","Forward","11:35286852-35301640 [Sequence]","Reverse","tr|A0A2R8Y4N0|A0A2R8Y4N0_HUMAN","2","153","Forward","152 [Sequence]","294","1.03e-87","100.000 [Alignment]"
"ENST00000371494.9","SLC1A7","862","1632","Forward","1:53088898-53103370 [Sequence]","Reverse","tr|A0A2R8Y4N0|A0A2R8Y4N0_HUMAN","2","257","Forward","257 [Sequence]","299","6.12e-87","58.755 [Alignment]"
"ENST00000611397.5","SLC1A7","612","1382","Forward","1:53088898-53103370 [Sequence]","Reverse","tr|A0A2R8Y4N0|A0A2R8Y4N0_HUMAN","2","257","Forward","257 [Sequence]","298","1.32e-86","58.755 [Alignment]"
"ENST00000680835.1","SLC1A3","45","605","Forward","5:36679628-36683996 [Sequence]","Forward","tr|A0A2R8Y4N0|A0A2R8Y4N0_HUMAN","43","229","Forward","187 [Sequence]","252","5.46e-77","67.914 [Alignment]"
"ENST00000480594.1","SLC1A4","2158","2910","Forward","2:65010648-65020984 [Sequence]","Forward","tr|A0A2R8Y4N0|A0A2R8Y4N0_HUMAN","4","254","Forward","251 [Sequence]","265","4.80e-75","52.590 [Alignment]"
"ENST00000234256.4","SLC1A4","930","1919","Forward","2:65010648-65021221 [Sequence]","Forward","tr|A0A2R8Y4N0|A0A2R8Y4N0_HUMAN","4","328","Forward","337 [Sequence]","264","7.29e-75","43.027 [Alignment]"
"ENST00000412532.6","SLC1A5","247","1161","Forward","19:46775513-46782498 [Sequence]","Reverse","tr|A0A2R8Y4N0|A0A2R8Y4N0_HUMAN","4","302","Forward","305 [Sequence]","251","7.35e-71","44.262 [Alignment]"
"ENST00000434726.6","SLC1A5","330","1244","Forward","19:46775513-46782498 [Sequence]","Reverse","tr|A0A2R8Y4N0|A0A2R8Y4N0_HUMAN","4","302","Forward","305 [Sequence]","251","8.36e-71","44.262 [Alignment]"
"ENST00000681926.1","SLC1A3","1058","1792","Forward","5:36677069-36686254 [Sequence]","Forward","tr|A0A2R8Y4N0|A0A2R8Y4N0_HUMAN","4","290","Forward","290 [Sequence]","252","9.02e-71","48.966 [Alignment]"
"ENST00000680125.1","SLC1A3","1111","1845","Forward","5:36677069-36686254 [Sequence]","Forward","tr|A0A2R8Y4N0|A0A2R8Y4N0_HUMAN","4","290","Forward","290 [Sequence]","252","9.06e-71","48.966 [Alignment]"
"ENST00000680878.1","SLC1A3","3926","4660","Forward","5:36677069-36686254 [Sequence]","Forward","tr|A0A2R8Y4N0|A0A2R8Y4N0_HUMAN","4","290","Forward","290 [Sequence]","252","1.22e-70","48.966 [Alignment]"
"ENST00000594991.5","SLC1A5","489","1403","Forward","19:46775513-46782498 [Sequence]","Reverse","tr|A0A2R8Y4N0|A0A2R8Y4N0_HUMAN","4","302","Forward","305 [Sequence]","251","1.29e-70","44.262 [Alignment]"
"ENST00000542575.6","SLC1A5","1338","2252","Forward","19:46775513-46782498 [Sequence]","Reverse","tr|A0A2R8Y4N0|A0A2R8Y4N0_HUMAN","4","302","Forward","305 [Sequence]","251","1.79e-70","44.262 [Alignment]"
"ENST00000506178.1","SLC1A3","38","517","Forward","5:36680384-36686203 [Sequence]","Forward","tr|A0A2R8Y4N0|A0A2R8Y4N0_HUMAN","117","274","Forward","160 [Sequence]","229","9.86e-69","67.500 [Alignment]"
"ENST00000681480.1","SLC1A3","314","727","Forward","5:36679775-36683996 [Sequence]","Forward","tr|A0A2R8Y4N0|A0A2R8Y4N0_HUMAN","92","229","Forward","138 [Sequence]","220","1.01e-63","72.464 [Alignment]"
"ENST00000642224.1","SLC1A2","1021","1389","Forward","11:35286816-35292519 [Sequence]","Reverse","tr|A0A2R8Y4N0|A0A2R8Y4N0_HUMAN","43","165","Forward","123 [Sequence]","227","2.94e-63","100.000 [Alignment]"
"ENST00000681814.1","SLC1A3","860","1402","Forward","5:36677069-36680587 [Sequence]","Forward","tr|A0A2R8Y4N0|A0A2R8Y4N0_HUMAN","4","184","Forward","181 [Sequence]","225","3.93e-62","62.431 [Alignment]"
"ENST00000646112.1","SLC1A2","818","1198","Forward","11:35292262-35301640 [Sequence]","Reverse","tr|A0A2R8Y4N0|A0A2R8Y4N0_HUMAN","2","128","Forward","127 [Sequence]","222","7.81e-62","95.276 [Alignment]"
"ENST00000422398.1","SLC1A1","2","592","Forward","9:4572336-4585423 [Sequence]","Forward","tr|A0A2R8Y4N0|A0A2R8Y4N0_HUMAN","25","267","Forward","243 [Sequence]","212","1.06e-60","50.617 [Alignment]"
"ENST00000643154.1","SLC1A2","1316","1696","Forward","11:35292262-35301640 [Sequence]","Reverse","tr|A0A2R8Y4N0|A0A2R8Y4N0_HUMAN","2","128","Forward","127 [Sequence]","222","1.59e-60","95.276 [Alignment]"
"ENST00000600144.5","SLC1A6","1157","1639","Forward","19:14950291-14962054 [Sequence]","Reverse","tr|A0A2R8Y4N0|A0A2R8Y4N0_HUMAN","103","263","Forward","161 [Sequence]","221","1.86e-60","62.733 [Alignment]"
"ENST00000620347.5","SLC1A7","1308","1748","Forward","1:53088898-53090835 [Sequence]","Reverse","tr|A0A2R8Y4N0|A0A2R8Y4N0_HUMAN","111","257","Forward","147 [Sequence]","203","2.96e-54","63.265 [Alignment]"
"ENST00000649098.1","SLC1A7","1161","1598","Forward","1:53088898-53092607 [Sequence]","Reverse","tr|A0A2R8Y4N0|A0A2R8Y4N0_HUMAN","108","257","Forward","150 [Sequence]","195","1.36e-51","62.000 [Alignment]"
"ENST00000680064.1","SLC1A3","3631","4095","Forward","5:36679589-36680587 [Sequence]","Forward","tr|A0A2R8Y4N0|A0A2R8Y4N0_HUMAN","30","184","Forward","155 [Sequence]","189","9.39e-50","63.871 [Alignment]"
"ENST00000593713.1","SLC1A5","230","772","Forward","19:46777213-46782498 [Sequence]","Reverse","tr|A0A2R8Y4N0|A0A2R8Y4N0_HUMAN","4","184","Forward","181 [Sequence]","176","2.78e-47","48.619 [Alignment]"
"ENST00000531327.5","SLC1A4","352","807","Forward","2:65010711-65020984 [Sequence]","Forward","tr|A0A2R8Y4N0|A0A2R8Y4N0_HUMAN","103","254","Forward","152 [Sequence]","178","2.20e-46","51.316 [Alignment]"
"ENST00000464522.2","SLC1A2","1","219","Forward","11:35265527-35265745 [Sequence]","Reverse","tr|A0A2R8Y4N0|A0A2R8Y4N0_HUMAN","235","307","Forward","73 [Sequence]","163","1.08e-43","100.000 [Alignment]"
"ENST00000679487.1","SLC1A3","64","342","Forward","5:36679775-36680587 [Sequence]","Forward","tr|A0A2R8Y4N0|A0A2R8Y4N0_HUMAN","92","184","Forward","93 [Sequence]","153","5.26e-42","74.194 [Alignment]"
"ENST00000647193.1","SLC1A2","219","413","Forward","11:35286756-35286950 [Sequence]","Reverse","tr|A0A2R8Y4N0|A0A2R8Y4N0_HUMAN","121","185","Forward","65 [Sequence]","138","1.30e-33","98.462 [Alignment]"
"ENST00000681440.1","SLC1A3","42","368","Forward","5:36674090-36686254 [Sequence]","Forward","tr|A0A2R8Y4N0|A0A2R8Y4N0_HUMAN","185","290","Forward","109 [Sequence]","120","8.08e-30","55.963 [Alignment]"
"ENST00000680568.1","SLC1A3","516","842","Forward","5:36683862-36686254 [Sequence]","Forward","tr|A0A2R8Y4N0|A0A2R8Y4N0_HUMAN","185","290","Forward","109 [Sequence]","120","2.57e-27","55.963 [Alignment]"
"ENST00000681701.1","SLC1A3","383","730","Forward","5:36677069-36679858 [Sequence]","Forward","tr|A0A2R8Y4N0|A0A2R8Y4N0_HUMAN","4","119","Forward","116 [Sequence]","116","6.33e-27","54.310 [Alignment]"
"ENST00000680890.1","SLC1A3","241","486","Forward","5:36677132-36680587 [Sequence]","Forward","tr|A0A2R8Y4N0|A0A2R8Y4N0_HUMAN","103","184","Forward","82 [Sequence]","113","9.29e-27","63.415 [Alignment]"
"ENST00000488036.5","SLC1A7","148","387","Forward","1:53090596-53090835 [Sequence]","Reverse","tr|A0A2R8Y4N0|A0A2R8Y4N0_HUMAN","111","190","Forward","80 [Sequence]","110","7.02e-24","65.000 [Alignment]"
"ENST00000649098.1","SLC1A7","856","1218","Forward","1:53090775-53103370 [Sequence]","Reverse","tr|A0A2R8Y4N0|A0A2R8Y4N0_HUMAN","2","121","Forward","121 [Sequence]","102","2.20e-21","50.413 [Alignment]"
"ENST00000488036.5","SLC1A7","1047","1265","Forward","1:53088898-53089936 [Sequence]","Reverse","tr|A0A2R8Y4N0|A0A2R8Y4N0_HUMAN","185","257","Forward","73 [Sequence]","100","4.43e-21","60.274 [Alignment]"
"ENST00000642183.1","SLC1A2","1121","1255","Forward","11:35286816-35286950 [Sequence]","Reverse","tr|A0A2R8Y4N0|A0A2R8Y4N0_HUMAN","121","165","Forward","45 [Sequence]","100","4.59e-21","100.000 [Alignment]"
"ENST00000620347.5","SLC1A7","801","1157","Forward","1:53092556-53103370 [Sequence]","Reverse","tr|A0A2R8Y4N0|A0A2R8Y4N0_HUMAN","2","119","Forward","119 [Sequence]","99","8.99e-21","49.580 [Alignment]"
"ENST00000620288.4","SLC1A7","2000","2332","Forward","1:53092556-53102264 [Sequence]","Reverse","tr|A0A2R8Y4N0|A0A2R8Y4N0_HUMAN","9","119","Forward","111 [Sequence]","95.8","2.18e-19","49.550 [Alignment]"
"ENST00000646167.1","SLC1A2","586","741","Forward","11:35286918-35301640 [Sequence]","Reverse","tr|A0A2R8Y4N0|A0A2R8Y4N0_HUMAN","2","51","Forward","52 [Sequence]","88.7","2.23e-17","82.692 [Alignment]"
"ENST00000643522.1","SLC1A2","1232","1387","Forward","11:35286918-35301640 [Sequence]","Reverse","tr|A0A2R8Y4N0|A0A2R8Y4N0_HUMAN","2","51","Forward","52 [Sequence]","89.1","2.68e-17","82.692 [Alignment]"
"ENST00000642183.1","SLC1A2","998","1153","Forward","11:35286918-35301640 [Sequence]","Reverse","tr|A0A2R8Y4N0|A0A2R8Y4N0_HUMAN","2","51","Forward","52 [Sequence]","88.3","3.25e-17","82.692 [Alignment]"
"ENST00000647193.1","SLC1A2","96","251","Forward","11:35286918-35301640 [Sequence]","Reverse","tr|A0A2R8Y4N0|A0A2R8Y4N0_HUMAN","2","51","Forward","52 [Sequence]","87.0","4.70e-17","82.692 [Alignment]"
"ENST00000646833.1","SLC1A2","289","408","Forward","11:35301521-35301640 [Sequence]","Reverse","tr|A0A2R8Y4N0|A0A2R8Y4N0_HUMAN","2","41","Forward","40 [Sequence]","86.2","5.73e-17","100.000 [Alignment]"
"ENST00000679384.1","SLC1A3","2","235","Forward","5:36679628-36680101 [Sequence]","Forward","tr|A0A2R8Y4N0|A0A2R8Y4N0_HUMAN","43","120","Forward","78 [Sequence]","79.9","1.17e-16","60.256 [Alignment]"
"ENST00000642196.1","SLC1A2","437","556","Forward","11:35301521-35301640 [Sequence]","Reverse","tr|A0A2R8Y4N0|A0A2R8Y4N0_HUMAN","2","41","Forward","40 [Sequence]","86.6","1.25e-16","100.000 [Alignment]"
"ENST00000680369.1","SLC1A3","2","235","Forward","5:36679628-36683864 [Sequence]","Forward","tr|A0A2R8Y4N0|A0A2R8Y4N0_HUMAN","43","120","Forward","78 [Sequence]","80.3","3.96e-16","60.256 [Alignment]"
