"Subject name","Gene hit","Subject start","Subject end","Subject ori","Genomic Location","Orientation","Query name","Query start","Query end","Query ori","Length","Score","E-val","%ID"
"ENSRNOT00000099140.1","Slc1a2","237","1937","Forward","3:89081499-89126408 [Sequence]","Forward","sp|P43004|EAA2_HUMAN","7","574","Forward","568 [Sequence]","1035","0.0","95.423 [Alignment]"
"ENSRNOT00000109994.1","Slc1a2","112","1764","Forward","3:89005240-89122522 [Sequence]","Forward","sp|P43004|EAA2_HUMAN","1","552","Forward","552 [Sequence]","996","0.0","95.290 [Alignment]"
"ENSRNOT00000098273.1","Slc1a2","237","1871","Forward","3:89081499-89122522 [Sequence]","Forward","sp|P43004|EAA2_HUMAN","7","552","Forward","546 [Sequence]","984","0.0","95.238 [Alignment]"
"ENSRNOT00000119905.1","Slc1a2","29","1663","Forward","3:89081499-89122522 [Sequence]","Forward","sp|P43004|EAA2_HUMAN","7","552","Forward","546 [Sequence]","984","0.0","95.238 [Alignment]"
"ENSRNOT00000106964.1","Slc1a2","10","1668","Forward","3:89081037-89122522 [Sequence]","Forward","sp|P43004|EAA2_HUMAN","4","552","Forward","554 [Sequence]","984","0.0","94.404 [Alignment]"
"ENSRNOT00000119447.1","Slc1a2","237","1868","Forward","3:89081499-89122519 [Sequence]","Forward","sp|P43004|EAA2_HUMAN","7","551","Forward","545 [Sequence]","983","0.0","95.229 [Alignment]"
"ENSRNOT00000007604.7","Slc1a2","10","1671","Forward","3:89081037-89125458 [Sequence]","Forward","sp|P43004|EAA2_HUMAN","4","553","Forward","555 [Sequence]","982","0.0","94.234 [Alignment]"
"ENSRNOT00000099702.1","Slc1a1","157","1437","Forward","1:226594451-226629748 [Sequence]","Forward","sp|P43004|EAA2_HUMAN","79","511","Forward","434 [Sequence]","437","2.32e-132","58.295 [Alignment]"
"ENSRNOT00000020272.8","Slc1a1","336","1616","Forward","1:226594451-226629748 [Sequence]","Forward","sp|P43004|EAA2_HUMAN","79","511","Forward","434 [Sequence]","437","1.16e-131","58.295 [Alignment]"
"ENSRNOT00000022319.7","Slc1a3","394","1824","Forward","2:57757585-57828648 [Sequence]","Reverse","sp|P43004|EAA2_HUMAN","41","518","Forward","483 [Sequence]","429","1.74e-126","55.694 [Alignment]"
"ENSRNOT00000108905.1","Slc1a6","325","1767","Forward","7:10842084-10863442 [Sequence]","Reverse","sp|P43004|EAA2_HUMAN","41","507","Forward","486 [Sequence]","416","2.68e-125","51.440 [Alignment]"
"ENSRNOT00000035821.6","Slc1a3","478","1707","Forward","2:57757585-57771343 [Sequence]","Reverse","sp|P43004|EAA2_HUMAN","109","518","Forward","415 [Sequence]","419","5.12e-123","56.867 [Alignment]"
"ENSRNOT00000107277.1","Slc1a3","59","1465","Forward","2:57757561-57814911 [Sequence]","Reverse","sp|P43004|EAA2_HUMAN","57","525","Forward","475 [Sequence]","417","1.28e-122","55.789 [Alignment]"
"ENSRNOT00000009931.6","Slc1a6","325","1758","Forward","7:10842084-10863442 [Sequence]","Reverse","sp|P43004|EAA2_HUMAN","41","507","Forward","483 [Sequence]","384","1.08e-113","50.104 [Alignment]"
"ENSRNOT00000016557.7","Slc1a7","291","1685","Forward","5:122731293-122773263 [Sequence]","Forward","sp|P43004|EAA2_HUMAN","44","501","Forward","470 [Sequence]","381","1.48e-110","51.277 [Alignment]"
"ENSRNOT00000090817.2","Slc1a7","93","1409","Forward","5:122731293-122774058 [Sequence]","Forward","sp|P43004|EAA2_HUMAN","44","475","Forward","444 [Sequence]","350","6.05e-103","51.577 [Alignment]"
"ENSRNOT00000072263.3","Slc1a7","258","1271","Forward","5:122739863-122773263 [Sequence]","Forward","sp|P43004|EAA2_HUMAN","173","501","Forward","341 [Sequence]","330","4.72e-96","52.493 [Alignment]"
"ENSRNOT00000085599.2","Slc1a3","404","1723","Forward","2:57757561-57828648 [Sequence]","Reverse","sp|P43004|EAA2_HUMAN","41","525","Forward","491 [Sequence]","337","1.35e-95","48.880 [Alignment]"
"ENSRNOT00000007002.6","Slc1a4","332","1669","Forward","14:94531356-94560087 [Sequence]","Reverse","sp|P43004|EAA2_HUMAN","36","498","Forward","469 [Sequence]","313","8.34e-88","44.776 [Alignment]"
"ENSRNOT00000077790.2","Slc1a3","788","1498","Forward","2:57757585-57771160 [Sequence]","Reverse","sp|P43004|EAA2_HUMAN","284","518","Forward","237 [Sequence]","304","6.78e-85","64.557 [Alignment]"
"ENSRNOT00000077808.2","Slc1a7","93","1352","Forward","5:122731293-122773263 [Sequence]","Forward","sp|P43004|EAA2_HUMAN","44","501","Forward","470 [Sequence]","291","5.73e-82","44.468 [Alignment]"
"ENSRNOT00000064332.4","Slc1a5","1087","2211","Forward","1:77457780-77470419 [Sequence]","Forward","sp|P43004|EAA2_HUMAN","165","546","Forward","392 [Sequence]","284","1.68e-78","41.837 [Alignment]"
"ENSRNOT00000111666.1","Slc1a5","1087","2202","Forward","1:77457780-77470419 [Sequence]","Forward","sp|P43004|EAA2_HUMAN","165","546","Forward","388 [Sequence]","283","3.89e-78","41.753 [Alignment]"
"ENSRNOT00000021455.7","Slc1a5","1087","2163","Forward","1:77457780-77470419 [Sequence]","Forward","sp|P43004|EAA2_HUMAN","165","546","Forward","388 [Sequence]","283","4.78e-78","41.237 [Alignment]"
"ENSRNOT00000105049.1","ENSRNOG00000065811","3","230","Reverse","1:226623509-226629652 [Sequence]","Reverse","sp|P43004|EAA2_HUMAN","404","479","Forward","76 [Sequence]","115","1.80e-29","68.421 [Alignment]"
"ENSRNOT00000119447.1","Slc1a2","1910","2008","Forward","3:89125637-89126408 [Sequence]","Forward","sp|P43004|EAA2_HUMAN","542","574","Forward","33 [Sequence]","59.0","3.05e-08","78.788 [Alignment]"
"ENSRNOT00000077790.2","Slc1a3","404","796","Forward","2:57763304-57828648 [Sequence]","Reverse","sp|P43004|EAA2_HUMAN","41","173","Forward","133 [Sequence]","51.9","4.97e-06","51.880 [Alignment]"
