"Subject name","Gene hit","Subject start","Subject end","Subject ori","Genomic Location","Orientation","Query name","Query start","Query end","Query ori","Length","Score","E-val","%ID"
"ENSOART00020066946.1","SLC1A2","502","2223","Forward","15:64583729-64740105 [Sequence]","Reverse","sp|P43004|EAA2_HUMAN","1","574","Forward","574 [Sequence]","1058","0.0","96.690 [Alignment]"
"ENSOART00020024194.2","SLC1A2","4","1710","Forward","15:64583729-64741137 [Sequence]","Reverse","sp|P43004|EAA2_HUMAN","6","574","Forward","569 [Sequence]","1048","0.0","96.661 [Alignment]"
"ENSOART00020024427.2","SLC1A2","314","2032","Forward","15:64583729-64723421 [Sequence]","Reverse","sp|P43004|EAA2_HUMAN","2","574","Forward","573 [Sequence]","1048","0.0","96.161 [Alignment]"
"ENSOART00020024983.2","SLC1A2","293","2008","Forward","15:64583729-64712544 [Sequence]","Reverse","sp|P43004|EAA2_HUMAN","3","574","Forward","572 [Sequence]","1048","0.0","96.154 [Alignment]"
"ENSOART00020024510.2","SLC1A2","392","2095","Forward","15:64583729-64642082 [Sequence]","Reverse","sp|P43004|EAA2_HUMAN","7","574","Forward","568 [Sequence]","1046","0.0","96.655 [Alignment]"
"ENSOART00020024558.2","SLC1A2","209","1912","Forward","15:64583729-64642082 [Sequence]","Reverse","sp|P43004|EAA2_HUMAN","7","574","Forward","568 [Sequence]","1046","0.0","96.655 [Alignment]"
"ENSOART00020024811.2","SLC1A2","100","1803","Forward","15:64583729-64642082 [Sequence]","Reverse","sp|P43004|EAA2_HUMAN","7","574","Forward","568 [Sequence]","1044","0.0","96.655 [Alignment]"
"ENSOART00020024889.2","SLC1A2","502","2154","Forward","15:64587696-64740105 [Sequence]","Reverse","sp|P43004|EAA2_HUMAN","1","551","Forward","551 [Sequence]","1009","0.0","96.733 [Alignment]"
"ENSOART00020024939.2","SLC1A2","502","2022","Forward","15:64587693-64740105 [Sequence]","Reverse","sp|P43004|EAA2_HUMAN","1","552","Forward","552 [Sequence]","896","0.0","88.406 [Alignment]"
"ENSOART00020024495.2","SLC1A2","502","1392","Forward","15:64608848-64740105 [Sequence]","Reverse","sp|P43004|EAA2_HUMAN","1","295","Forward","297 [Sequence]","479","3.67e-148","92.256 [Alignment]"
"ENSOART00020024495.2","SLC1A2","1360","1989","Forward","15:64583729-64608880 [Sequence]","Reverse","sp|P43004|EAA2_HUMAN","365","574","Forward","210 [Sequence]","450","2.30e-137","99.048 [Alignment]"
"ENSOART00020011214.2","SLC1A1","224","1639","Forward","2:72836492-72908826 [Sequence]","Forward","sp|P43004|EAA2_HUMAN","38","511","Forward","477 [Sequence]","442","7.74e-131","54.298 [Alignment]"
"ENSOART00020021203.2","SLC1A3","353","1783","Forward","16:37722208-37798785 [Sequence]","Reverse","sp|P43004|EAA2_HUMAN","41","518","Forward","483 [Sequence]","429","2.99e-126","55.694 [Alignment]"
"ENSOART00020006457.2","SLC1A6","279","1721","Forward","5:8025523-8042462 [Sequence]","Forward","sp|P43004|EAA2_HUMAN","41","507","Forward","485 [Sequence]","412","1.01e-123","50.722 [Alignment]"
"ENSOART00020021394.2","SLC1A3","196","1425","Forward","16:37722208-37735944 [Sequence]","Reverse","sp|P43004|EAA2_HUMAN","109","518","Forward","415 [Sequence]","419","4.99e-123","56.867 [Alignment]"
"ENSOART00020066856.1","SLC1A6","419","1660","Forward","5:8028538-8042462 [Sequence]","Forward","sp|P43004|EAA2_HUMAN","109","507","Forward","417 [Sequence]","407","1.70e-122","52.038 [Alignment]"
"ENSOART00020008339.2","SLC1A7","34","1536","Forward","1:27617259-27667680 [Sequence]","Reverse","sp|P43004|EAA2_HUMAN","39","538","Forward","512 [Sequence]","383","2.67e-111","47.656 [Alignment]"
"ENSOART00020021309.2","SLC1A3","353","1648","Forward","16:37722208-37798785 [Sequence]","Reverse","sp|P43004|EAA2_HUMAN","41","518","Forward","483 [Sequence]","336","1.40e-97","49.068 [Alignment]"
"ENSOART00020001216.2","SLC1A4","333","1793","Forward","3:43309404-43334491 [Sequence]","Reverse","sp|P43004|EAA2_HUMAN","24","533","Forward","518 [Sequence]","332","9.53e-94","43.050 [Alignment]"
"ENSOART00020021339.2","SLC1A3","737","1447","Forward","16:37722208-37735761 [Sequence]","Reverse","sp|P43004|EAA2_HUMAN","284","518","Forward","237 [Sequence]","305","3.83e-85","64.979 [Alignment]"
"ENSOART00020016329.2","SLC1A5","916","2061","Forward","14:53639507-53649251 [Sequence]","Reverse","sp|P43004|EAA2_HUMAN","109","516","Forward","413 [Sequence]","297","1.69e-82","42.373 [Alignment]"
"ENSOART00020006474.2","SLC1A6","1005","1487","Forward","5:8030829-8042462 [Sequence]","Forward","sp|P43004|EAA2_HUMAN","347","507","Forward","161 [Sequence]","221","1.76e-58","62.733 [Alignment]"
"ENSOART00020067691.1","SLC1A4","94","627","Forward","3:43309404-43319685 [Sequence]","Reverse","sp|P43004|EAA2_HUMAN","343","533","Forward","191 [Sequence]","179","4.49e-45","44.503 [Alignment]"
"ENSOART00020006474.2","SLC1A6","279","1091","Forward","5:8025523-8037336 [Sequence]","Forward","sp|P43004|EAA2_HUMAN","41","295","Forward","275 [Sequence]","122","1.76e-27","38.545 [Alignment]"
"ENSOART00020021339.2","SLC1A3","353","745","Forward","16:37726064-37798785 [Sequence]","Reverse","sp|P43004|EAA2_HUMAN","41","173","Forward","133 [Sequence]","51.9","5.90e-06","51.880 [Alignment]"
"ENSOART00020072998.1","SLC1A3","541","621","Forward","16:37722265-37722345 [Sequence]","Reverse","sp|P43004|EAA2_HUMAN","475","501","Forward","27 [Sequence]","45.6","3.23e-04","70.370 [Alignment]"
"ENSOART00020067691.1","SLC1A4","1","153","Forward","3:43312119-43319778 [Sequence]","Reverse","sp|P43004|EAA2_HUMAN","240","290","Forward","51 [Sequence]","46.0","4.62e-04","41.176 [Alignment]"
