"Subject name","Gene hit","Subject start","Subject end","Subject ori","Genomic Location","Orientation","Query name","Query start","Query end","Query ori","Length","Score","E-val","%ID"
"ENSOGAT00000016245.2","SLC1A2","10","1728","Forward","GL873520.1:62024801-62081532 [Sequence]","Reverse","sp|P43004|EAA2_HUMAN","2","574","Forward","573 [Sequence]","1047","0.0","95.986 [Alignment]"
"ENSOGAT00000007470.2","SLC1A1","41","1450","Forward","GL873525.1:22335156-22409255 [Sequence]","Reverse","sp|P43004|EAA2_HUMAN","38","511","Forward","475 [Sequence]","450","1.19e-140","55.789 [Alignment]"
"ENSOGAT00000004889.2","SLC1A3","157","1644","Forward","GL873582.1:4668215-4754293 [Sequence]","Forward","sp|P43004|EAA2_HUMAN","39","534","Forward","502 [Sequence]","433","8.54e-134","54.382 [Alignment]"
"ENSOGAT00000034011.1","SLC1A6","90","1613","Forward","GL873624.1:203327-221648 [Sequence]","Reverse","sp|P43004|EAA2_HUMAN","26","507","Forward","517 [Sequence]","413","4.13e-126","49.516 [Alignment]"
"ENSOGAT00000013316.2","SLC1A7","134","1543","Forward","GL873585.1:227895-275453 [Sequence]","Reverse","sp|P43004|EAA2_HUMAN","39","501","Forward","477 [Sequence]","388","1.30e-116","50.734 [Alignment]"
"ENSOGAT00000005686.2","SLC1A4","217","1524","Forward","GL873543.1:21925020-21951989 [Sequence]","Forward","sp|P43004|EAA2_HUMAN","75","533","Forward","465 [Sequence]","313","1.98e-90","43.441 [Alignment]"
"ENSOGAT00000031519.1","SLC1A5","247","1572","Forward","GL873671.1:3596435-3605526 [Sequence]","Reverse","sp|P43004|EAA2_HUMAN","70","533","Forward","471 [Sequence]","297","1.39e-84","41.401 [Alignment]"
