"Subject name","Gene hit","Subject start","Subject end","Subject ori","Genomic Location","Orientation","Query name","Query start","Query end","Query ori","Length","Score","E-val","%ID"
"ENST00000646167.1","SLC1A2","1","1305","Forward","11:35265491-35317383 [Sequence]","Reverse","tr|A0A2R8Y642|A0A2R8Y642_HUMAN","1","435","Forward","435 [Sequence]","824","0.0","100.000 [Alignment]"
"ENST00000643522.1","SLC1A2","647","1918","Forward","11:35260963-35317383 [Sequence]","Reverse","tr|A0A2R8Y642|A0A2R8Y642_HUMAN","1","424","Forward","424 [Sequence]","799","0.0","100.000 [Alignment]"
"ENST00000642183.1","SLC1A2","413","1255","Forward","11:35286816-35317383 [Sequence]","Reverse","tr|A0A2R8Y642|A0A2R8Y642_HUMAN","1","281","Forward","281 [Sequence]","492","1.75e-161","100.000 [Alignment]"
"ENST00000642578.1","SLC1A2","1193","1789","Forward","11:35265491-35286950 [Sequence]","Reverse","tr|A0A2R8Y642|A0A2R8Y642_HUMAN","237","435","Forward","199 [Sequence]","431","1.23e-132","100.000 [Alignment]"
"ENST00000647372.1","SLC1A2","1181","1777","Forward","11:35265491-35286950 [Sequence]","Reverse","tr|A0A2R8Y642|A0A2R8Y642_HUMAN","237","435","Forward","199 [Sequence]","430","3.60e-132","100.000 [Alignment]"
"ENST00000646099.1","SLC1A2","1165","1761","Forward","11:35265491-35286950 [Sequence]","Reverse","tr|A0A2R8Y642|A0A2R8Y642_HUMAN","237","435","Forward","199 [Sequence]","430","5.19e-132","100.000 [Alignment]"
"ENST00000643454.1","SLC1A2","1122","1718","Forward","11:35265491-35286950 [Sequence]","Reverse","tr|A0A2R8Y642|A0A2R8Y642_HUMAN","237","435","Forward","199 [Sequence]","431","1.38e-131","100.000 [Alignment]"
"ENST00000643305.1","SLC1A2","1680","2276","Forward","11:35265491-35286950 [Sequence]","Reverse","tr|A0A2R8Y642|A0A2R8Y642_HUMAN","237","435","Forward","199 [Sequence]","431","1.90e-130","100.000 [Alignment]"
"ENST00000531628.2","SLC1A2","1093","1653","Forward","11:35265527-35286950 [Sequence]","Reverse","tr|A0A2R8Y642|A0A2R8Y642_HUMAN","237","423","Forward","187 [Sequence]","402","8.28e-124","100.000 [Alignment]"
"ENST00000644868.1","SLC1A2","1084","1656","Forward","11:35261729-35286950 [Sequence]","Reverse","tr|A0A2R8Y642|A0A2R8Y642_HUMAN","237","426","Forward","191 [Sequence]","403","2.51e-123","98.429 [Alignment]"
"ENST00000646112.1","SLC1A2","233","967","Forward","11:35292493-35317383 [Sequence]","Reverse","tr|A0A2R8Y642|A0A2R8Y642_HUMAN","1","247","Forward","247 [Sequence]","392","3.25e-123","96.356 [Alignment]"
"ENST00000646080.1","SLC1A2","1162","1725","Forward","11:35260963-35286950 [Sequence]","Reverse","tr|A0A2R8Y642|A0A2R8Y642_HUMAN","237","424","Forward","188 [Sequence]","404","3.86e-123","100.000 [Alignment]"
"ENST00000449068.2","SLC1A2","237","971","Forward","11:35292493-35317383 [Sequence]","Reverse","tr|A0A2R8Y642|A0A2R8Y642_HUMAN","1","247","Forward","247 [Sequence]","393","6.25e-123","96.356 [Alignment]"
"ENST00000646847.1","SLC1A2","310","1044","Forward","11:35292493-35317383 [Sequence]","Reverse","tr|A0A2R8Y642|A0A2R8Y642_HUMAN","1","247","Forward","247 [Sequence]","393","7.10e-123","96.356 [Alignment]"
"ENST00000647104.1","SLC1A2","1245","1808","Forward","11:35260963-35286950 [Sequence]","Reverse","tr|A0A2R8Y642|A0A2R8Y642_HUMAN","237","424","Forward","188 [Sequence]","402","7.96e-123","100.000 [Alignment]"
"ENST00000645892.1","SLC1A2","256","990","Forward","11:35292493-35317383 [Sequence]","Reverse","tr|A0A2R8Y642|A0A2R8Y642_HUMAN","1","247","Forward","247 [Sequence]","392","1.06e-122","96.356 [Alignment]"
"ENST00000646585.1","SLC1A2","306","1040","Forward","11:35292493-35317383 [Sequence]","Reverse","tr|A0A2R8Y642|A0A2R8Y642_HUMAN","1","247","Forward","247 [Sequence]","392","3.12e-122","96.356 [Alignment]"
"ENST00000643134.1","SLC1A2","1482","2042","Forward","11:35265527-35286950 [Sequence]","Reverse","tr|A0A2R8Y642|A0A2R8Y642_HUMAN","237","423","Forward","187 [Sequence]","402","5.18e-122","100.000 [Alignment]"
"ENST00000642448.1","SLC1A2","1185","1748","Forward","11:35260963-35286950 [Sequence]","Reverse","tr|A0A2R8Y642|A0A2R8Y642_HUMAN","237","424","Forward","188 [Sequence]","404","1.98e-121","100.000 [Alignment]"
"ENST00000606205.6","SLC1A2","283","1017","Forward","11:35292493-35317383 [Sequence]","Reverse","tr|A0A2R8Y642|A0A2R8Y642_HUMAN","1","247","Forward","247 [Sequence]","394","6.78e-121","96.356 [Alignment]"
"ENST00000531628.2","SLC1A2","151","885","Forward","11:35292493-35317383 [Sequence]","Reverse","tr|A0A2R8Y642|A0A2R8Y642_HUMAN","1","247","Forward","247 [Sequence]","394","7.16e-121","96.356 [Alignment]"
"ENST00000645194.1","SLC1A2","1137","1700","Forward","11:35260963-35286950 [Sequence]","Reverse","tr|A0A2R8Y642|A0A2R8Y642_HUMAN","237","424","Forward","188 [Sequence]","404","9.84e-121","100.000 [Alignment]"
"ENST00000479543.2","SLC1A2","645","1208","Forward","11:35260963-35286950 [Sequence]","Reverse","tr|A0A2R8Y642|A0A2R8Y642_HUMAN","237","424","Forward","188 [Sequence]","404","1.78e-120","100.000 [Alignment]"
"ENST00000642769.1","SLC1A2","359","922","Forward","11:35260963-35286950 [Sequence]","Reverse","tr|A0A2R8Y642|A0A2R8Y642_HUMAN","237","424","Forward","188 [Sequence]","404","1.79e-120","100.000 [Alignment]"
"ENST00000644299.1","SLC1A2","1238","1801","Forward","11:35260963-35286950 [Sequence]","Reverse","tr|A0A2R8Y642|A0A2R8Y642_HUMAN","237","424","Forward","188 [Sequence]","404","2.48e-120","100.000 [Alignment]"
"ENST00000645634.1","SLC1A2","1388","1951","Forward","11:35260963-35286950 [Sequence]","Reverse","tr|A0A2R8Y642|A0A2R8Y642_HUMAN","237","424","Forward","188 [Sequence]","404","2.98e-120","100.000 [Alignment]"
"ENST00000278379.9","SLC1A2","1685","2248","Forward","11:35260963-35286950 [Sequence]","Reverse","tr|A0A2R8Y642|A0A2R8Y642_HUMAN","237","424","Forward","188 [Sequence]","404","3.18e-120","100.000 [Alignment]"
"ENST00000644779.1","SLC1A2","2031","2594","Forward","11:35260963-35286950 [Sequence]","Reverse","tr|A0A2R8Y642|A0A2R8Y642_HUMAN","237","424","Forward","188 [Sequence]","404","3.40e-120","100.000 [Alignment]"
"ENST00000395753.6","SLC1A2","1226","1789","Forward","11:35260963-35286950 [Sequence]","Reverse","tr|A0A2R8Y642|A0A2R8Y642_HUMAN","237","424","Forward","188 [Sequence]","404","3.53e-120","100.000 [Alignment]"
"ENST00000645303.1","SLC1A2","1397","1960","Forward","11:35260963-35286950 [Sequence]","Reverse","tr|A0A2R8Y642|A0A2R8Y642_HUMAN","237","424","Forward","188 [Sequence]","403","3.83e-120","100.000 [Alignment]"
"ENST00000643000.1","SLC1A2","1181","1744","Forward","11:35260963-35286950 [Sequence]","Reverse","tr|A0A2R8Y642|A0A2R8Y642_HUMAN","237","424","Forward","188 [Sequence]","403","3.90e-120","100.000 [Alignment]"
"ENST00000644868.1","SLC1A2","142","876","Forward","11:35292493-35317383 [Sequence]","Reverse","tr|A0A2R8Y642|A0A2R8Y642_HUMAN","1","247","Forward","247 [Sequence]","394","4.00e-120","96.356 [Alignment]"
"ENST00000395750.6","SLC1A2","1199","1762","Forward","11:35260963-35286950 [Sequence]","Reverse","tr|A0A2R8Y642|A0A2R8Y642_HUMAN","237","424","Forward","188 [Sequence]","403","5.27e-120","100.000 [Alignment]"
"ENST00000644050.1","SLC1A2","1532","2095","Forward","11:35260963-35286950 [Sequence]","Reverse","tr|A0A2R8Y642|A0A2R8Y642_HUMAN","237","424","Forward","188 [Sequence]","403","5.35e-120","100.000 [Alignment]"
"ENST00000642171.1","SLC1A2","1340","1912","Forward","11:35261729-35286950 [Sequence]","Reverse","tr|A0A2R8Y642|A0A2R8Y642_HUMAN","237","426","Forward","191 [Sequence]","402","8.03e-120","98.429 [Alignment]"
"ENST00000644459.1","SLC1A2","1685","2245","Forward","11:35265527-35286950 [Sequence]","Reverse","tr|A0A2R8Y642|A0A2R8Y642_HUMAN","237","423","Forward","187 [Sequence]","402","1.07e-119","100.000 [Alignment]"
"ENST00000647104.1","SLC1A2","303","1037","Forward","11:35292493-35317383 [Sequence]","Reverse","tr|A0A2R8Y642|A0A2R8Y642_HUMAN","1","247","Forward","247 [Sequence]","394","1.28e-119","96.356 [Alignment]"
"ENST00000646080.1","SLC1A2","220","954","Forward","11:35292493-35317383 [Sequence]","Reverse","tr|A0A2R8Y642|A0A2R8Y642_HUMAN","1","247","Forward","247 [Sequence]","394","1.35e-119","96.356 [Alignment]"
"ENST00000643134.1","SLC1A2","540","1274","Forward","11:35292493-35317383 [Sequence]","Reverse","tr|A0A2R8Y642|A0A2R8Y642_HUMAN","1","247","Forward","247 [Sequence]","394","5.38e-119","96.356 [Alignment]"
"ENST00000642578.1","SLC1A2","251","985","Forward","11:35292493-35317383 [Sequence]","Reverse","tr|A0A2R8Y642|A0A2R8Y642_HUMAN","1","247","Forward","247 [Sequence]","394","7.48e-119","96.356 [Alignment]"
"ENST00000644351.1","SLC1A2","739","1473","Forward","11:35292493-35317383 [Sequence]","Reverse","tr|A0A2R8Y642|A0A2R8Y642_HUMAN","1","247","Forward","247 [Sequence]","396","1.18e-118","96.356 [Alignment]"
"ENST00000647372.1","SLC1A2","239","973","Forward","11:35292493-35317383 [Sequence]","Reverse","tr|A0A2R8Y642|A0A2R8Y642_HUMAN","1","247","Forward","247 [Sequence]","393","1.23e-118","96.356 [Alignment]"
"ENST00000646099.1","SLC1A2","223","957","Forward","11:35292493-35317383 [Sequence]","Reverse","tr|A0A2R8Y642|A0A2R8Y642_HUMAN","1","247","Forward","247 [Sequence]","394","1.42e-118","96.356 [Alignment]"
"ENST00000643454.1","SLC1A2","180","914","Forward","11:35292493-35317383 [Sequence]","Reverse","tr|A0A2R8Y642|A0A2R8Y642_HUMAN","1","247","Forward","247 [Sequence]","394","3.22e-118","96.356 [Alignment]"
"ENST00000643154.1","SLC1A2","731","1465","Forward","11:35292493-35317383 [Sequence]","Reverse","tr|A0A2R8Y642|A0A2R8Y642_HUMAN","1","247","Forward","247 [Sequence]","395","3.66e-118","96.356 [Alignment]"
"ENST00000642448.1","SLC1A2","243","977","Forward","11:35292493-35317383 [Sequence]","Reverse","tr|A0A2R8Y642|A0A2R8Y642_HUMAN","1","247","Forward","247 [Sequence]","394","6.00e-118","96.356 [Alignment]"
"ENST00000645194.1","SLC1A2","195","929","Forward","11:35292493-35317383 [Sequence]","Reverse","tr|A0A2R8Y642|A0A2R8Y642_HUMAN","1","247","Forward","247 [Sequence]","394","2.51e-117","96.356 [Alignment]"
"ENST00000643305.1","SLC1A2","738","1472","Forward","11:35292493-35317383 [Sequence]","Reverse","tr|A0A2R8Y642|A0A2R8Y642_HUMAN","1","247","Forward","247 [Sequence]","394","2.79e-117","96.356 [Alignment]"
"ENST00000644779.1","SLC1A2","1089","1823","Forward","11:35292493-35317383 [Sequence]","Reverse","tr|A0A2R8Y642|A0A2R8Y642_HUMAN","1","247","Forward","247 [Sequence]","394","4.08e-117","96.356 [Alignment]"
"ENST00000644050.1","SLC1A2","590","1324","Forward","11:35292493-35317383 [Sequence]","Reverse","tr|A0A2R8Y642|A0A2R8Y642_HUMAN","1","247","Forward","247 [Sequence]","394","4.76e-117","96.356 [Alignment]"
"ENST00000644459.1","SLC1A2","743","1477","Forward","11:35292493-35317383 [Sequence]","Reverse","tr|A0A2R8Y642|A0A2R8Y642_HUMAN","1","247","Forward","247 [Sequence]","394","4.86e-117","96.356 [Alignment]"
"ENST00000644299.1","SLC1A2","296","1030","Forward","11:35292493-35317383 [Sequence]","Reverse","tr|A0A2R8Y642|A0A2R8Y642_HUMAN","1","247","Forward","247 [Sequence]","394","5.85e-117","96.356 [Alignment]"
"ENST00000278379.9","SLC1A2","743","1477","Forward","11:35292493-35317383 [Sequence]","Reverse","tr|A0A2R8Y642|A0A2R8Y642_HUMAN","1","247","Forward","247 [Sequence]","394","6.20e-117","96.356 [Alignment]"
"ENST00000645303.1","SLC1A2","455","1189","Forward","11:35292493-35317383 [Sequence]","Reverse","tr|A0A2R8Y642|A0A2R8Y642_HUMAN","1","247","Forward","247 [Sequence]","394","7.31e-117","96.356 [Alignment]"
"ENST00000642171.1","SLC1A2","398","1132","Forward","11:35292493-35317383 [Sequence]","Reverse","tr|A0A2R8Y642|A0A2R8Y642_HUMAN","1","247","Forward","247 [Sequence]","394","7.44e-117","96.356 [Alignment]"
"ENST00000643000.1","SLC1A2","239","973","Forward","11:35292493-35317383 [Sequence]","Reverse","tr|A0A2R8Y642|A0A2R8Y642_HUMAN","1","247","Forward","247 [Sequence]","394","7.51e-117","96.356 [Alignment]"
"ENST00000645634.1","SLC1A2","446","1180","Forward","11:35292493-35317383 [Sequence]","Reverse","tr|A0A2R8Y642|A0A2R8Y642_HUMAN","1","247","Forward","247 [Sequence]","394","8.82e-117","96.356 [Alignment]"
"ENST00000395753.6","SLC1A2","284","1018","Forward","11:35292493-35317383 [Sequence]","Reverse","tr|A0A2R8Y642|A0A2R8Y642_HUMAN","1","247","Forward","247 [Sequence]","394","9.86e-117","96.356 [Alignment]"
"ENST00000395750.6","SLC1A2","257","991","Forward","11:35292493-35317383 [Sequence]","Reverse","tr|A0A2R8Y642|A0A2R8Y642_HUMAN","1","247","Forward","247 [Sequence]","394","1.01e-116","96.356 [Alignment]"
"ENST00000600144.5","SLC1A6","632","1639","Forward","19:14950291-14968493 [Sequence]","Reverse","tr|A0A2R8Y642|A0A2R8Y642_HUMAN","59","379","Forward","341 [Sequence]","335","3.40e-99","51.613 [Alignment]"
"ENST00000606205.6","SLC1A2","1225","1686","Forward","11:35265491-35286950 [Sequence]","Reverse","tr|A0A2R8Y642|A0A2R8Y642_HUMAN","237","435","Forward","199 [Sequence]","318","4.06e-93","76.884 [Alignment]"
"ENST00000642224.1","SLC1A2","440","1021","Forward","11:35292519-35317383 [Sequence]","Reverse","tr|A0A2R8Y642|A0A2R8Y642_HUMAN","1","194","Forward","194 [Sequence]","308","1.06e-90","100.000 [Alignment]"
"ENST00000647193.1","SLC1A2","3","413","Forward","11:35286756-35306161 [Sequence]","Reverse","tr|A0A2R8Y642|A0A2R8Y642_HUMAN","165","301","Forward","137 [Sequence]","287","4.70e-86","99.270 [Alignment]"
"ENST00000647076.1","SLC1A2","2","397","Forward","11:35260963-35286917 [Sequence]","Reverse","tr|A0A2R8Y642|A0A2R8Y642_HUMAN","248","424","Forward","177 [Sequence]","263","2.20e-79","74.011 [Alignment]"
"ENST00000506178.1","SLC1A3","41","517","Forward","5:36680387-36686203 [Sequence]","Forward","tr|A0A2R8Y642|A0A2R8Y642_HUMAN","234","390","Forward","159 [Sequence]","229","4.34e-67","66.667 [Alignment]"
"ENST00000531327.5","SLC1A4","130","807","Forward","2:64988619-65020984 [Sequence]","Forward","tr|A0A2R8Y642|A0A2R8Y642_HUMAN","123","370","Forward","248 [Sequence]","238","4.62e-66","47.177 [Alignment]"
"ENST00000612708.5","SLC1A3","529","1644","Forward","5:36608586-36686254 [Sequence]","Forward","tr|A0A2R8Y642|A0A2R8Y642_HUMAN","1","406","Forward","410 [Sequence]","234","6.17e-63","46.098 [Alignment]"
"ENST00000681909.1","SLC1A3","1431","1952","Forward","5:36679859-36686254 [Sequence]","Forward","tr|A0A2R8Y642|A0A2R8Y642_HUMAN","236","406","Forward","174 [Sequence]","229","1.43e-61","63.218 [Alignment]"
"ENST00000680232.1","SLC1A3","1603","2121","Forward","5:36680396-36686254 [Sequence]","Forward","tr|A0A2R8Y642|A0A2R8Y642_HUMAN","237","406","Forward","173 [Sequence]","229","1.78e-61","63.584 [Alignment]"
"ENST00000613445.5","SLC1A3","1244","1765","Forward","5:36679859-36686254 [Sequence]","Forward","tr|A0A2R8Y642|A0A2R8Y642_HUMAN","236","406","Forward","174 [Sequence]","229","1.97e-61","63.218 [Alignment]"
"ENST00000381918.4","SLC1A3","1236","1757","Forward","5:36679859-36686254 [Sequence]","Forward","tr|A0A2R8Y642|A0A2R8Y642_HUMAN","236","406","Forward","174 [Sequence]","229","2.11e-61","63.218 [Alignment]"
"ENST00000680318.1","SLC1A3","1279","1800","Forward","5:36679859-36686254 [Sequence]","Forward","tr|A0A2R8Y642|A0A2R8Y642_HUMAN","236","406","Forward","174 [Sequence]","229","2.12e-61","63.218 [Alignment]"
"ENST00000679992.1","SLC1A3","1310","1831","Forward","5:36679859-36686254 [Sequence]","Forward","tr|A0A2R8Y642|A0A2R8Y642_HUMAN","236","406","Forward","174 [Sequence]","229","2.13e-61","63.218 [Alignment]"
"ENST00000265113.9","SLC1A3","1318","1839","Forward","5:36679859-36686254 [Sequence]","Forward","tr|A0A2R8Y642|A0A2R8Y642_HUMAN","236","406","Forward","174 [Sequence]","229","2.13e-61","63.218 [Alignment]"
"ENST00000679983.1","SLC1A3","1868","2389","Forward","5:36679859-36686254 [Sequence]","Forward","tr|A0A2R8Y642|A0A2R8Y642_HUMAN","236","406","Forward","174 [Sequence]","229","2.23e-61","63.218 [Alignment]"
"ENST00000680876.1","SLC1A3","4277","4795","Forward","5:36680396-36686254 [Sequence]","Forward","tr|A0A2R8Y642|A0A2R8Y642_HUMAN","237","406","Forward","173 [Sequence]","229","2.44e-61","63.584 [Alignment]"
"ENST00000679784.1","SLC1A3","1630","2151","Forward","5:36679859-36686254 [Sequence]","Forward","tr|A0A2R8Y642|A0A2R8Y642_HUMAN","236","406","Forward","174 [Sequence]","228","3.22e-61","63.218 [Alignment]"
"ENST00000680655.1","SLC1A3","1430","1951","Forward","5:36679859-36686254 [Sequence]","Forward","tr|A0A2R8Y642|A0A2R8Y642_HUMAN","236","406","Forward","174 [Sequence]","228","3.36e-61","63.218 [Alignment]"
"ENST00000680048.1","SLC1A3","2226","2744","Forward","5:36680396-36686254 [Sequence]","Forward","tr|A0A2R8Y642|A0A2R8Y642_HUMAN","237","406","Forward","173 [Sequence]","228","4.75e-61","63.584 [Alignment]"
"ENST00000624112.2","SLC1A3","4089","4607","Forward","5:36680396-36686254 [Sequence]","Forward","tr|A0A2R8Y642|A0A2R8Y642_HUMAN","237","406","Forward","173 [Sequence]","228","5.08e-61","63.584 [Alignment]"
"ENST00000681633.1","SLC1A3","3901","4422","Forward","5:36679859-36686254 [Sequence]","Forward","tr|A0A2R8Y642|A0A2R8Y642_HUMAN","236","406","Forward","174 [Sequence]","228","6.04e-61","63.218 [Alignment]"
"ENST00000644351.1","SLC1A2","1681","2010","Forward","11:35280866-35286950 [Sequence]","Reverse","tr|A0A2R8Y642|A0A2R8Y642_HUMAN","237","346","Forward","110 [Sequence]","226","1.16e-60","100.000 [Alignment]"
"ENST00000646833.1","SLC1A2","112","435","Forward","11:35299678-35307165 [Sequence]","Reverse","tr|A0A2R8Y642|A0A2R8Y642_HUMAN","137","242","Forward","108 [Sequence]","208","5.18e-58","94.444 [Alignment]"
"ENST00000221742.7","SLC1A6","1176","1607","Forward","19:14950291-14956477 [Sequence]","Reverse","tr|A0A2R8Y642|A0A2R8Y642_HUMAN","236","379","Forward","144 [Sequence]","217","7.67e-58","67.361 [Alignment]"
"ENST00000262352.8","SLC1A1","1212","1652","Forward","9:4576570-4585423 [Sequence]","Forward","tr|A0A2R8Y642|A0A2R8Y642_HUMAN","237","383","Forward","147 [Sequence]","218","1.06e-57","68.027 [Alignment]"
"ENST00000594383.2","SLC1A6","1731","2162","Forward","19:14950291-14956477 [Sequence]","Reverse","tr|A0A2R8Y642|A0A2R8Y642_HUMAN","236","379","Forward","144 [Sequence]","217","1.68e-57","67.361 [Alignment]"
"ENST00000430939.6","SLC1A6","899","1537","Forward","19:14950291-14956684 [Sequence]","Reverse","tr|A0A2R8Y642|A0A2R8Y642_HUMAN","178","379","Forward","218 [Sequence]","216","2.44e-57","52.752 [Alignment]"
"ENST00000479543.2","SLC1A2","111","437","Forward","11:35292493-35307165 [Sequence]","Reverse","tr|A0A2R8Y642|A0A2R8Y642_HUMAN","137","247","Forward","111 [Sequence]","212","1.11e-55","91.892 [Alignment]"
"ENST00000642216.1","SLC1A2","107","433","Forward","11:35292493-35307165 [Sequence]","Reverse","tr|A0A2R8Y642|A0A2R8Y642_HUMAN","137","247","Forward","111 [Sequence]","210","1.22e-55","91.892 [Alignment]"
"ENST00000642196.1","SLC1A2","260","583","Forward","11:35299678-35307012 [Sequence]","Reverse","tr|A0A2R8Y642|A0A2R8Y642_HUMAN","137","242","Forward","108 [Sequence]","208","1.42e-54","94.444 [Alignment]"
"ENST00000645659.1","SLC1A2","2","442","Forward","11:35312165-35317380 [Sequence]","Reverse","tr|A0A2R8Y642|A0A2R8Y642_HUMAN","2","149","Forward","148 [Sequence]","190","1.22e-53","94.595 [Alignment]"
"ENST00000371494.9","SLC1A7","1111","1632","Forward","1:53088898-53092663 [Sequence]","Reverse","tr|A0A2R8Y642|A0A2R8Y642_HUMAN","189","373","Forward","185 [Sequence]","202","1.26e-52","55.135 [Alignment]"
"ENST00000611397.5","SLC1A7","861","1382","Forward","1:53088898-53092663 [Sequence]","Reverse","tr|A0A2R8Y642|A0A2R8Y642_HUMAN","189","373","Forward","185 [Sequence]","201","2.21e-52","55.135 [Alignment]"
"ENST00000620347.5","SLC1A7","1338","1748","Forward","1:53088898-53090805 [Sequence]","Reverse","tr|A0A2R8Y642|A0A2R8Y642_HUMAN","237","373","Forward","137 [Sequence]","201","2.88e-52","66.423 [Alignment]"
"ENST00000649098.1","SLC1A7","1209","1598","Forward","1:53088898-53092559 [Sequence]","Reverse","tr|A0A2R8Y642|A0A2R8Y642_HUMAN","244","373","Forward","130 [Sequence]","189","1.33e-48","66.154 [Alignment]"
"ENST00000680835.1","SLC1A3","279","605","Forward","5:36680396-36683996 [Sequence]","Forward","tr|A0A2R8Y642|A0A2R8Y642_HUMAN","237","345","Forward","109 [Sequence]","176","8.54e-48","73.394 [Alignment]"
"ENST00000681480.1","SLC1A3","401","727","Forward","5:36680396-36683996 [Sequence]","Forward","tr|A0A2R8Y642|A0A2R8Y642_HUMAN","237","345","Forward","109 [Sequence]","177","3.18e-47","73.394 [Alignment]"
"ENST00000480594.1","SLC1A4","2509","2910","Forward","2:65018072-65020984 [Sequence]","Forward","tr|A0A2R8Y642|A0A2R8Y642_HUMAN","237","370","Forward","134 [Sequence]","175","6.24e-44","55.970 [Alignment]"
"ENST00000234256.4","SLC1A4","1281","1766","Forward","2:65018072-65021068 [Sequence]","Forward","tr|A0A2R8Y642|A0A2R8Y642_HUMAN","237","405","Forward","169 [Sequence]","174","9.87e-44","46.746 [Alignment]"
"ENST00000464522.2","SLC1A2","1","231","Forward","11:35254797-35265745 [Sequence]","Reverse","tr|A0A2R8Y642|A0A2R8Y642_HUMAN","351","429","Forward","79 [Sequence]","164","2.58e-43","94.937 [Alignment]"
