"Subject name","Gene hit","Subject start","Subject end","Subject ori","Genomic Location","Orientation","Query name","Query start","Query end","Query ori","Length","Score","E-val","%ID"
"ENSPPAT00000037484.1","SLC1A2","1","1191","Forward","11:35133892-35265878 [Sequence]","Reverse","tr|A0A2R8Y4D1|A0A2R8Y4D1_HUMAN","1","397","Forward","397 [Sequence]","709","0.0","99.748 [Alignment]"
"ENSPPAT00000037503.1","SLC1A2","7","1191","Forward","11:35133892-35167980 [Sequence]","Reverse","tr|A0A2R8Y4D1|A0A2R8Y4D1_HUMAN","3","397","Forward","395 [Sequence]","703","0.0","99.494 [Alignment]"
"ENSPPAT00000037493.1","SLC1A2","7","1191","Forward","11:35133892-35167980 [Sequence]","Reverse","tr|A0A2R8Y4D1|A0A2R8Y4D1_HUMAN","3","397","Forward","395 [Sequence]","703","0.0","99.494 [Alignment]"
"ENSPPAT00000037489.1","SLC1A2","110","1288","Forward","11:35133892-35169840 [Sequence]","Reverse","tr|A0A2R8Y4D1|A0A2R8Y4D1_HUMAN","5","397","Forward","393 [Sequence]","697","0.0","99.237 [Alignment]"
"ENSPPAT00000037500.1","SLC1A2","1","1164","Forward","11:35133892-35164780 [Sequence]","Reverse","tr|A0A2R8Y4D1|A0A2R8Y4D1_HUMAN","10","397","Forward","388 [Sequence]","690","0.0","99.742 [Alignment]"
"ENSPPAT00000037481.1","SLC1A2","1","1083","Forward","11:35133892-35265878 [Sequence]","Reverse","tr|A0A2R8Y4D1|A0A2R8Y4D1_HUMAN","1","397","Forward","397 [Sequence]","650","0.0","90.680 [Alignment]"
"ENSPPAT00000037513.1","SLC1A2","1","573","Forward","11:35153012-35164780 [Sequence]","Reverse","tr|A0A2R8Y4D1|A0A2R8Y4D1_HUMAN","10","200","Forward","191 [Sequence]","297","1.55e-93","97.906 [Alignment]"
"ENSPPAT00000031149.1","SLC1A1","107","1198","Forward","9:4511597-4597546 [Sequence]","Forward","tr|A0A2R8Y4D1|A0A2R8Y4D1_HUMAN","29","397","Forward","369 [Sequence]","284","7.70e-81","50.949 [Alignment]"
"ENSPPAT00000042273.1","SLC1A3","133","1194","Forward","5:78968631-79040495 [Sequence]","Reverse","tr|A0A2R8Y4D1|A0A2R8Y4D1_HUMAN","41","397","Forward","360 [Sequence]","263","2.91e-75","52.500 [Alignment]"
"ENSPPAT00000042227.1","SLC1A3","608","1669","Forward","5:78968631-79040495 [Sequence]","Reverse","tr|A0A2R8Y4D1|A0A2R8Y4D1_HUMAN","41","397","Forward","360 [Sequence]","263","7.76e-74","52.500 [Alignment]"
"ENSPPAT00000063309.1","SLC1A6","1217","2329","Forward","19:15473993-15492865 [Sequence]","Reverse","tr|A0A2R8Y4D1|A0A2R8Y4D1_HUMAN","41","397","Forward","375 [Sequence]","260","5.12e-73","46.933 [Alignment]"
"ENSPPAT00000042277.1","SLC1A3","196","1056","Forward","5:78968631-78978054 [Sequence]","Reverse","tr|A0A2R8Y4D1|A0A2R8Y4D1_HUMAN","109","397","Forward","292 [Sequence]","253","8.94e-72","53.425 [Alignment]"
"ENSPPAT00000063342.1","SLC1A6","157","1230","Forward","19:15473993-15492865 [Sequence]","Reverse","tr|A0A2R8Y4D1|A0A2R8Y4D1_HUMAN","41","397","Forward","362 [Sequence]","233","2.04e-64","45.304 [Alignment]"
"ENSPPAT00000042271.1","SLC1A3","133","1179","Forward","5:78968631-79040495 [Sequence]","Reverse","tr|A0A2R8Y4D1|A0A2R8Y4D1_HUMAN","41","397","Forward","359 [Sequence]","230","1.46e-63","49.861 [Alignment]"
"ENSPPAT00000063329.1","SLC1A6","355","1077","Forward","19:15473993-15491845 [Sequence]","Reverse","tr|A0A2R8Y4D1|A0A2R8Y4D1_HUMAN","173","397","Forward","243 [Sequence]","208","4.09e-56","48.148 [Alignment]"
"ENSPPAT00000063338.1","SLC1A6","484","1080","Forward","19:15473993-15482360 [Sequence]","Reverse","tr|A0A2R8Y4D1|A0A2R8Y4D1_HUMAN","199","397","Forward","201 [Sequence]","189","8.19e-50","51.244 [Alignment]"
"ENSPPAT00000050232.1","SLC1A7","217","1212","Forward","1:53965770-54015180 [Sequence]","Reverse","tr|A0A2R8Y4D1|A0A2R8Y4D1_HUMAN","39","363","Forward","336 [Sequence]","186","2.46e-48","43.452 [Alignment]"
"ENSPPAT00000059498.1","SLC1A4","91","1107","Forward","2A:66178221-66206638 [Sequence]","Forward","tr|A0A2R8Y4D1|A0A2R8Y4D1_HUMAN","36","397","Forward","368 [Sequence]","163","3.61e-41","40.761 [Alignment]"
"ENSPPAT00000058365.1","SLC1A5","346","1113","Forward","19:52296834-52307171 [Sequence]","Reverse","tr|A0A2R8Y4D1|A0A2R8Y4D1_HUMAN","109","397","Forward","294 [Sequence]","160","2.32e-40","38.095 [Alignment]"
"ENSPPAT00000058367.1","SLC1A5","40","552","Forward","19:52296834-52303650 [Sequence]","Reverse","tr|A0A2R8Y4D1|A0A2R8Y4D1_HUMAN","226","397","Forward","172 [Sequence]","156","1.20e-39","47.093 [Alignment]"
"ENSPPAT00000042279.1","SLC1A3","517","858","Forward","5:78968631-78977871 [Sequence]","Reverse","tr|A0A2R8Y4D1|A0A2R8Y4D1_HUMAN","284","397","Forward","114 [Sequence]","141","2.16e-34","64.912 [Alignment]"
"ENSPPAT00000063344.1","SLC1A6","157","969","Forward","19:15474059-15492865 [Sequence]","Reverse","tr|A0A2R8Y4D1|A0A2R8Y4D1_HUMAN","41","295","Forward","275 [Sequence]","124","7.34e-29","38.545 [Alignment]"
"ENSPPAT00000042289.1","SLC1A3","133","657","Forward","5:78968664-79040495 [Sequence]","Reverse","tr|A0A2R8Y4D1|A0A2R8Y4D1_HUMAN","41","220","Forward","180 [Sequence]","83.2","3.95e-16","49.444 [Alignment]"
"ENSPPAT00000050238.1","SLC1A7","34","474","Forward","1:53978270-54015180 [Sequence]","Reverse","tr|A0A2R8Y4D1|A0A2R8Y4D1_HUMAN","39","187","Forward","149 [Sequence]","79.0","1.13e-15","47.651 [Alignment]"
"ENSPPAT00000063344.1","SLC1A6","883","1035","Forward","19:15473993-15482150 [Sequence]","Reverse","tr|A0A2R8Y4D1|A0A2R8Y4D1_HUMAN","347","397","Forward","51 [Sequence]","67.7","2.32e-11","56.863 [Alignment]"
"ENSPPAT00000050232.1","SLC1A7","1363","1491","Forward","1:53963921-53964049 [Sequence]","Reverse","tr|A0A2R8Y4D1|A0A2R8Y4D1_HUMAN","355","397","Forward","43 [Sequence]","58.1","2.89e-08","58.140 [Alignment]"
"ENSPPAT00000050240.1","SLC1A7","217","618","Forward","1:53981172-54015180 [Sequence]","Reverse","tr|A0A2R8Y4D1|A0A2R8Y4D1_HUMAN","39","174","Forward","136 [Sequence]","56.9","6.27e-08","43.382 [Alignment]"
"ENSPPAT00000059500.1","SLC1A4","88","240","Forward","2A:66199196-66206638 [Sequence]","Forward","tr|A0A2R8Y4D1|A0A2R8Y4D1_HUMAN","347","397","Forward","51 [Sequence]","54.4","2.25e-07","43.137 [Alignment]"
"ENSPPAT00000042279.1","SLC1A3","133","525","Forward","5:78969498-79040495 [Sequence]","Reverse","tr|A0A2R8Y4D1|A0A2R8Y4D1_HUMAN","41","173","Forward","133 [Sequence]","52.3","1.61e-06","51.880 [Alignment]"
"ENSPPAT00000059500.1","SLC1A4","1","153","Forward","2A:66199109-66206551 [Sequence]","Forward","tr|A0A2R8Y4D1|A0A2R8Y4D1_HUMAN","240","290","Forward","51 [Sequence]","46.8","5.71e-05","43.137 [Alignment]"
