"Subject name","Gene hit","Subject start","Subject end","Subject ori","Genomic Location","Orientation","Query name","Query start","Query end","Query ori","Length","Score","E-val","%ID"
"ENSMUST00000080210.10","Slc1a2","627","2342","Forward","2:102489630-102611876 [Sequence]","Forward","sp|P43004|EAA2_HUMAN","1","574","Forward","574 [Sequence]","1039","0.0","95.122 [Alignment]"
"ENSMUST00000111212.8","Slc1a2","48","1745","Forward","2:102566290-102611876 [Sequence]","Forward","sp|P43004|EAA2_HUMAN","7","574","Forward","568 [Sequence]","1027","0.0","95.070 [Alignment]"
"ENSMUST00000111213.8","Slc1a2","5","1654","Forward","2:102489630-102608003 [Sequence]","Forward","sp|P43004|EAA2_HUMAN","1","552","Forward","552 [Sequence]","989","0.0","94.928 [Alignment]"
"ENSMUST00000005220.11","Slc1a2","48","1679","Forward","2:102566290-102608003 [Sequence]","Forward","sp|P43004|EAA2_HUMAN","7","552","Forward","546 [Sequence]","976","0.0","94.872 [Alignment]"
"ENSMUST00000025875.5","Slc1a1","325","1605","Forward","19:28856478-28889165 [Sequence]","Forward","sp|P43004|EAA2_HUMAN","79","511","Forward","433 [Sequence]","438","2.77e-129","58.430 [Alignment]"
"ENSMUST00000005493.14","Slc1a3","656","2086","Forward","15:8665685-8738094 [Sequence]","Reverse","sp|P43004|EAA2_HUMAN","41","518","Forward","483 [Sequence]","429","2.61e-126","55.694 [Alignment]"
"ENSMUST00000005490.10","Slc1a6","341","1783","Forward","10:78623750-78650353 [Sequence]","Forward","sp|P43004|EAA2_HUMAN","41","507","Forward","483 [Sequence]","415","1.71e-124","50.725 [Alignment]"
"ENSMUST00000160702.8","Slc1a1","1369","2553","Forward","19:28871781-28889165 [Sequence]","Forward","sp|P43004|EAA2_HUMAN","112","511","Forward","402 [Sequence]","404","9.78e-119","55.473 [Alignment]"
"ENSMUST00000162189.2","Slc1a1","290","1288","Forward","19:28873482-28889165 [Sequence]","Forward","sp|P43004|EAA2_HUMAN","173","511","Forward","340 [Sequence]","383","2.24e-112","59.118 [Alignment]"
"ENSMUST00000125997.2","Slc1a3","1914","2984","Forward","15:8665661-8679077 [Sequence]","Reverse","sp|P43004|EAA2_HUMAN","171","525","Forward","361 [Sequence]","383","8.07e-111","56.787 [Alignment]"
"ENSMUST00000136488.2","Slc1a2","2","583","Forward","2:102586253-102607925 [Sequence]","Forward","sp|P43004|EAA2_HUMAN","287","525","Forward","239 [Sequence]","349","3.13e-110","78.243 [Alignment]"
"ENSMUST00000238795.2","Slc1a7","291","1682","Forward","4:107825821-107868171 [Sequence]","Forward","sp|P43004|EAA2_HUMAN","44","501","Forward","469 [Sequence]","379","1.37e-109","50.746 [Alignment]"
"ENSMUST00000106713.5","Slc1a7","293","1684","Forward","4:107825821-107868171 [Sequence]","Forward","sp|P43004|EAA2_HUMAN","44","501","Forward","469 [Sequence]","379","1.37e-109","50.746 [Alignment]"
"ENSMUST00000161119.8","Slc1a1","264","1295","Forward","19:28856478-28882925 [Sequence]","Forward","sp|P43004|EAA2_HUMAN","79","428","Forward","351 [Sequence]","327","7.66e-94","57.550 [Alignment]"
"ENSMUST00000004634.7","Slc1a4","312","1649","Forward","11:20254428-20282373 [Sequence]","Reverse","sp|P43004|EAA2_HUMAN","36","498","Forward","469 [Sequence]","308","5.00e-86","44.136 [Alignment]"
"ENSMUST00000109594.8","Slc1a4","341","1678","Forward","11:20254428-20282373 [Sequence]","Reverse","sp|P43004|EAA2_HUMAN","36","498","Forward","469 [Sequence]","308","5.04e-86","44.136 [Alignment]"
"ENSMUST00000108496.9","Slc1a5","637","2226","Forward","7:16515901-16531661 [Sequence]","Forward","sp|P43004|EAA2_HUMAN","23","546","Forward","553 [Sequence]","307","9.02e-86","39.421 [Alignment]"
"ENSMUST00000154446.2","Slc1a2","3","401","Forward","2:102591520-102608000 [Sequence]","Forward","sp|P43004|EAA2_HUMAN","418","551","Forward","134 [Sequence]","273","5.05e-82","94.776 [Alignment]"
"ENSMUST00000127401.8","Slc1a5","609","1826","Forward","7:16515901-16529875 [Sequence]","Forward","sp|P43004|EAA2_HUMAN","23","428","Forward","429 [Sequence]","232","1.01e-77","40.093 [Alignment]"
"ENSMUST00000127401.8","Slc1a5","1901","2092","Forward","7:16529950-16531484 [Sequence]","Forward","sp|P43004|EAA2_HUMAN","430","493","Forward","64 [Sequence]","81.1","1.01e-77","59.375 [Alignment]"
"ENSMUST00000123759.8","Slc1a2","25","510","Forward","2:102536725-102570221 [Sequence]","Forward","sp|P43004|EAA2_HUMAN","5","166","Forward","162 [Sequence]","230","4.23e-67","95.062 [Alignment]"
"ENSMUST00000134407.2","Slc1a5","50","610","Forward","7:16527573-16530081 [Sequence]","Forward","sp|P43004|EAA2_HUMAN","287","473","Forward","187 [Sequence]","191","1.76e-52","52.406 [Alignment]"
"ENSMUST00000128879.2","Slc1a3","116","469","Forward","15:8671740-8672616 [Sequence]","Reverse","sp|P43004|EAA2_HUMAN","287","404","Forward","118 [Sequence]","157","5.73e-42","68.644 [Alignment]"
"ENSMUST00000141349.2","Slc1a5","457","876","Forward","7:16527558-16529854 [Sequence]","Forward","sp|P43004|EAA2_HUMAN","282","421","Forward","140 [Sequence]","137","4.61e-33","50.000 [Alignment]"
"ENSMUST00000124190.2","Slc1a7","352","570","Forward","4:107867565-107868171 [Sequence]","Forward","sp|P43004|EAA2_HUMAN","429","501","Forward","73 [Sequence]","102","3.05e-21","60.274 [Alignment]"
"ENSMUST00000135817.3","Slc1a5","67","414","Forward","7:16519602-16527629 [Sequence]","Forward","sp|P43004|EAA2_HUMAN","174","305","Forward","133 [Sequence]","86.6","5.60e-18","36.090 [Alignment]"
"ENSMUST00000147814.2","Slc1a5","558","803","Forward","7:16523717-16527671 [Sequence]","Forward","sp|P43004|EAA2_HUMAN","238","319","Forward","82 [Sequence]","77.4","6.06e-14","43.902 [Alignment]"
"ENSMUST00000154446.2","Slc1a2","443","541","Forward","2:102611103-102611876 [Sequence]","Forward","sp|P43004|EAA2_HUMAN","542","574","Forward","33 [Sequence]","69.0","1.63e-11","78.788 [Alignment]"
"ENSMUST00000175647.8","Spata6l","1453","1692","Reverse","19:28878788-28879027 [Sequence]","Reverse","sp|P43004|EAA2_HUMAN","203","286","Forward","84 [Sequence]","68.6","5.39e-11","41.667 [Alignment]"
"ENSMUST00000217717.2","Slc1a6","278","583","Forward","10:78623750-78627117 [Sequence]","Forward","sp|P43004|EAA2_HUMAN","41","143","Forward","103 [Sequence]","53.1","1.68e-06","48.544 [Alignment]"
"ENSMUST00000206444.2","Slc1a5","53","130","Forward","7:16516375-16520282 [Sequence]","Forward","sp|P43004|EAA2_HUMAN","165","190","Forward","26 [Sequence]","45.6","3.73e-04","61.538 [Alignment]"
"ENSMUST00000125997.2","Slc1a3","468","680","Forward","15:8680311-8680523 [Sequence]","Reverse","sp|P43004|EAA2_HUMAN","109","180","Forward","72 [Sequence]","43.9","0.002","51.389 [Alignment]"
