"Subject name","Gene hit","Subject start","Subject end","Subject ori","Genomic Location","Orientation","Query name","Query start","Query end","Query ori","Length","Score","E-val","%ID"
"ENSOGAT00000016245.2","SLC1A2","1441","1659","Forward","GL873520.1:62029127-62029345 [Sequence]","Reverse","tr|H0YEB1|H0YEB1_HUMAN","1","73","Forward","73 [Sequence]","161","1.10e-46","98.630 [Alignment]"
"ENSOGAT00000007470.2","SLC1A1","1352","1432","Forward","GL873525.1:22335174-22335254 [Sequence]","Reverse","tr|H0YEB1|H0YEB1_HUMAN","1","27","Forward","27 [Sequence]","43.1","2.02e-05","62.963 [Alignment]"
"ENSOGAT00000004889.2","SLC1A3","1468","1644","Forward","GL873582.1:4754117-4754293 [Sequence]","Forward","tr|H0YEB1|H0YEB1_HUMAN","1","56","Forward","59 [Sequence]","43.1","2.25e-05","45.763 [Alignment]"
"ENSOGAT00000005686.2","SLC1A4","1381","1449","Forward","GL873543.1:21951846-21951914 [Sequence]","Forward","tr|H0YEB1|H0YEB1_HUMAN","1","23","Forward","23 [Sequence]","33.4","0.031","52.174 [Alignment]"
