"Subject name","Gene hit","Subject start","Subject end","Subject ori","Genomic Location","Orientation","Query name","Query start","Query end","Query ori","Length","Score","E-val","%ID"
"ENSGGOT00000056432.1","SLC1A2","1","1191","Forward","11:35428943-35559400 [Sequence]","Reverse","tr|A0A2R8Y4D1|A0A2R8Y4D1_HUMAN","1","397","Forward","397 [Sequence]","709","0.0","100.000 [Alignment]"
"ENSGGOT00000067669.1","SLC1A2","4","1200","Forward","11:35428943-35463980 [Sequence]","Reverse","tr|A0A2R8Y4D1|A0A2R8Y4D1_HUMAN","2","397","Forward","399 [Sequence]","700","0.0","98.997 [Alignment]"
"ENSGGOT00000063591.1","SLC1A2","4","1200","Forward","11:35428943-35463980 [Sequence]","Reverse","tr|A0A2R8Y4D1|A0A2R8Y4D1_HUMAN","2","397","Forward","399 [Sequence]","700","0.0","98.997 [Alignment]"
"ENSGGOT00000054270.1","SLC1A2","109","1287","Forward","11:35428943-35464407 [Sequence]","Reverse","tr|A0A2R8Y4D1|A0A2R8Y4D1_HUMAN","5","397","Forward","393 [Sequence]","697","0.0","99.491 [Alignment]"
"ENSGGOT00000048601.1","SLC1A2","1","1164","Forward","11:35428943-35459346 [Sequence]","Reverse","tr|A0A2R8Y4D1|A0A2R8Y4D1_HUMAN","10","397","Forward","388 [Sequence]","691","0.0","100.000 [Alignment]"
"ENSGGOT00000000265.3","SLC1A1","462","1517","Forward","9:45416578-45515181 [Sequence]","Reverse","tr|A0A2R8Y4D1|A0A2R8Y4D1_HUMAN","41","397","Forward","363 [Sequence]","288","2.86e-82","52.617 [Alignment]"
"ENSGGOT00000047992.1","SLC1A3","133","1194","Forward","17:58653560-58725661 [Sequence]","Reverse","tr|A0A2R8Y4D1|A0A2R8Y4D1_HUMAN","41","397","Forward","362 [Sequence]","263","3.14e-75","52.486 [Alignment]"
"ENSGGOT00000013495.3","SLC1A6","157","1269","Forward","19:14739021-14757630 [Sequence]","Reverse","tr|A0A2R8Y4D1|A0A2R8Y4D1_HUMAN","41","397","Forward","375 [Sequence]","262","1.70e-74","47.200 [Alignment]"
"ENSGGOT00000004685.3","SLC1A3","609","1670","Forward","17:58653560-58725661 [Sequence]","Reverse","tr|A0A2R8Y4D1|A0A2R8Y4D1_HUMAN","41","397","Forward","362 [Sequence]","263","8.17e-74","52.486 [Alignment]"
"ENSGGOT00000049873.1","SLC1A3","196","1056","Forward","17:58653560-58663161 [Sequence]","Reverse","tr|A0A2R8Y4D1|A0A2R8Y4D1_HUMAN","109","397","Forward","294 [Sequence]","253","1.11e-71","53.401 [Alignment]"
"ENSGGOT00000058186.1","SLC1A1","43","1086","Forward","9:45416578-45515181 [Sequence]","Reverse","tr|A0A2R8Y4D1|A0A2R8Y4D1_HUMAN","41","397","Forward","357 [Sequence]","252","4.16e-71","49.300 [Alignment]"
"ENSGGOT00000005676.3","SLC1A7","34","1131","Forward","1:53692444-53749130 [Sequence]","Reverse","tr|A0A2R8Y4D1|A0A2R8Y4D1_HUMAN","39","397","Forward","370 [Sequence]","239","1.64e-66","45.946 [Alignment]"
"ENSGGOT00000026438.2","SLC1A7","217","1314","Forward","1:53692444-53749130 [Sequence]","Reverse","tr|A0A2R8Y4D1|A0A2R8Y4D1_HUMAN","39","397","Forward","370 [Sequence]","239","5.44e-66","45.946 [Alignment]"
"ENSGGOT00000052635.1","SLC1A3","133","1179","Forward","17:58653560-58725661 [Sequence]","Reverse","tr|A0A2R8Y4D1|A0A2R8Y4D1_HUMAN","41","397","Forward","362 [Sequence]","232","6.83e-64","50.000 [Alignment]"
"ENSGGOT00000029492.2","SLC1A6","355","1077","Forward","19:14739021-14756616 [Sequence]","Reverse","tr|A0A2R8Y4D1|A0A2R8Y4D1_HUMAN","173","397","Forward","243 [Sequence]","209","7.65e-57","48.560 [Alignment]"
"ENSGGOT00000008831.3","SLC1A5","1005","1805","Forward","19:46024816-46035149 [Sequence]","Reverse","tr|A0A2R8Y4D1|A0A2R8Y4D1_HUMAN","109","397","Forward","294 [Sequence]","188","3.83e-49","40.816 [Alignment]"
"ENSGGOT00000048985.1","SLC1A7","397","1098","Forward","1:53692444-53740962 [Sequence]","Reverse","tr|A0A2R8Y4D1|A0A2R8Y4D1_HUMAN","173","397","Forward","236 [Sequence]","188","4.64e-49","46.186 [Alignment]"
"ENSGGOT00000067699.1","SLC1A7","34","1029","Forward","1:53694294-53749130 [Sequence]","Reverse","tr|A0A2R8Y4D1|A0A2R8Y4D1_HUMAN","39","363","Forward","336 [Sequence]","186","1.46e-48","43.452 [Alignment]"
"ENSGGOT00000011255.3","SLC1A4","462","1496","Forward","2A:41867348-41895737 [Sequence]","Reverse","tr|A0A2R8Y4D1|A0A2R8Y4D1_HUMAN","36","397","Forward","368 [Sequence]","183","1.85e-47","42.935 [Alignment]"
"ENSGGOT00000060461.1","SLC1A5","358","1125","Forward","19:46024816-46035149 [Sequence]","Reverse","tr|A0A2R8Y4D1|A0A2R8Y4D1_HUMAN","109","397","Forward","294 [Sequence]","161","1.92e-40","38.095 [Alignment]"
"ENSGGOT00000064242.1","SLC1A5","40","552","Forward","19:46024816-46031634 [Sequence]","Reverse","tr|A0A2R8Y4D1|A0A2R8Y4D1_HUMAN","226","397","Forward","172 [Sequence]","156","8.32e-40","47.093 [Alignment]"
"ENSGGOT00000066942.1","SLC1A4","607","1086","Forward","2A:41867348-41874903 [Sequence]","Reverse","tr|A0A2R8Y4D1|A0A2R8Y4D1_HUMAN","238","397","Forward","160 [Sequence]","155","1.41e-38","51.250 [Alignment]"
"ENSGGOT00000045834.1","SLC1A3","517","858","Forward","17:58653560-58662978 [Sequence]","Reverse","tr|A0A2R8Y4D1|A0A2R8Y4D1_HUMAN","284","397","Forward","114 [Sequence]","141","2.19e-34","64.912 [Alignment]"
"ENSGGOT00000057293.1","SLC1A6","157","978","Forward","19:14739078-14757630 [Sequence]","Reverse","tr|A0A2R8Y4D1|A0A2R8Y4D1_HUMAN","41","298","Forward","280 [Sequence]","126","1.39e-29","39.286 [Alignment]"
"ENSGGOT00000057874.1","SLC1A3","133","657","Forward","17:58653593-58725661 [Sequence]","Reverse","tr|A0A2R8Y4D1|A0A2R8Y4D1_HUMAN","41","220","Forward","180 [Sequence]","84.5","1.34e-16","49.444 [Alignment]"
"ENSGGOT00000057293.1","SLC1A6","883","1035","Forward","19:14739021-14746940 [Sequence]","Reverse","tr|A0A2R8Y4D1|A0A2R8Y4D1_HUMAN","347","397","Forward","51 [Sequence]","68.2","2.02e-11","56.863 [Alignment]"
"ENSGGOT00000067699.1","SLC1A7","1180","1308","Forward","1:53692444-53692572 [Sequence]","Reverse","tr|A0A2R8Y4D1|A0A2R8Y4D1_HUMAN","355","397","Forward","43 [Sequence]","58.1","2.60e-08","58.140 [Alignment]"
"ENSGGOT00000049408.1","SLC1A7","217","618","Forward","1:53715258-53749130 [Sequence]","Reverse","tr|A0A2R8Y4D1|A0A2R8Y4D1_HUMAN","39","174","Forward","136 [Sequence]","56.9","4.94e-08","43.382 [Alignment]"
"ENSGGOT00000060326.1","SLC1A4","88","240","Forward","2A:41867348-41874810 [Sequence]","Reverse","tr|A0A2R8Y4D1|A0A2R8Y4D1_HUMAN","347","397","Forward","51 [Sequence]","54.4","2.28e-07","43.137 [Alignment]"
"ENSGGOT00000045834.1","SLC1A3","133","525","Forward","17:58654427-58725661 [Sequence]","Reverse","tr|A0A2R8Y4D1|A0A2R8Y4D1_HUMAN","41","173","Forward","133 [Sequence]","52.3","1.63e-06","51.880 [Alignment]"
"ENSGGOT00000060326.1","SLC1A4","1","153","Forward","2A:41867435-41874897 [Sequence]","Reverse","tr|A0A2R8Y4D1|A0A2R8Y4D1_HUMAN","240","290","Forward","51 [Sequence]","46.8","5.78e-05","43.137 [Alignment]"
