"Subject name","Gene hit","Subject start","Subject end","Subject ori","Genomic Location","Orientation","Query name","Query start","Query end","Query ori","Length","Score","E-val","%ID"
"ENSMMUT00000084836.1","SLC1A2","596","1867","Forward","14:30153159-30210053 [Sequence]","Forward","tr|A0A2R8Y642|A0A2R8Y642_HUMAN","1","424","Forward","424 [Sequence]","802","0.0","100.000 [Alignment]"
"ENSMMUT00000094689.1","SLC1A2","1084","1647","Forward","14:30183637-30210053 [Sequence]","Forward","tr|A0A2R8Y642|A0A2R8Y642_HUMAN","237","424","Forward","188 [Sequence]","404","8.98e-125","100.000 [Alignment]"
"ENSMMUT00000006147.4","SLC1A2","1105","1668","Forward","14:30183637-30210053 [Sequence]","Forward","tr|A0A2R8Y642|A0A2R8Y642_HUMAN","237","424","Forward","188 [Sequence]","403","9.93e-125","100.000 [Alignment]"
"ENSMMUT00000096837.1","SLC1A2","1139","1702","Forward","14:30183637-30210053 [Sequence]","Forward","tr|A0A2R8Y642|A0A2R8Y642_HUMAN","237","424","Forward","188 [Sequence]","404","2.39e-124","100.000 [Alignment]"
"ENSMMUT00000090431.1","SLC1A2","1219","1782","Forward","14:30183637-30210053 [Sequence]","Forward","tr|A0A2R8Y642|A0A2R8Y642_HUMAN","237","424","Forward","188 [Sequence]","404","9.54e-124","100.000 [Alignment]"
"ENSMMUT00000006147.4","SLC1A2","163","897","Forward","14:30153159-30178127 [Sequence]","Forward","tr|A0A2R8Y642|A0A2R8Y642_HUMAN","1","247","Forward","247 [Sequence]","394","3.31e-121","96.356 [Alignment]"
"ENSMMUT00000094689.1","SLC1A2","142","876","Forward","14:30153159-30178127 [Sequence]","Forward","tr|A0A2R8Y642|A0A2R8Y642_HUMAN","1","247","Forward","247 [Sequence]","394","3.51e-121","96.356 [Alignment]"
"ENSMMUT00000044087.3","SLC1A2","1679","2239","Forward","14:30183637-30205449 [Sequence]","Forward","tr|A0A2R8Y642|A0A2R8Y642_HUMAN","237","423","Forward","187 [Sequence]","402","5.20e-121","100.000 [Alignment]"
"ENSMMUT00000109509.1","SLC1A2","1682","2245","Forward","14:30183637-30210053 [Sequence]","Forward","tr|A0A2R8Y642|A0A2R8Y642_HUMAN","237","424","Forward","188 [Sequence]","404","7.79e-121","100.000 [Alignment]"
"ENSMMUT00000096837.1","SLC1A2","197","931","Forward","14:30153159-30178127 [Sequence]","Forward","tr|A0A2R8Y642|A0A2R8Y642_HUMAN","1","247","Forward","247 [Sequence]","394","8.80e-121","96.356 [Alignment]"
"ENSMMUT00000090431.1","SLC1A2","277","1011","Forward","14:30153159-30178127 [Sequence]","Forward","tr|A0A2R8Y642|A0A2R8Y642_HUMAN","1","247","Forward","247 [Sequence]","394","5.57e-120","96.356 [Alignment]"
"ENSMMUT00000044087.3","SLC1A2","737","1471","Forward","14:30153159-30178127 [Sequence]","Forward","tr|A0A2R8Y642|A0A2R8Y642_HUMAN","1","247","Forward","247 [Sequence]","394","3.12e-118","96.356 [Alignment]"
"ENSMMUT00000109509.1","SLC1A2","740","1474","Forward","14:30153159-30178127 [Sequence]","Forward","tr|A0A2R8Y642|A0A2R8Y642_HUMAN","1","247","Forward","247 [Sequence]","394","1.50e-117","96.356 [Alignment]"
"ENSMMUT00000080064.1","SLC1A6","632","1639","Forward","19:14538969-14558272 [Sequence]","Reverse","tr|A0A2R8Y642|A0A2R8Y642_HUMAN","59","379","Forward","341 [Sequence]","337","1.28e-99","51.906 [Alignment]"
"ENSMMUT00000000192.4","SLC1A1","73","1299","Forward","15:79240128-79329560 [Sequence]","Reverse","tr|A0A2R8Y642|A0A2R8Y642_HUMAN","1","383","Forward","412 [Sequence]","303","4.76e-89","47.087 [Alignment]"
"ENSMMUT00000041841.3","SLC1A3","1304","1825","Forward","6:36496720-36503428 [Sequence]","Forward","tr|A0A2R8Y642|A0A2R8Y642_HUMAN","236","406","Forward","174 [Sequence]","230","2.30e-62","63.793 [Alignment]"
"ENSMMUT00000072923.2","SLC1A3","1188","1709","Forward","6:36496720-36503428 [Sequence]","Forward","tr|A0A2R8Y642|A0A2R8Y642_HUMAN","236","406","Forward","174 [Sequence]","230","2.66e-62","63.793 [Alignment]"
"ENSMMUT00000008674.3","SLC1A3","1318","1791","Forward","6:36496720-36505538 [Sequence]","Forward","tr|A0A2R8Y642|A0A2R8Y642_HUMAN","236","403","Forward","168 [Sequence]","226","6.49e-61","63.095 [Alignment]"
"ENSMMUT00000002449.4","SLC1A6","1320","1751","Forward","19:14538969-14545977 [Sequence]","Reverse","tr|A0A2R8Y642|A0A2R8Y642_HUMAN","236","379","Forward","144 [Sequence]","217","5.80e-58","67.361 [Alignment]"
"ENSMMUT00000102306.1","SLC1A6","1380","1811","Forward","19:14538969-14545977 [Sequence]","Reverse","tr|A0A2R8Y642|A0A2R8Y642_HUMAN","236","379","Forward","144 [Sequence]","217","6.02e-58","67.361 [Alignment]"
"ENSMMUT00000101610.1","SLC1A6","1440","1871","Forward","19:14538969-14545977 [Sequence]","Reverse","tr|A0A2R8Y642|A0A2R8Y642_HUMAN","236","379","Forward","144 [Sequence]","217","6.23e-58","67.361 [Alignment]"
"ENSMMUT00000093010.1","SLC1A6","1466","1897","Forward","19:14538969-14545977 [Sequence]","Reverse","tr|A0A2R8Y642|A0A2R8Y642_HUMAN","236","379","Forward","144 [Sequence]","217","6.30e-58","67.361 [Alignment]"
"ENSMMUT00000110288.1","SLC1A6","1601","2032","Forward","19:14538969-14545977 [Sequence]","Reverse","tr|A0A2R8Y642|A0A2R8Y642_HUMAN","236","379","Forward","144 [Sequence]","217","6.69e-58","67.361 [Alignment]"
"ENSMMUT00000056448.2","SLC1A6","1336","1767","Forward","19:14538969-14545977 [Sequence]","Reverse","tr|A0A2R8Y642|A0A2R8Y642_HUMAN","236","379","Forward","144 [Sequence]","217","8.56e-58","67.361 [Alignment]"
"ENSMMUT00000096585.1","SLC1A1","1172","1612","Forward","15:79240128-79249181 [Sequence]","Reverse","tr|A0A2R8Y642|A0A2R8Y642_HUMAN","237","383","Forward","147 [Sequence]","216","1.68e-57","67.347 [Alignment]"
"ENSMMUT00000010641.4","SLC1A7","1210","1620","Forward","1:171321604-171323493 [Sequence]","Forward","tr|A0A2R8Y642|A0A2R8Y642_HUMAN","237","373","Forward","137 [Sequence]","200","9.67e-53","66.423 [Alignment]"
"ENSMMUT00000014365.3","SLC1A4","1018","1419","Forward","13:43745495-43748407 [Sequence]","Reverse","tr|A0A2R8Y642|A0A2R8Y642_HUMAN","237","370","Forward","134 [Sequence]","176","3.80e-45","56.716 [Alignment]"
"ENSMMUT00000060644.2","SLC1A4","1036","1437","Forward","13:43745495-43748407 [Sequence]","Reverse","tr|A0A2R8Y642|A0A2R8Y642_HUMAN","237","370","Forward","134 [Sequence]","176","7.15e-45","56.716 [Alignment]"
"ENSMMUT00000000191.4","SLC1A1","73","792","Forward","15:79251797-79329560 [Sequence]","Reverse","tr|A0A2R8Y642|A0A2R8Y642_HUMAN","1","244","Forward","250 [Sequence]","163","3.79e-41","47.600 [Alignment]"
"ENSMMUT00000096585.1","SLC1A1","245","964","Forward","15:79251797-79329560 [Sequence]","Reverse","tr|A0A2R8Y642|A0A2R8Y642_HUMAN","1","244","Forward","250 [Sequence]","163","9.09e-41","47.600 [Alignment]"
"ENSMMUT00000071380.2","SLC1A5","1616","2173","Forward","19:46787565-46789505 [Sequence]","Reverse","tr|A0A2R8Y642|A0A2R8Y642_HUMAN","239","418","Forward","186 [Sequence]","151","5.39e-37","41.398 [Alignment]"
"ENSMMUT00000082720.1","SLC1A5","1692","2249","Forward","19:46787565-46789505 [Sequence]","Reverse","tr|A0A2R8Y642|A0A2R8Y642_HUMAN","239","418","Forward","186 [Sequence]","151","6.47e-37","41.398 [Alignment]"
"ENSMMUT00000091204.1","SLC1A3","1188","1574","Forward","6:36496720-36503428 [Sequence]","Forward","tr|A0A2R8Y642|A0A2R8Y642_HUMAN","236","406","Forward","174 [Sequence]","138","1.53e-32","45.402 [Alignment]"
"ENSMMUT00000000191.4","SLC1A1","1000","1305","Forward","15:79240128-79249181 [Sequence]","Reverse","tr|A0A2R8Y642|A0A2R8Y642_HUMAN","237","383","Forward","147 [Sequence]","124","1.05e-28","46.259 [Alignment]"
"ENSMMUT00000002449.4","SLC1A6","510","1112","Forward","19:14546185-14558272 [Sequence]","Reverse","tr|A0A2R8Y642|A0A2R8Y642_HUMAN","59","244","Forward","204 [Sequence]","120","2.25e-27","37.745 [Alignment]"
"ENSMMUT00000102306.1","SLC1A6","570","1172","Forward","19:14546185-14558272 [Sequence]","Reverse","tr|A0A2R8Y642|A0A2R8Y642_HUMAN","59","244","Forward","204 [Sequence]","120","2.29e-27","37.745 [Alignment]"
"ENSMMUT00000101610.1","SLC1A6","630","1232","Forward","19:14546185-14558272 [Sequence]","Reverse","tr|A0A2R8Y642|A0A2R8Y642_HUMAN","59","244","Forward","204 [Sequence]","120","2.33e-27","37.745 [Alignment]"
"ENSMMUT00000093010.1","SLC1A6","656","1258","Forward","19:14546185-14558272 [Sequence]","Reverse","tr|A0A2R8Y642|A0A2R8Y642_HUMAN","59","244","Forward","204 [Sequence]","120","2.35e-27","37.745 [Alignment]"
"ENSMMUT00000110288.1","SLC1A6","791","1393","Forward","19:14546185-14558272 [Sequence]","Reverse","tr|A0A2R8Y642|A0A2R8Y642_HUMAN","59","244","Forward","204 [Sequence]","120","2.43e-27","37.745 [Alignment]"
"ENSMMUT00000056448.2","SLC1A6","526","1128","Forward","19:14546185-14558272 [Sequence]","Reverse","tr|A0A2R8Y642|A0A2R8Y642_HUMAN","59","244","Forward","204 [Sequence]","120","2.82e-27","37.745 [Alignment]"
"ENSMMUT00000008674.3","SLC1A3","388","1110","Forward","6:36423268-36496512 [Sequence]","Forward","tr|A0A2R8Y642|A0A2R8Y642_HUMAN","1","244","Forward","247 [Sequence]","117","2.08e-26","44.939 [Alignment]"
"ENSMMUT00000041841.3","SLC1A3","374","1096","Forward","6:36423268-36496512 [Sequence]","Forward","tr|A0A2R8Y642|A0A2R8Y642_HUMAN","1","244","Forward","247 [Sequence]","117","3.40e-26","44.939 [Alignment]"
"ENSMMUT00000091204.1","SLC1A3","258","980","Forward","6:36423268-36496512 [Sequence]","Forward","tr|A0A2R8Y642|A0A2R8Y642_HUMAN","1","244","Forward","247 [Sequence]","117","3.48e-26","44.939 [Alignment]"
"ENSMMUT00000072923.2","SLC1A3","258","980","Forward","6:36423268-36496512 [Sequence]","Forward","tr|A0A2R8Y642|A0A2R8Y642_HUMAN","1","244","Forward","247 [Sequence]","117","3.73e-26","44.939 [Alignment]"
"ENSMMUT00000010641.4","SLC1A7","70","783","Forward","1:171270144-171318858 [Sequence]","Forward","tr|A0A2R8Y642|A0A2R8Y642_HUMAN","1","231","Forward","243 [Sequence]","114","1.85e-25","41.152 [Alignment]"
"ENSMMUT00000031172.4","SLC1A5","1036","1545","Forward","19:46787565-46789505 [Sequence]","Reverse","tr|A0A2R8Y642|A0A2R8Y642_HUMAN","239","418","Forward","187 [Sequence]","87.0","5.59e-17","31.551 [Alignment]"
"ENSMMUT00000071380.2","SLC1A5","1091","1399","Forward","19:46790953-46801559 [Sequence]","Reverse","tr|A0A2R8Y642|A0A2R8Y642_HUMAN","115","244","Forward","130 [Sequence]","79.0","2.05e-14","36.923 [Alignment]"
"ENSMMUT00000082720.1","SLC1A5","1167","1475","Forward","19:46790953-46801559 [Sequence]","Reverse","tr|A0A2R8Y642|A0A2R8Y642_HUMAN","115","244","Forward","130 [Sequence]","79.0","2.09e-14","36.923 [Alignment]"
"ENSMMUT00000060644.2","SLC1A4","214","798","Forward","13:43755461-43777698 [Sequence]","Reverse","tr|A0A2R8Y642|A0A2R8Y642_HUMAN","25","235","Forward","217 [Sequence]","78.2","3.87e-14","38.249 [Alignment]"
"ENSMMUT00000014365.3","SLC1A4","214","780","Forward","13:43755461-43777698 [Sequence]","Reverse","tr|A0A2R8Y642|A0A2R8Y642_HUMAN","25","235","Forward","217 [Sequence]","58.1","4.63e-08","34.562 [Alignment]"
"ENSMMUT00000031172.4","SLC1A5","616","792","Forward","19:46795782-46798159 [Sequence]","Reverse","tr|A0A2R8Y642|A0A2R8Y642_HUMAN","176","235","Forward","60 [Sequence]","56.0","1.87e-07","45.000 [Alignment]"
