"Subject name","Gene hit","Subject start","Subject end","Subject ori","Genomic Location","Orientation","Query name","Query start","Query end","Query ori","Length","Score","E-val","%ID"
"ENST00000464522.2","SLC1A2","1","273","Forward","11:35254755-35265745 [Sequence]","Reverse","tr|H0YEB1|H0YEB1_HUMAN","1","91","Forward","91 [Sequence]","199","2.22e-62","100.000 [Alignment]"
"ENST00000531628.2","SLC1A2","1435","1656","Forward","11:35261883-35265745 [Sequence]","Reverse","tr|H0YEB1|H0YEB1_HUMAN","1","74","Forward","74 [Sequence]","195","1.54e-57","100.000 [Alignment]"
"ENST00000606205.6","SLC1A2","1432","1650","Forward","11:35265527-35265745 [Sequence]","Reverse","tr|H0YEB1|H0YEB1_HUMAN","1","73","Forward","73 [Sequence]","193","7.34e-57","100.000 [Alignment]"
"ENST00000647104.1","SLC1A2","1587","1805","Forward","11:35265527-35265745 [Sequence]","Reverse","tr|H0YEB1|H0YEB1_HUMAN","1","73","Forward","73 [Sequence]","192","1.84e-56","100.000 [Alignment]"
"ENST00000646080.1","SLC1A2","1504","1722","Forward","11:35265527-35265745 [Sequence]","Reverse","tr|H0YEB1|H0YEB1_HUMAN","1","73","Forward","73 [Sequence]","192","1.84e-56","100.000 [Alignment]"
"ENST00000642448.1","SLC1A2","1527","1745","Forward","11:35265527-35265745 [Sequence]","Reverse","tr|H0YEB1|H0YEB1_HUMAN","1","73","Forward","73 [Sequence]","192","1.86e-56","100.000 [Alignment]"
"ENST00000645194.1","SLC1A2","1479","1697","Forward","11:35265527-35265745 [Sequence]","Reverse","tr|H0YEB1|H0YEB1_HUMAN","1","73","Forward","73 [Sequence]","192","1.88e-56","100.000 [Alignment]"
"ENST00000644299.1","SLC1A2","1580","1798","Forward","11:35265527-35265745 [Sequence]","Reverse","tr|H0YEB1|H0YEB1_HUMAN","1","73","Forward","73 [Sequence]","192","1.89e-56","100.000 [Alignment]"
"ENST00000643000.1","SLC1A2","1523","1741","Forward","11:35265527-35265745 [Sequence]","Reverse","tr|H0YEB1|H0YEB1_HUMAN","1","73","Forward","73 [Sequence]","192","1.89e-56","100.000 [Alignment]"
"ENST00000645634.1","SLC1A2","1730","1948","Forward","11:35265527-35265745 [Sequence]","Reverse","tr|H0YEB1|H0YEB1_HUMAN","1","73","Forward","73 [Sequence]","192","1.89e-56","100.000 [Alignment]"
"ENST00000645303.1","SLC1A2","1739","1957","Forward","11:35265527-35265745 [Sequence]","Reverse","tr|H0YEB1|H0YEB1_HUMAN","1","73","Forward","73 [Sequence]","192","1.90e-56","100.000 [Alignment]"
"ENST00000644050.1","SLC1A2","1874","2092","Forward","11:35265527-35265745 [Sequence]","Reverse","tr|H0YEB1|H0YEB1_HUMAN","1","73","Forward","73 [Sequence]","192","1.90e-56","100.000 [Alignment]"
"ENST00000644779.1","SLC1A2","2373","2591","Forward","11:35265527-35265745 [Sequence]","Reverse","tr|H0YEB1|H0YEB1_HUMAN","1","73","Forward","73 [Sequence]","192","1.91e-56","100.000 [Alignment]"
"ENST00000642769.1","SLC1A2","701","919","Forward","11:35265527-35265745 [Sequence]","Reverse","tr|H0YEB1|H0YEB1_HUMAN","1","73","Forward","73 [Sequence]","192","1.91e-56","100.000 [Alignment]"
"ENST00000479543.2","SLC1A2","987","1205","Forward","11:35265527-35265745 [Sequence]","Reverse","tr|H0YEB1|H0YEB1_HUMAN","1","73","Forward","73 [Sequence]","192","1.91e-56","100.000 [Alignment]"
"ENST00000395750.6","SLC1A2","1541","1759","Forward","11:35265527-35265745 [Sequence]","Reverse","tr|H0YEB1|H0YEB1_HUMAN","1","73","Forward","73 [Sequence]","192","1.92e-56","100.000 [Alignment]"
"ENST00000395753.6","SLC1A2","1568","1786","Forward","11:35265527-35265745 [Sequence]","Reverse","tr|H0YEB1|H0YEB1_HUMAN","1","73","Forward","73 [Sequence]","192","1.92e-56","100.000 [Alignment]"
"ENST00000278379.9","SLC1A2","2027","2245","Forward","11:35265527-35265745 [Sequence]","Reverse","tr|H0YEB1|H0YEB1_HUMAN","1","73","Forward","73 [Sequence]","192","1.94e-56","100.000 [Alignment]"
"ENST00000647076.1","SLC1A2","176","424","Forward","11:35260936-35265745 [Sequence]","Reverse","tr|H0YEB1|H0YEB1_HUMAN","1","83","Forward","83 [Sequence]","161","1.90e-47","90.361 [Alignment]"
"ENST00000646167.1","SLC1A2","1051","1278","Forward","11:35265518-35265745 [Sequence]","Reverse","tr|H0YEB1|H0YEB1_HUMAN","1","76","Forward","76 [Sequence]","164","1.29e-46","97.368 [Alignment]"
"ENST00000642578.1","SLC1A2","1535","1762","Forward","11:35265518-35265745 [Sequence]","Reverse","tr|H0YEB1|H0YEB1_HUMAN","1","76","Forward","76 [Sequence]","164","1.41e-46","97.368 [Alignment]"
"ENST00000647372.1","SLC1A2","1523","1750","Forward","11:35265518-35265745 [Sequence]","Reverse","tr|H0YEB1|H0YEB1_HUMAN","1","76","Forward","76 [Sequence]","164","1.41e-46","97.368 [Alignment]"
"ENST00000646099.1","SLC1A2","1507","1734","Forward","11:35265518-35265745 [Sequence]","Reverse","tr|H0YEB1|H0YEB1_HUMAN","1","76","Forward","76 [Sequence]","164","1.41e-46","97.368 [Alignment]"
"ENST00000643454.1","SLC1A2","1464","1691","Forward","11:35265518-35265745 [Sequence]","Reverse","tr|H0YEB1|H0YEB1_HUMAN","1","76","Forward","76 [Sequence]","164","1.41e-46","97.368 [Alignment]"
"ENST00000643305.1","SLC1A2","2022","2249","Forward","11:35265518-35265745 [Sequence]","Reverse","tr|H0YEB1|H0YEB1_HUMAN","1","76","Forward","76 [Sequence]","164","1.43e-46","97.368 [Alignment]"
"ENST00000643134.1","SLC1A2","1824","2042","Forward","11:35265527-35265745 [Sequence]","Reverse","tr|H0YEB1|H0YEB1_HUMAN","1","73","Forward","73 [Sequence]","164","1.66e-46","100.000 [Alignment]"
"ENST00000644868.1","SLC1A2","1426","1644","Forward","11:35265527-35265745 [Sequence]","Reverse","tr|H0YEB1|H0YEB1_HUMAN","1","73","Forward","73 [Sequence]","163","1.91e-46","100.000 [Alignment]"
"ENST00000642171.1","SLC1A2","1682","1900","Forward","11:35265527-35265745 [Sequence]","Reverse","tr|H0YEB1|H0YEB1_HUMAN","1","73","Forward","73 [Sequence]","163","2.01e-46","100.000 [Alignment]"
"ENST00000644459.1","SLC1A2","2027","2245","Forward","11:35265527-35265745 [Sequence]","Reverse","tr|H0YEB1|H0YEB1_HUMAN","1","73","Forward","73 [Sequence]","163","2.01e-46","100.000 [Alignment]"
"ENST00000643522.1","SLC1A2","1697","1915","Forward","11:35265527-35265745 [Sequence]","Reverse","tr|H0YEB1|H0YEB1_HUMAN","1","73","Forward","73 [Sequence]","163","2.03e-46","100.000 [Alignment]"
"ENST00000278379.9","SLC1A2","8400","8456","Forward","11:35254755-35254811 [Sequence]","Reverse","tr|H0YEB1|H0YEB1_HUMAN","73","91","Forward","19 [Sequence]","49.3","1.77e-06","94.737 [Alignment]"
"ENST00000642769.1","SLC1A2","1042","1095","Forward","11:35254755-35254808 [Sequence]","Reverse","tr|H0YEB1|H0YEB1_HUMAN","74","91","Forward","18 [Sequence]","48.9","2.56e-06","100.000 [Alignment]"
"ENST00000681909.1","SLC1A3","1776","1901","Forward","5:36686078-36686203 [Sequence]","Forward","tr|H0YEB1|H0YEB1_HUMAN","1","40","Forward","42 [Sequence]","46.4","1.73e-05","52.381 [Alignment]"
"ENST00000679852.1","SLC1A3","248","373","Forward","5:36686078-36686203 [Sequence]","Forward","tr|H0YEB1|H0YEB1_HUMAN","1","40","Forward","42 [Sequence]","46.4","1.74e-05","52.381 [Alignment]"
"ENST00000381918.4","SLC1A3","1581","1706","Forward","5:36686078-36686203 [Sequence]","Forward","tr|H0YEB1|H0YEB1_HUMAN","1","40","Forward","42 [Sequence]","46.4","1.78e-05","52.381 [Alignment]"
"ENST00000613445.5","SLC1A3","1589","1714","Forward","5:36686078-36686203 [Sequence]","Forward","tr|H0YEB1|H0YEB1_HUMAN","1","40","Forward","42 [Sequence]","46.4","1.78e-05","52.381 [Alignment]"
"ENST00000681926.1","SLC1A3","1616","1741","Forward","5:36686078-36686203 [Sequence]","Forward","tr|H0YEB1|H0YEB1_HUMAN","1","40","Forward","42 [Sequence]","46.4","1.78e-05","52.381 [Alignment]"
"ENST00000680318.1","SLC1A3","1624","1749","Forward","5:36686078-36686203 [Sequence]","Forward","tr|H0YEB1|H0YEB1_HUMAN","1","40","Forward","42 [Sequence]","46.4","1.78e-05","52.381 [Alignment]"
"ENST00000679992.1","SLC1A3","1655","1780","Forward","5:36686078-36686203 [Sequence]","Forward","tr|H0YEB1|H0YEB1_HUMAN","1","40","Forward","42 [Sequence]","46.4","1.78e-05","52.381 [Alignment]"
"ENST00000265113.9","SLC1A3","1663","1788","Forward","5:36686078-36686203 [Sequence]","Forward","tr|H0YEB1|H0YEB1_HUMAN","1","40","Forward","42 [Sequence]","46.4","1.78e-05","52.381 [Alignment]"
"ENST00000680125.1","SLC1A3","1669","1794","Forward","5:36686078-36686203 [Sequence]","Forward","tr|H0YEB1|H0YEB1_HUMAN","1","40","Forward","42 [Sequence]","46.4","1.78e-05","52.381 [Alignment]"
"ENST00000680655.1","SLC1A3","1775","1900","Forward","5:36686078-36686203 [Sequence]","Forward","tr|H0YEB1|H0YEB1_HUMAN","1","40","Forward","42 [Sequence]","46.4","1.78e-05","52.381 [Alignment]"
"ENST00000680232.1","SLC1A3","1945","2070","Forward","5:36686078-36686203 [Sequence]","Forward","tr|H0YEB1|H0YEB1_HUMAN","1","40","Forward","42 [Sequence]","46.4","1.79e-05","52.381 [Alignment]"
"ENST00000679784.1","SLC1A3","1975","2100","Forward","5:36686078-36686203 [Sequence]","Forward","tr|H0YEB1|H0YEB1_HUMAN","1","40","Forward","42 [Sequence]","46.4","1.79e-05","52.381 [Alignment]"
"ENST00000679983.1","SLC1A3","2213","2338","Forward","5:36686078-36686203 [Sequence]","Forward","tr|H0YEB1|H0YEB1_HUMAN","1","40","Forward","42 [Sequence]","46.4","1.79e-05","52.381 [Alignment]"
"ENST00000680048.1","SLC1A3","2568","2693","Forward","5:36686078-36686203 [Sequence]","Forward","tr|H0YEB1|H0YEB1_HUMAN","1","40","Forward","42 [Sequence]","46.4","1.79e-05","52.381 [Alignment]"
"ENST00000681633.1","SLC1A3","4246","4371","Forward","5:36686078-36686203 [Sequence]","Forward","tr|H0YEB1|H0YEB1_HUMAN","1","40","Forward","42 [Sequence]","46.4","1.81e-05","52.381 [Alignment]"
"ENST00000624112.2","SLC1A3","4431","4556","Forward","5:36686078-36686203 [Sequence]","Forward","tr|H0YEB1|H0YEB1_HUMAN","1","40","Forward","42 [Sequence]","46.4","1.81e-05","52.381 [Alignment]"
"ENST00000680878.1","SLC1A3","4484","4609","Forward","5:36686078-36686203 [Sequence]","Forward","tr|H0YEB1|H0YEB1_HUMAN","1","40","Forward","42 [Sequence]","46.4","1.81e-05","52.381 [Alignment]"
"ENST00000680876.1","SLC1A3","4619","4744","Forward","5:36686078-36686203 [Sequence]","Forward","tr|H0YEB1|H0YEB1_HUMAN","1","40","Forward","42 [Sequence]","46.4","1.81e-05","52.381 [Alignment]"
"ENST00000612708.5","SLC1A3","1468","1593","Forward","5:36686078-36686203 [Sequence]","Forward","tr|H0YEB1|H0YEB1_HUMAN","1","40","Forward","42 [Sequence]","46.4","1.85e-05","52.381 [Alignment]"
"ENST00000679958.1","SLC1A3","558","683","Forward","5:36686078-36686203 [Sequence]","Forward","tr|H0YEB1|H0YEB1_HUMAN","1","40","Forward","42 [Sequence]","44.3","9.94e-05","52.381 [Alignment]"
"ENST00000262352.8","SLC1A1","1554","1634","Forward","9:4585325-4585405 [Sequence]","Forward","tr|H0YEB1|H0YEB1_HUMAN","1","27","Forward","27 [Sequence]","43.1","2.54e-04","62.963 [Alignment]"
"ENST00000647076.1","SLC1A2","517","570","Forward","11:35254755-35254808 [Sequence]","Reverse","tr|H0YEB1|H0YEB1_HUMAN","74","91","Forward","18 [Sequence]","41.4","6.34e-04","100.000 [Alignment]"
"ENST00000681440.1","SLC1A3","192","368","Forward","5:36686078-36686254 [Sequence]","Forward","tr|H0YEB1|H0YEB1_HUMAN","1","56","Forward","59 [Sequence]","40.1","0.002","44.068 [Alignment]"
"ENST00000680568.1","SLC1A3","666","842","Forward","5:36686078-36686254 [Sequence]","Forward","tr|H0YEB1|H0YEB1_HUMAN","1","56","Forward","59 [Sequence]","40.6","0.002","44.068 [Alignment]"
"ENST00000506178.1","SLC1A3","392","517","Forward","5:36686078-36686203 [Sequence]","Forward","tr|H0YEB1|H0YEB1_HUMAN","1","40","Forward","42 [Sequence]","40.1","0.002","52.381 [Alignment]"
"ENST00000422398.1","SLC1A1","494","592","Forward","9:4585325-4585423 [Sequence]","Forward","tr|H0YEB1|H0YEB1_HUMAN","1","33","Forward","33 [Sequence]","39.3","0.004","54.545 [Alignment]"
"ENST00000430939.6","SLC1A6","1451","1522","Forward","19:14950306-14950377 [Sequence]","Reverse","tr|H0YEB1|H0YEB1_HUMAN","1","24","Forward","24 [Sequence]","36.0","0.062","54.167 [Alignment]"
"ENST00000594383.2","SLC1A6","2076","2147","Forward","19:14950306-14950377 [Sequence]","Reverse","tr|H0YEB1|H0YEB1_HUMAN","1","24","Forward","24 [Sequence]","36.0","0.063","54.167 [Alignment]"
