"Subject name","Gene hit","Subject start","Subject end","Subject ori","Genomic Location","Orientation","Query name","Query start","Query end","Query ori","Length","Score","E-val","%ID"
"ENSSSCT00000092276.1","SLC1A2","1304","1900","Forward","2:25741412-25762463 [Sequence]","Forward","tr|A0A2R8YHI4|A0A2R8YHI4_HUMAN","2","155","Forward","199 [Sequence]","309","9.20e-96","75.879 [Alignment]"
"ENSSSCT00000051003.3","SLC1A2","1538","2134","Forward","2:25741412-25762463 [Sequence]","Forward","tr|A0A2R8YHI4|A0A2R8YHI4_HUMAN","2","155","Forward","199 [Sequence]","309","1.29e-95","75.879 [Alignment]"
"ENSSSCT00000098717.1","SLC1A2","1353","1949","Forward","2:25741412-25762463 [Sequence]","Forward","tr|A0A2R8YHI4|A0A2R8YHI4_HUMAN","2","155","Forward","199 [Sequence]","309","1.31e-95","75.879 [Alignment]"
"ENSSSCT00000053521.3","SLC1A2","1135","1674","Forward","2:25741412-25757674 [Sequence]","Forward","tr|A0A2R8YHI4|A0A2R8YHI4_HUMAN","2","136","Forward","180 [Sequence]","263","1.92e-79","72.222 [Alignment]"
"ENSSSCT00000051921.3","SLC1A2","1258","1797","Forward","2:25741412-25757674 [Sequence]","Forward","tr|A0A2R8YHI4|A0A2R8YHI4_HUMAN","2","136","Forward","180 [Sequence]","263","1.93e-79","72.222 [Alignment]"
"ENSSSCT00000048330.2","SLC1A2","1689","2228","Forward","2:25741412-25757674 [Sequence]","Forward","tr|A0A2R8YHI4|A0A2R8YHI4_HUMAN","2","136","Forward","180 [Sequence]","262","2.79e-79","72.222 [Alignment]"
"ENSSSCT00000014522.5","SLC1A2","1997","2389","Forward","2:25741412-25843988 [Sequence]","Forward","tr|A0A2R8YHI4|A0A2R8YHI4_HUMAN","2","87","Forward","131 [Sequence]","181","7.67e-51","61.069 [Alignment]"
"ENSSSCT00000018338.3","SLC1A3","1347","1646","Forward","16:21954152-21963400 [Sequence]","Forward","tr|A0A2R8YHI4|A0A2R8YHI4_HUMAN","2","99","Forward","100 [Sequence]","138","3.51e-36","68.000 [Alignment]"
"ENSSSCT00000042489.1","SLC1A3","1011","1445","Forward","16:21954152-21963400 [Sequence]","Forward","tr|A0A2R8YHI4|A0A2R8YHI4_HUMAN","2","99","Forward","145 [Sequence]","135","5.20e-35","46.207 [Alignment]"
"ENSSSCT00000061959.1","SLC1A3","1209","1643","Forward","16:21954152-21963400 [Sequence]","Forward","tr|A0A2R8YHI4|A0A2R8YHI4_HUMAN","2","99","Forward","145 [Sequence]","134","9.70e-35","46.207 [Alignment]"
"ENSSSCT00000106508.1","SLC1A3","1271","1705","Forward","16:21954152-21963400 [Sequence]","Forward","tr|A0A2R8YHI4|A0A2R8YHI4_HUMAN","2","99","Forward","145 [Sequence]","134","1.03e-34","46.207 [Alignment]"
"ENSSSCT00000005755.4","SLC1A1","1301","1690","Forward","1:217368899-217378118 [Sequence]","Reverse","tr|A0A2R8YHI4|A0A2R8YHI4_HUMAN","2","86","Forward","130 [Sequence]","120","5.91e-30","45.385 [Alignment]"
"ENSSSCT00000072841.1","SLC1A1","1238","1627","Forward","1:217368899-217378118 [Sequence]","Reverse","tr|A0A2R8YHI4|A0A2R8YHI4_HUMAN","2","86","Forward","130 [Sequence]","119","1.76e-29","45.385 [Alignment]"
"ENSSSCT00000004264.5","SLC1A7","1249","1635","Forward","6:159150461-159151987 [Sequence]","Forward","tr|A0A2R8YHI4|A0A2R8YHI4_HUMAN","3","84","Forward","129 [Sequence]","108","6.77e-26","41.860 [Alignment]"
"ENSSSCT00000029680.4","SLC1A4","2050","2427","Forward","3:76940946-76944574 [Sequence]","Reverse","tr|A0A2R8YHI4|A0A2R8YHI4_HUMAN","2","82","Forward","126 [Sequence]","102","1.43e-23","36.508 [Alignment]"
"ENSSSCT00000062502.3","SLC1A6","1478","1858","Forward","2:62619404-62623118 [Sequence]","Forward","tr|A0A2R8YHI4|A0A2R8YHI4_HUMAN","2","83","Forward","127 [Sequence]","100","3.78e-23","43.307 [Alignment]"
"ENSSSCT00000083818.2","SLC1A6","1035","1415","Forward","2:62619404-62623118 [Sequence]","Forward","tr|A0A2R8YHI4|A0A2R8YHI4_HUMAN","2","83","Forward","127 [Sequence]","99","5.53e-23","43.307 [Alignment]"
"ENSSSCT00000015111.5","SLC1A6","1712","2092","Forward","2:62619404-62623118 [Sequence]","Forward","tr|A0A2R8YHI4|A0A2R8YHI4_HUMAN","2","83","Forward","127 [Sequence]","99","5.92e-23","43.307 [Alignment]"
"ENSSSCT00000063429.3","SLC1A3","1271","1612","Forward","16:21954152-21964963 [Sequence]","Forward","tr|A0A2R8YHI4|A0A2R8YHI4_HUMAN","2","70","Forward","114 [Sequence]","92.0","2.59e-20","45.614 [Alignment]"
"ENSSSCT00000051657.2","SLC1A3","1271","1462","Forward","16:21954152-21960702 [Sequence]","Forward","tr|A0A2R8YHI4|A0A2R8YHI4_HUMAN","2","71","Forward","70 [Sequence]","91.2","4.75e-20","65.714 [Alignment]"
"ENSSSCT00000071206.2","SLC1A4","175","552","Forward","3:76940946-76944574 [Sequence]","Reverse","tr|A0A2R8YHI4|A0A2R8YHI4_HUMAN","2","82","Forward","126 [Sequence]","86.2","3.05e-18","36.508 [Alignment]"
"ENSSSCT00000003444.4","SLC1A5","1745","1903","Forward","6:52651179-52651337 [Sequence]","Reverse","tr|A0A2R8YHI4|A0A2R8YHI4_HUMAN","2","54","Forward","53 [Sequence]","67.7","3.47e-12","54.717 [Alignment]"
"ENSSSCT00000090461.2","SLC1A5","1063","1221","Forward","6:52651179-52651337 [Sequence]","Reverse","tr|A0A2R8YHI4|A0A2R8YHI4_HUMAN","2","54","Forward","53 [Sequence]","67.7","3.58e-12","54.717 [Alignment]"
