"Subject name","Gene hit","Subject start","Subject end","Subject ori","Genomic Location","Orientation","Query name","Query start","Query end","Query ori","Length","Score","E-val","%ID"
"ENSPPAT00000037481.1","SLC1A2","1018","1614","Forward","11:35107973-35133957 [Sequence]","Reverse","tr|A0A2R8YHI4|A0A2R8YHI4_HUMAN","2","155","Forward","199 [Sequence]","314","2.36e-99","76.884 [Alignment]"
"ENSPPAT00000037493.1","SLC1A2","1126","1722","Forward","11:35107973-35133957 [Sequence]","Reverse","tr|A0A2R8YHI4|A0A2R8YHI4_HUMAN","2","155","Forward","199 [Sequence]","315","2.82e-99","76.884 [Alignment]"
"ENSPPAT00000037484.1","SLC1A2","1126","1722","Forward","11:35107973-35133957 [Sequence]","Reverse","tr|A0A2R8YHI4|A0A2R8YHI4_HUMAN","2","155","Forward","199 [Sequence]","315","2.82e-99","76.884 [Alignment]"
"ENSPPAT00000037489.1","SLC1A2","1223","1819","Forward","11:35107973-35133957 [Sequence]","Reverse","tr|A0A2R8YHI4|A0A2R8YHI4_HUMAN","2","155","Forward","199 [Sequence]","315","5.91e-99","76.884 [Alignment]"
"ENSPPAT00000037500.1","SLC1A2","1099","1626","Forward","11:35112597-35133957 [Sequence]","Reverse","tr|A0A2R8YHI4|A0A2R8YHI4_HUMAN","2","132","Forward","176 [Sequence]","263","2.21e-80","73.864 [Alignment]"
"ENSPPAT00000037503.1","SLC1A2","1126","1653","Forward","11:35112597-35133957 [Sequence]","Reverse","tr|A0A2R8YHI4|A0A2R8YHI4_HUMAN","2","132","Forward","176 [Sequence]","263","2.71e-80","73.864 [Alignment]"
"ENSPPAT00000042273.1","SLC1A3","1129","1479","Forward","5:78962874-78968696 [Sequence]","Reverse","tr|A0A2R8YHI4|A0A2R8YHI4_HUMAN","2","115","Forward","117 [Sequence]","139","1.13e-36","61.538 [Alignment]"
"ENSPPAT00000042227.1","SLC1A3","1604","2038","Forward","5:78962925-78968696 [Sequence]","Reverse","tr|A0A2R8YHI4|A0A2R8YHI4_HUMAN","2","99","Forward","145 [Sequence]","133","9.76e-35","46.207 [Alignment]"
"ENSPPAT00000031149.1","SLC1A1","1133","1522","Forward","9:4597481-4606273 [Sequence]","Forward","tr|A0A2R8YHI4|A0A2R8YHI4_HUMAN","2","86","Forward","130 [Sequence]","123","2.76e-31","46.154 [Alignment]"
"ENSPPAT00000042277.1","SLC1A3","991","1476","Forward","5:78962874-78968696 [Sequence]","Reverse","tr|A0A2R8YHI4|A0A2R8YHI4_HUMAN","2","115","Forward","162 [Sequence]","113","9.61e-28","43.827 [Alignment]"
"ENSPPAT00000042271.1","SLC1A3","1114","1599","Forward","5:78962874-78968696 [Sequence]","Reverse","tr|A0A2R8YHI4|A0A2R8YHI4_HUMAN","2","115","Forward","162 [Sequence]","112","1.44e-27","43.827 [Alignment]"
"ENSPPAT00000042279.1","SLC1A3","793","1278","Forward","5:78962874-78968696 [Sequence]","Reverse","tr|A0A2R8YHI4|A0A2R8YHI4_HUMAN","2","115","Forward","162 [Sequence]","112","2.18e-27","43.827 [Alignment]"
"ENSPPAT00000050232.1","SLC1A7","1429","1815","Forward","1:53962104-53963983 [Sequence]","Reverse","tr|A0A2R8YHI4|A0A2R8YHI4_HUMAN","3","84","Forward","129 [Sequence]","110","1.79e-26","41.860 [Alignment]"
"ENSPPAT00000042289.1","SLC1A3","640","1110","Forward","5:78962874-78972134 [Sequence]","Reverse","tr|A0A2R8YHI4|A0A2R8YHI4_HUMAN","7","115","Forward","157 [Sequence]","103","2.56e-24","42.038 [Alignment]"
"ENSPPAT00000063344.1","SLC1A6","970","1350","Forward","19:15470494-15474058 [Sequence]","Reverse","tr|A0A2R8YHI4|A0A2R8YHI4_HUMAN","2","83","Forward","127 [Sequence]","100","2.53e-23","43.307 [Alignment]"
"ENSPPAT00000063329.1","SLC1A6","1012","1392","Forward","19:15470494-15474058 [Sequence]","Reverse","tr|A0A2R8YHI4|A0A2R8YHI4_HUMAN","2","83","Forward","127 [Sequence]","99","3.54e-23","43.307 [Alignment]"
"ENSPPAT00000063338.1","SLC1A6","1015","1395","Forward","19:15470494-15474058 [Sequence]","Reverse","tr|A0A2R8YHI4|A0A2R8YHI4_HUMAN","2","83","Forward","127 [Sequence]","99","3.54e-23","43.307 [Alignment]"
"ENSPPAT00000063342.1","SLC1A6","1165","1545","Forward","19:15470494-15474058 [Sequence]","Reverse","tr|A0A2R8YHI4|A0A2R8YHI4_HUMAN","2","83","Forward","127 [Sequence]","99","3.63e-23","43.307 [Alignment]"
"ENSPPAT00000063309.1","SLC1A6","2264","2644","Forward","19:15470494-15474058 [Sequence]","Reverse","tr|A0A2R8YHI4|A0A2R8YHI4_HUMAN","2","83","Forward","127 [Sequence]","99","3.74e-23","43.307 [Alignment]"
"ENSPPAT00000059500.1","SLC1A4","175","543","Forward","2A:66206573-66209453 [Sequence]","Forward","tr|A0A2R8YHI4|A0A2R8YHI4_HUMAN","2","79","Forward","123 [Sequence]","89.1","1.19e-19","38.211 [Alignment]"
"ENSPPAT00000059498.1","SLC1A4","1042","1410","Forward","2A:66206573-66209453 [Sequence]","Forward","tr|A0A2R8YHI4|A0A2R8YHI4_HUMAN","2","79","Forward","123 [Sequence]","88.3","3.90e-19","38.211 [Alignment]"
"ENSPPAT00000058365.1","SLC1A5","1048","1206","Forward","19:52296741-52296899 [Sequence]","Reverse","tr|A0A2R8YHI4|A0A2R8YHI4_HUMAN","2","54","Forward","53 [Sequence]","68.6","1.14e-12","54.717 [Alignment]"
"ENSPPAT00000058367.1","SLC1A5","487","645","Forward","19:52296741-52296899 [Sequence]","Reverse","tr|A0A2R8YHI4|A0A2R8YHI4_HUMAN","2","54","Forward","53 [Sequence]","68.6","1.26e-12","54.717 [Alignment]"
