"Subject name","Gene hit","Subject start","Subject end","Subject ori","Genomic Location","Orientation","Query name","Query start","Query end","Query ori","Length","Score","E-val","%ID"
"ENSOART00020024194.2","SLC1A2","724","1710","Forward","15:64583729-64627188 [Sequence]","Reverse","tr|A0A2R8Y4N0|A0A2R8Y4N0_HUMAN","2","330","Forward","329 [Sequence]","665","0.0","97.872 [Alignment]"
"ENSOART00020066946.1","SLC1A2","1237","2223","Forward","15:64583729-64627188 [Sequence]","Reverse","tr|A0A2R8Y4N0|A0A2R8Y4N0_HUMAN","2","330","Forward","329 [Sequence]","665","0.0","97.872 [Alignment]"
"ENSOART00020024427.2","SLC1A2","1046","2032","Forward","15:64583729-64627188 [Sequence]","Reverse","tr|A0A2R8Y4N0|A0A2R8Y4N0_HUMAN","2","330","Forward","329 [Sequence]","665","0.0","97.872 [Alignment]"
"ENSOART00020024983.2","SLC1A2","1022","2008","Forward","15:64583729-64627188 [Sequence]","Reverse","tr|A0A2R8Y4N0|A0A2R8Y4N0_HUMAN","2","330","Forward","329 [Sequence]","665","0.0","97.872 [Alignment]"
"ENSOART00020024510.2","SLC1A2","1109","2095","Forward","15:64583729-64627188 [Sequence]","Reverse","tr|A0A2R8Y4N0|A0A2R8Y4N0_HUMAN","2","330","Forward","329 [Sequence]","665","0.0","97.872 [Alignment]"
"ENSOART00020024558.2","SLC1A2","926","1912","Forward","15:64583729-64627188 [Sequence]","Reverse","tr|A0A2R8Y4N0|A0A2R8Y4N0_HUMAN","2","330","Forward","329 [Sequence]","665","0.0","97.872 [Alignment]"
"ENSOART00020024811.2","SLC1A2","817","1803","Forward","15:64583729-64627188 [Sequence]","Reverse","tr|A0A2R8Y4N0|A0A2R8Y4N0_HUMAN","2","330","Forward","329 [Sequence]","665","0.0","97.872 [Alignment]"
"ENSOART00020024889.2","SLC1A2","1237","2154","Forward","15:64587696-64627188 [Sequence]","Reverse","tr|A0A2R8Y4N0|A0A2R8Y4N0_HUMAN","2","307","Forward","306 [Sequence]","614","0.0","98.039 [Alignment]"
"ENSOART00020024939.2","SLC1A2","1237","2022","Forward","15:64587693-64627188 [Sequence]","Reverse","tr|A0A2R8Y4N0|A0A2R8Y4N0_HUMAN","2","308","Forward","307 [Sequence]","503","2.13e-163","83.062 [Alignment]"
"ENSOART00020024495.2","SLC1A2","1360","1989","Forward","15:64583729-64608880 [Sequence]","Reverse","tr|A0A2R8Y4N0|A0A2R8Y4N0_HUMAN","121","330","Forward","210 [Sequence]","452","5.86e-144","99.048 [Alignment]"
"ENSOART00020021394.2","SLC1A3","607","1425","Forward","16:37722208-37729364 [Sequence]","Reverse","tr|A0A2R8Y4N0|A0A2R8Y4N0_HUMAN","4","274","Forward","273 [Sequence]","345","3.99e-103","62.637 [Alignment]"
"ENSOART00020021203.2","SLC1A3","965","1783","Forward","16:37722208-37729364 [Sequence]","Reverse","tr|A0A2R8Y4N0|A0A2R8Y4N0_HUMAN","4","274","Forward","273 [Sequence]","344","1.05e-102","62.637 [Alignment]"
"ENSOART00020066856.1","SLC1A6","881","1660","Forward","5:8030766-8042462 [Sequence]","Forward","tr|A0A2R8Y4N0|A0A2R8Y4N0_HUMAN","4","263","Forward","260 [Sequence]","333","4.58e-100","61.154 [Alignment]"
"ENSOART00020006457.2","SLC1A6","942","1721","Forward","5:8030766-8042462 [Sequence]","Forward","tr|A0A2R8Y4N0|A0A2R8Y4N0_HUMAN","4","263","Forward","260 [Sequence]","332","1.32e-99","61.154 [Alignment]"
"ENSOART00020011214.2","SLC1A1","845","1639","Forward","2:72896590-72908826 [Sequence]","Forward","tr|A0A2R8Y4N0|A0A2R8Y4N0_HUMAN","2","267","Forward","266 [Sequence]","325","4.82e-96","61.278 [Alignment]"
"ENSOART00020021339.2","SLC1A3","737","1447","Forward","16:37722208-37735761 [Sequence]","Reverse","tr|A0A2R8Y4N0|A0A2R8Y4N0_HUMAN","40","274","Forward","237 [Sequence]","306","1.27e-89","64.979 [Alignment]"
"ENSOART00020008339.2","SLC1A7","682","1536","Forward","1:27617259-27626246 [Sequence]","Reverse","tr|A0A2R8Y4N0|A0A2R8Y4N0_HUMAN","4","294","Forward","291 [Sequence]","296","2.65e-86","52.577 [Alignment]"
"ENSOART00020001216.2","SLC1A4","957","1793","Forward","3:43309404-43319754 [Sequence]","Reverse","tr|A0A2R8Y4N0|A0A2R8Y4N0_HUMAN","4","289","Forward","286 [Sequence]","266","8.58e-76","47.902 [Alignment]"
"ENSOART00020021309.2","SLC1A3","965","1648","Forward","16:37722208-37729364 [Sequence]","Reverse","tr|A0A2R8Y4N0|A0A2R8Y4N0_HUMAN","4","274","Forward","273 [Sequence]","252","9.87e-72","50.916 [Alignment]"
"ENSOART00020016329.2","SLC1A5","1267","2112","Forward","14:53639456-53645357 [Sequence]","Reverse","tr|A0A2R8Y4N0|A0A2R8Y4N0_HUMAN","4","289","Forward","286 [Sequence]","249","3.88e-70","45.804 [Alignment]"
"ENSOART00020006474.2","SLC1A6","1005","1487","Forward","5:8030829-8042462 [Sequence]","Forward","tr|A0A2R8Y4N0|A0A2R8Y4N0_HUMAN","103","263","Forward","161 [Sequence]","220","1.11e-60","62.733 [Alignment]"
"ENSOART00020067691.1","SLC1A4","94","627","Forward","3:43309404-43319685 [Sequence]","Reverse","tr|A0A2R8Y4N0|A0A2R8Y4N0_HUMAN","99","289","Forward","191 [Sequence]","179","1.09e-46","44.503 [Alignment]"
"ENSOART00020024495.2","SLC1A2","1237","1392","Forward","15:64608848-64627188 [Sequence]","Reverse","tr|A0A2R8Y4N0|A0A2R8Y4N0_HUMAN","2","51","Forward","52 [Sequence]","85.3","1.27e-16","78.846 [Alignment]"
"ENSOART00020072998.1","SLC1A3","541","621","Forward","16:37722265-37722345 [Sequence]","Reverse","tr|A0A2R8Y4N0|A0A2R8Y4N0_HUMAN","231","257","Forward","27 [Sequence]","46.0","1.30e-04","70.370 [Alignment]"
"ENSOART00020006474.2","SLC1A6","942","1091","Forward","5:8030766-8037336 [Sequence]","Forward","tr|A0A2R8Y4N0|A0A2R8Y4N0_HUMAN","4","51","Forward","50 [Sequence]","41.4","0.005","38.000 [Alignment]"
