"Subject name","Gene hit","Subject start","Subject end","Subject ori","Genomic Location","Orientation","Query name","Query start","Query end","Query ori","Length","Score","E-val","%ID"
"ENSOGAT00000016245.2","SLC1A2","742","1728","Forward","GL873520.1:62024801-62063227 [Sequence]","Reverse","tr|A0A2R8Y4N0|A0A2R8Y4N0_HUMAN","2","330","Forward","329 [Sequence]","669","0.0","98.480 [Alignment]"
"ENSOGAT00000004889.2","SLC1A3","775","1644","Forward","GL873582.1:4744856-4754293 [Sequence]","Forward","tr|A0A2R8Y4N0|A0A2R8Y4N0_HUMAN","4","290","Forward","290 [Sequence]","348","2.98e-107","60.000 [Alignment]"
"ENSOGAT00000034011.1","SLC1A6","834","1613","Forward","GL873624.1:203327-214703 [Sequence]","Reverse","tr|A0A2R8Y4N0|A0A2R8Y4N0_HUMAN","4","263","Forward","260 [Sequence]","330","1.10e-100","61.154 [Alignment]"
"ENSOGAT00000007470.2","SLC1A1","656","1450","Forward","GL873525.1:22335156-22347911 [Sequence]","Reverse","tr|A0A2R8Y4N0|A0A2R8Y4N0_HUMAN","2","267","Forward","266 [Sequence]","327","3.90e-100","62.030 [Alignment]"
"ENSOGAT00000013316.2","SLC1A7","782","1543","Forward","GL873585.1:227895-234917 [Sequence]","Reverse","tr|A0A2R8Y4N0|A0A2R8Y4N0_HUMAN","4","257","Forward","254 [Sequence]","299","6.54e-89","58.268 [Alignment]"
"ENSOGAT00000005686.2","SLC1A4","688","1524","Forward","GL873543.1:21942003-21951989 [Sequence]","Forward","tr|A0A2R8Y4N0|A0A2R8Y4N0_HUMAN","4","289","Forward","286 [Sequence]","266","2.15e-77","47.552 [Alignment]"
"ENSOGAT00000031519.1","SLC1A5","727","1572","Forward","GL873671.1:3596435-3601333 [Sequence]","Reverse","tr|A0A2R8Y4N0|A0A2R8Y4N0_HUMAN","4","289","Forward","286 [Sequence]","249","2.11e-71","45.105 [Alignment]"
