"Subject name","Gene hit","Subject start","Subject end","Subject ori","Genomic Location","Orientation","Query name","Query start","Query end","Query ori","Length","Score","E-val","%ID"
"ENSOART00020024194.2","SLC1A2","1114","1710","Forward","15:64583729-64608847 [Sequence]","Reverse","tr|A0A2R8YHI4|A0A2R8YHI4_HUMAN","2","155","Forward","199 [Sequence]","311","2.33e-97","75.879 [Alignment]"
"ENSOART00020024811.2","SLC1A2","1207","1803","Forward","15:64583729-64608847 [Sequence]","Reverse","tr|A0A2R8YHI4|A0A2R8YHI4_HUMAN","2","155","Forward","199 [Sequence]","311","4.34e-97","75.879 [Alignment]"
"ENSOART00020024558.2","SLC1A2","1316","1912","Forward","15:64583729-64608847 [Sequence]","Reverse","tr|A0A2R8YHI4|A0A2R8YHI4_HUMAN","2","155","Forward","199 [Sequence]","311","8.09e-97","75.879 [Alignment]"
"ENSOART00020024495.2","SLC1A2","1393","1989","Forward","15:64583729-64608847 [Sequence]","Reverse","tr|A0A2R8YHI4|A0A2R8YHI4_HUMAN","2","155","Forward","199 [Sequence]","311","9.22e-97","75.879 [Alignment]"
"ENSOART00020024983.2","SLC1A2","1412","2008","Forward","15:64583729-64608847 [Sequence]","Reverse","tr|A0A2R8YHI4|A0A2R8YHI4_HUMAN","2","155","Forward","199 [Sequence]","311","1.25e-96","75.879 [Alignment]"
"ENSOART00020024427.2","SLC1A2","1436","2032","Forward","15:64583729-64608847 [Sequence]","Reverse","tr|A0A2R8YHI4|A0A2R8YHI4_HUMAN","2","155","Forward","199 [Sequence]","311","1.38e-96","75.879 [Alignment]"
"ENSOART00020024510.2","SLC1A2","1499","2095","Forward","15:64583729-64608847 [Sequence]","Reverse","tr|A0A2R8YHI4|A0A2R8YHI4_HUMAN","2","155","Forward","199 [Sequence]","311","1.72e-96","75.879 [Alignment]"
"ENSOART00020066946.1","SLC1A2","1627","2223","Forward","15:64583729-64608847 [Sequence]","Reverse","tr|A0A2R8YHI4|A0A2R8YHI4_HUMAN","2","155","Forward","199 [Sequence]","311","2.43e-96","75.879 [Alignment]"
"ENSOART00020024939.2","SLC1A2","1627","2031","Forward","15:64587684-64608847 [Sequence]","Reverse","tr|A0A2R8YHI4|A0A2R8YHI4_HUMAN","2","136","Forward","135 [Sequence]","287","2.99e-88","97.037 [Alignment]"
"ENSOART00020024889.2","SLC1A2","1627","2154","Forward","15:64587696-64608847 [Sequence]","Reverse","tr|A0A2R8YHI4|A0A2R8YHI4_HUMAN","2","132","Forward","176 [Sequence]","261","5.19e-79","73.295 [Alignment]"
"ENSOART00020021309.2","SLC1A3","1349","1648","Forward","16:37722208-37725191 [Sequence]","Reverse","tr|A0A2R8YHI4|A0A2R8YHI4_HUMAN","2","99","Forward","100 [Sequence]","138","4.05e-36","68.000 [Alignment]"
"ENSOART00020021339.2","SLC1A3","1013","1447","Forward","16:37722208-37725191 [Sequence]","Reverse","tr|A0A2R8YHI4|A0A2R8YHI4_HUMAN","2","99","Forward","145 [Sequence]","135","6.16e-35","46.207 [Alignment]"
"ENSOART00020021394.2","SLC1A3","991","1425","Forward","16:37722208-37725191 [Sequence]","Reverse","tr|A0A2R8YHI4|A0A2R8YHI4_HUMAN","2","99","Forward","145 [Sequence]","134","1.07e-34","46.207 [Alignment]"
"ENSOART00020021203.2","SLC1A3","1349","1783","Forward","16:37722208-37725191 [Sequence]","Reverse","tr|A0A2R8YHI4|A0A2R8YHI4_HUMAN","2","99","Forward","145 [Sequence]","134","1.08e-34","46.207 [Alignment]"
"ENSOART00020011214.2","SLC1A1","1232","1621","Forward","2:72900465-72908808 [Sequence]","Forward","tr|A0A2R8YHI4|A0A2R8YHI4_HUMAN","2","86","Forward","130 [Sequence]","120","6.43e-30","45.385 [Alignment]"
"ENSOART00020008339.2","SLC1A7","1069","1455","Forward","1:27617916-27619518 [Sequence]","Reverse","tr|A0A2R8YHI4|A0A2R8YHI4_HUMAN","3","84","Forward","129 [Sequence]","108","6.79e-26","41.860 [Alignment]"
"ENSOART00020001216.2","SLC1A4","1341","1718","Forward","3:43309479-43312097 [Sequence]","Reverse","tr|A0A2R8YHI4|A0A2R8YHI4_HUMAN","2","82","Forward","126 [Sequence]","103","4.26e-24","37.302 [Alignment]"
"ENSOART00020006474.2","SLC1A6","1092","1472","Forward","5:8037337-8042447 [Sequence]","Forward","tr|A0A2R8YHI4|A0A2R8YHI4_HUMAN","2","83","Forward","127 [Sequence]","100","4.63e-23","43.307 [Alignment]"
"ENSOART00020066856.1","SLC1A6","1265","1645","Forward","5:8037337-8042447 [Sequence]","Forward","tr|A0A2R8YHI4|A0A2R8YHI4_HUMAN","2","83","Forward","127 [Sequence]","99","7.57e-23","43.307 [Alignment]"
"ENSOART00020006457.2","SLC1A6","1326","1706","Forward","5:8037337-8042447 [Sequence]","Forward","tr|A0A2R8YHI4|A0A2R8YHI4_HUMAN","2","83","Forward","127 [Sequence]","99","7.62e-23","43.307 [Alignment]"
"ENSOART00020067691.1","SLC1A4","175","552","Forward","3:43309479-43312097 [Sequence]","Reverse","tr|A0A2R8YHI4|A0A2R8YHI4_HUMAN","2","82","Forward","126 [Sequence]","87.4","1.27e-18","37.302 [Alignment]"
"ENSOART00020016329.2","SLC1A5","1651","2058","Forward","14:53639510-53641494 [Sequence]","Reverse","tr|A0A2R8YHI4|A0A2R8YHI4_HUMAN","2","96","Forward","140 [Sequence]","69.8","9.20e-13","32.857 [Alignment]"
"ENSOART00020072998.1","SLC1A3","538","621","Forward","16:37722265-37775349 [Sequence]","Reverse","tr|A0A2R8YHI4|A0A2R8YHI4_HUMAN","55","82","Forward","28 [Sequence]","47.7","8.96e-06","71.429 [Alignment]"
