"Subject name","Gene hit","Subject start","Subject end","Subject ori","Genomic Location","Orientation","Query name","Query start","Query end","Query ori","Length","Score","E-val","%ID"
"ENSRNOT00000099140.1","Slc1a2","1341","1937","Forward","3:89106651-89126408 [Sequence]","Forward","tr|A0A2R8YHI4|A0A2R8YHI4_HUMAN","2","155","Forward","199 [Sequence]","306","3.23e-95","73.869 [Alignment]"
"ENSRNOT00000119905.1","Slc1a2","1133","1672","Forward","3:89106651-89122531 [Sequence]","Forward","tr|A0A2R8YHI4|A0A2R8YHI4_HUMAN","2","136","Forward","180 [Sequence]","256","3.07e-77","69.444 [Alignment]"
"ENSRNOT00000106964.1","Slc1a2","1138","1677","Forward","3:89106651-89122531 [Sequence]","Forward","tr|A0A2R8YHI4|A0A2R8YHI4_HUMAN","2","136","Forward","180 [Sequence]","256","3.08e-77","69.444 [Alignment]"
"ENSRNOT00000109994.1","Slc1a2","1234","1773","Forward","3:89106651-89122531 [Sequence]","Forward","tr|A0A2R8YHI4|A0A2R8YHI4_HUMAN","2","136","Forward","180 [Sequence]","256","3.31e-77","69.444 [Alignment]"
"ENSRNOT00000098273.1","Slc1a2","1341","1880","Forward","3:89106651-89122531 [Sequence]","Forward","tr|A0A2R8YHI4|A0A2R8YHI4_HUMAN","2","136","Forward","180 [Sequence]","256","3.46e-77","69.444 [Alignment]"
"ENSRNOT00000007604.7","Slc1a2","1138","1671","Forward","3:89106651-89125458 [Sequence]","Forward","tr|A0A2R8YHI4|A0A2R8YHI4_HUMAN","2","134","Forward","178 [Sequence]","255","4.35e-77","70.225 [Alignment]"
"ENSRNOT00000119447.1","Slc1a2","1341","1868","Forward","3:89106651-89122519 [Sequence]","Forward","tr|A0A2R8YHI4|A0A2R8YHI4_HUMAN","2","132","Forward","176 [Sequence]","254","1.06e-76","70.455 [Alignment]"
"ENSRNOT00000085599.2","Slc1a3","1400","1699","Forward","2:57757585-57762505 [Sequence]","Reverse","tr|A0A2R8YHI4|A0A2R8YHI4_HUMAN","2","99","Forward","100 [Sequence]","159","2.10e-43","67.000 [Alignment]"
"ENSRNOT00000077790.2","Slc1a3","1064","1498","Forward","2:57757585-57762505 [Sequence]","Reverse","tr|A0A2R8YHI4|A0A2R8YHI4_HUMAN","2","99","Forward","145 [Sequence]","134","1.05e-34","45.517 [Alignment]"
"ENSRNOT00000107277.1","Slc1a3","1007","1441","Forward","2:57757585-57762505 [Sequence]","Reverse","tr|A0A2R8YHI4|A0A2R8YHI4_HUMAN","2","99","Forward","145 [Sequence]","133","2.70e-34","45.517 [Alignment]"
"ENSRNOT00000035821.6","Slc1a3","1273","1707","Forward","2:57757585-57762505 [Sequence]","Reverse","tr|A0A2R8YHI4|A0A2R8YHI4_HUMAN","2","99","Forward","145 [Sequence]","133","2.72e-34","45.517 [Alignment]"
"ENSRNOT00000022319.7","Slc1a3","1390","1824","Forward","2:57757585-57762505 [Sequence]","Reverse","tr|A0A2R8YHI4|A0A2R8YHI4_HUMAN","2","99","Forward","145 [Sequence]","133","2.73e-34","45.517 [Alignment]"
"ENSRNOT00000099702.1","Slc1a1","1030","1419","Forward","1:226623425-226629730 [Sequence]","Forward","tr|A0A2R8YHI4|A0A2R8YHI4_HUMAN","2","86","Forward","130 [Sequence]","125","1.20e-31","46.154 [Alignment]"
"ENSRNOT00000020272.8","Slc1a1","1209","1598","Forward","1:226623425-226629730 [Sequence]","Forward","tr|A0A2R8YHI4|A0A2R8YHI4_HUMAN","2","86","Forward","130 [Sequence]","125","1.22e-31","46.154 [Alignment]"
"ENSRNOT00000077808.2","Slc1a7","1113","1352","Forward","5:122771974-122773263 [Sequence]","Forward","tr|A0A2R8YHI4|A0A2R8YHI4_HUMAN","3","82","Forward","80 [Sequence]","117","4.03e-29","66.250 [Alignment]"
"ENSRNOT00000016557.7","Slc1a7","1311","1685","Forward","5:122771974-122773263 [Sequence]","Forward","tr|A0A2R8YHI4|A0A2R8YHI4_HUMAN","3","82","Forward","125 [Sequence]","108","7.14e-26","41.600 [Alignment]"
"ENSRNOT00000007002.6","Slc1a4","1301","1669","Forward","14:94531356-94535696 [Sequence]","Reverse","tr|A0A2R8YHI4|A0A2R8YHI4_HUMAN","2","79","Forward","123 [Sequence]","102","1.29e-23","38.211 [Alignment]"
"ENSRNOT00000009931.6","Slc1a6","1363","1743","Forward","7:10842099-10847188 [Sequence]","Reverse","tr|A0A2R8YHI4|A0A2R8YHI4_HUMAN","2","83","Forward","127 [Sequence]","99","5.10e-23","43.307 [Alignment]"
"ENSRNOT00000108905.1","Slc1a6","1372","1752","Forward","7:10842099-10847188 [Sequence]","Reverse","tr|A0A2R8YHI4|A0A2R8YHI4_HUMAN","2","83","Forward","127 [Sequence]","99","5.10e-23","43.307 [Alignment]"
"ENSRNOT00000072263.3","Slc1a7","897","1271","Forward","5:122771974-122773263 [Sequence]","Forward","tr|A0A2R8YHI4|A0A2R8YHI4_HUMAN","3","82","Forward","125 [Sequence]","91.6","3.21e-20","41.600 [Alignment]"
"ENSRNOT00000090817.2","Slc1a7","1113","1301","Forward","5:122771974-122772694 [Sequence]","Forward","tr|A0A2R8YHI4|A0A2R8YHI4_HUMAN","3","71","Forward","69 [Sequence]","84.9","6.01e-18","63.768 [Alignment]"
"ENSRNOT00000111666.1","Slc1a5","1672","1830","Forward","1:77468370-77468528 [Sequence]","Forward","tr|A0A2R8YHI4|A0A2R8YHI4_HUMAN","2","54","Forward","53 [Sequence]","74.0","3.04e-14","56.604 [Alignment]"
"ENSRNOT00000021455.7","Slc1a5","1633","1791","Forward","1:77468370-77468528 [Sequence]","Forward","tr|A0A2R8YHI4|A0A2R8YHI4_HUMAN","2","54","Forward","53 [Sequence]","74.0","3.06e-14","56.604 [Alignment]"
"ENSRNOT00000064332.4","Slc1a5","1681","1839","Forward","1:77468370-77468528 [Sequence]","Forward","tr|A0A2R8YHI4|A0A2R8YHI4_HUMAN","2","54","Forward","53 [Sequence]","74.0","3.29e-14","56.604 [Alignment]"
"ENSRNOT00000119447.1","Slc1a2","1910","2008","Forward","3:89125637-89126408 [Sequence]","Forward","tr|A0A2R8YHI4|A0A2R8YHI4_HUMAN","123","155","Forward","33 [Sequence]","58.5","4.07e-09","78.788 [Alignment]"
"ENSRNOT00000105049.1","ENSRNOG00000065811","123","230","Reverse","1:226623509-226627669 [Sequence]","Reverse","tr|A0A2R8YHI4|A0A2R8YHI4_HUMAN","30","71","Forward","42 [Sequence]","38.9","0.002","50.000 [Alignment]"
