"Subject name","Gene hit","Subject start","Subject end","Subject ori","Genomic Location","Orientation","Query name","Query start","Query end","Query ori","Length","Score","E-val","%ID"
"ENSGGOT00000063591.1","SLC1A2","745","1731","Forward","11:35402839-35443550 [Sequence]","Reverse","tr|A0A2R8Y4N0|A0A2R8Y4N0_HUMAN","2","330","Forward","329 [Sequence]","675","0.0","100.000 [Alignment]"
"ENSGGOT00000054270.1","SLC1A2","832","1818","Forward","11:35402839-35443550 [Sequence]","Reverse","tr|A0A2R8Y4N0|A0A2R8Y4N0_HUMAN","2","330","Forward","329 [Sequence]","675","0.0","100.000 [Alignment]"
"ENSGGOT00000056432.1","SLC1A2","736","1722","Forward","11:35402839-35443550 [Sequence]","Reverse","tr|A0A2R8Y4N0|A0A2R8Y4N0_HUMAN","2","330","Forward","329 [Sequence]","675","0.0","100.000 [Alignment]"
"ENSGGOT00000067669.1","SLC1A2","745","1662","Forward","11:35407488-35443550 [Sequence]","Reverse","tr|A0A2R8Y4N0|A0A2R8Y4N0_HUMAN","2","307","Forward","306 [Sequence]","623","0.0","100.000 [Alignment]"
"ENSGGOT00000048601.1","SLC1A2","709","1626","Forward","11:35407488-35443550 [Sequence]","Reverse","tr|A0A2R8Y4N0|A0A2R8Y4N0_HUMAN","2","307","Forward","306 [Sequence]","623","0.0","100.000 [Alignment]"
"ENSGGOT00000049873.1","SLC1A3","607","1476","Forward","17:58647799-58656959 [Sequence]","Reverse","tr|A0A2R8Y4N0|A0A2R8Y4N0_HUMAN","4","290","Forward","290 [Sequence]","345","5.75e-107","60.000 [Alignment]"
"ENSGGOT00000052635.1","SLC1A3","730","1599","Forward","17:58647799-58656959 [Sequence]","Reverse","tr|A0A2R8Y4N0|A0A2R8Y4N0_HUMAN","4","290","Forward","290 [Sequence]","345","5.36e-106","60.000 [Alignment]"
"ENSGGOT00000004685.3","SLC1A3","1221","2090","Forward","17:58647799-58656959 [Sequence]","Reverse","tr|A0A2R8Y4N0|A0A2R8Y4N0_HUMAN","4","290","Forward","290 [Sequence]","345","3.17e-103","60.000 [Alignment]"
"ENSGGOT00000058186.1","SLC1A1","634","1428","Forward","9:45399287-45420964 [Sequence]","Reverse","tr|A0A2R8Y4N0|A0A2R8Y4N0_HUMAN","2","267","Forward","266 [Sequence]","327","8.98e-100","61.654 [Alignment]"
"ENSGGOT00000000265.3","SLC1A1","1065","1859","Forward","9:45399287-45420964 [Sequence]","Reverse","tr|A0A2R8Y4N0|A0A2R8Y4N0_HUMAN","2","267","Forward","266 [Sequence]","327","3.01e-97","61.654 [Alignment]"
"ENSGGOT00000045834.1","SLC1A3","517","1278","Forward","17:58647799-58662978 [Sequence]","Reverse","tr|A0A2R8Y4N0|A0A2R8Y4N0_HUMAN","40","290","Forward","254 [Sequence]","306","3.99e-93","61.811 [Alignment]"
"ENSGGOT00000026438.2","SLC1A7","856","1626","Forward","1:53690639-53710017 [Sequence]","Reverse","tr|A0A2R8Y4N0|A0A2R8Y4N0_HUMAN","2","257","Forward","257 [Sequence]","299","1.46e-87","58.755 [Alignment]"
"ENSGGOT00000048985.1","SLC1A7","640","1410","Forward","1:53690639-53710017 [Sequence]","Reverse","tr|A0A2R8Y4N0|A0A2R8Y4N0_HUMAN","2","257","Forward","257 [Sequence]","297","5.29e-87","58.755 [Alignment]"
"ENSGGOT00000005676.3","SLC1A7","673","1362","Forward","1:53691515-53710017 [Sequence]","Reverse","tr|A0A2R8Y4N0|A0A2R8Y4N0_HUMAN","2","230","Forward","230 [Sequence]","268","4.61e-78","60.435 [Alignment]"
"ENSGGOT00000011255.3","SLC1A4","1047","2036","Forward","2A:41864302-41874873 [Sequence]","Reverse","tr|A0A2R8Y4N0|A0A2R8Y4N0_HUMAN","4","328","Forward","337 [Sequence]","264","2.11e-75","43.027 [Alignment]"
"ENSGGOT00000064242.1","SLC1A5","103","1017","Forward","19:46023036-46030020 [Sequence]","Reverse","tr|A0A2R8Y4N0|A0A2R8Y4N0_HUMAN","4","302","Forward","305 [Sequence]","249","2.49e-73","43.934 [Alignment]"
"ENSGGOT00000047992.1","SLC1A3","745","1479","Forward","17:58647799-58656959 [Sequence]","Reverse","tr|A0A2R8Y4N0|A0A2R8Y4N0_HUMAN","4","290","Forward","290 [Sequence]","253","1.25e-72","48.966 [Alignment]"
"ENSGGOT00000060461.1","SLC1A5","676","1590","Forward","19:46023036-46030020 [Sequence]","Reverse","tr|A0A2R8Y4N0|A0A2R8Y4N0_HUMAN","4","302","Forward","305 [Sequence]","249","2.66e-71","43.934 [Alignment]"
"ENSGGOT00000008831.3","SLC1A5","1356","2270","Forward","19:46023036-46030020 [Sequence]","Reverse","tr|A0A2R8Y4N0|A0A2R8Y4N0_HUMAN","4","302","Forward","305 [Sequence]","249","1.52e-70","43.934 [Alignment]"
"ENSGGOT00000066942.1","SLC1A4","637","1425","Forward","2A:41864539-41874873 [Sequence]","Reverse","tr|A0A2R8Y4N0|A0A2R8Y4N0_HUMAN","4","254","Forward","263 [Sequence]","243","5.84e-69","49.049 [Alignment]"
"ENSGGOT00000029492.2","SLC1A6","628","1272","Forward","19:14734428-14747003 [Sequence]","Reverse","tr|A0A2R8Y4N0|A0A2R8Y4N0_HUMAN","4","263","Forward","260 [Sequence]","240","2.04e-68","48.846 [Alignment]"
"ENSGGOT00000013495.3","SLC1A6","820","1524","Forward","19:14734428-14747003 [Sequence]","Reverse","tr|A0A2R8Y4N0|A0A2R8Y4N0_HUMAN","4","263","Forward","260 [Sequence]","234","9.48e-66","49.231 [Alignment]"
"ENSGGOT00000057874.1","SLC1A3","640","1110","Forward","17:58647799-58657064 [Sequence]","Reverse","tr|A0A2R8Y4N0|A0A2R8Y4N0_HUMAN","137","290","Forward","157 [Sequence]","200","5.71e-55","62.420 [Alignment]"
"ENSGGOT00000067699.1","SLC1A7","1180","1620","Forward","1:53690639-53692572 [Sequence]","Reverse","tr|A0A2R8Y4N0|A0A2R8Y4N0_HUMAN","111","257","Forward","147 [Sequence]","203","5.73e-55","63.265 [Alignment]"
"ENSGGOT00000060326.1","SLC1A4","88","543","Forward","2A:41864539-41874810 [Sequence]","Reverse","tr|A0A2R8Y4N0|A0A2R8Y4N0_HUMAN","103","254","Forward","152 [Sequence]","177","8.48e-49","51.316 [Alignment]"
"ENSGGOT00000057293.1","SLC1A6","883","1230","Forward","19:14734428-14746940 [Sequence]","Reverse","tr|A0A2R8Y4N0|A0A2R8Y4N0_HUMAN","103","263","Forward","161 [Sequence]","128","1.02e-30","42.236 [Alignment]"
"ENSGGOT00000067699.1","SLC1A7","673","1029","Forward","1:53694294-53710017 [Sequence]","Reverse","tr|A0A2R8Y4N0|A0A2R8Y4N0_HUMAN","2","119","Forward","119 [Sequence]","99.5","2.93e-21","49.580 [Alignment]"
"ENSGGOT00000057293.1","SLC1A6","820","969","Forward","19:14739087-14747003 [Sequence]","Reverse","tr|A0A2R8Y4N0|A0A2R8Y4N0_HUMAN","4","51","Forward","50 [Sequence]","41.0","0.003","38.000 [Alignment]"
"ENSGGOT00000060326.1","SLC1A4","25","153","Forward","2A:41867435-41874873 [Sequence]","Reverse","tr|A0A2R8Y4N0|A0A2R8Y4N0_HUMAN","4","46","Forward","43 [Sequence]","36.4","0.081","39.535 [Alignment]"
