"Subject name","Gene hit","Subject start","Subject end","Subject ori","Genomic Location","Orientation","Query name","Query start","Query end","Query ori","Length","Score","E-val","%ID"
"ENSPTRT00000079961.1","SLC1A2","597","1787","Forward","11:35385679-35516067 [Sequence]","Reverse","tr|A0A2R8Y4D1|A0A2R8Y4D1_HUMAN","1","397","Forward","397 [Sequence]","710","0.0","100.000 [Alignment]"
"ENSPTRT00000106634.1","SLC1A2","7","1191","Forward","11:35385679-35419289 [Sequence]","Reverse","tr|A0A2R8Y4D1|A0A2R8Y4D1_HUMAN","3","397","Forward","395 [Sequence]","704","0.0","99.747 [Alignment]"
"ENSPTRT00000089959.1","SLC1A2","7","1191","Forward","11:35385679-35419289 [Sequence]","Reverse","tr|A0A2R8Y4D1|A0A2R8Y4D1_HUMAN","3","397","Forward","395 [Sequence]","704","0.0","99.747 [Alignment]"
"ENSPTRT00000087129.1","SLC1A2","110","1288","Forward","11:35385679-35421149 [Sequence]","Reverse","tr|A0A2R8Y4D1|A0A2R8Y4D1_HUMAN","5","397","Forward","393 [Sequence]","698","0.0","99.491 [Alignment]"
"ENSPTRT00000006599.5","SLC1A2","1","1164","Forward","11:35385679-35416089 [Sequence]","Reverse","tr|A0A2R8Y4D1|A0A2R8Y4D1_HUMAN","10","397","Forward","388 [Sequence]","691","0.0","100.000 [Alignment]"
"ENSPTRT00000091723.1","SLC1A2","1","573","Forward","11:35404805-35416089 [Sequence]","Reverse","tr|A0A2R8Y4D1|A0A2R8Y4D1_HUMAN","10","200","Forward","191 [Sequence]","298","8.24e-94","98.429 [Alignment]"
"ENSPTRT00000056719.3","SLC1A1","290","1345","Forward","9:4527747-4614341 [Sequence]","Forward","tr|A0A2R8Y4D1|A0A2R8Y4D1_HUMAN","41","397","Forward","363 [Sequence]","284","1.08e-80","52.066 [Alignment]"
"ENSPTRT00000031187.3","SLC1A3","608","1669","Forward","5:77623916-77695892 [Sequence]","Reverse","tr|A0A2R8Y4D1|A0A2R8Y4D1_HUMAN","41","397","Forward","360 [Sequence]","263","7.14e-74","52.500 [Alignment]"
"ENSPTRT00000078486.1","SLC1A3","859","1920","Forward","5:77623916-77695892 [Sequence]","Reverse","tr|A0A2R8Y4D1|A0A2R8Y4D1_HUMAN","41","397","Forward","360 [Sequence]","263","9.85e-74","52.500 [Alignment]"
"ENSPTRT00000085844.1","SLC1A6","1208","2320","Forward","19:15902556-15921111 [Sequence]","Reverse","tr|A0A2R8Y4D1|A0A2R8Y4D1_HUMAN","41","397","Forward","375 [Sequence]","261","5.37e-73","46.933 [Alignment]"
"ENSPTRT00000080433.1","SLC1A3","196","1056","Forward","5:77623916-77633343 [Sequence]","Reverse","tr|A0A2R8Y4D1|A0A2R8Y4D1_HUMAN","109","397","Forward","292 [Sequence]","253","1.12e-71","53.425 [Alignment]"
"ENSPTRT00000086371.1","SLC1A6","157","1230","Forward","19:15902556-15921111 [Sequence]","Reverse","tr|A0A2R8Y4D1|A0A2R8Y4D1_HUMAN","41","397","Forward","362 [Sequence]","234","1.10e-64","45.304 [Alignment]"
"ENSPTRT00000085288.1","SLC1A3","133","1179","Forward","5:77623916-77695892 [Sequence]","Reverse","tr|A0A2R8Y4D1|A0A2R8Y4D1_HUMAN","41","397","Forward","359 [Sequence]","230","1.82e-63","49.861 [Alignment]"
"ENSPTRT00000019563.3","SLC1A6","355","1077","Forward","19:15902556-15920096 [Sequence]","Reverse","tr|A0A2R8Y4D1|A0A2R8Y4D1_HUMAN","173","397","Forward","243 [Sequence]","208","4.85e-56","48.148 [Alignment]"
"ENSPTRT00000091078.1","SLC1A6","484","1080","Forward","19:15902556-15910610 [Sequence]","Reverse","tr|A0A2R8Y4D1|A0A2R8Y4D1_HUMAN","199","397","Forward","201 [Sequence]","189","1.08e-49","51.244 [Alignment]"
"ENSPTRT00000001414.4","SLC1A7","214","915","Forward","1:52789626-52832968 [Sequence]","Reverse","tr|A0A2R8Y4D1|A0A2R8Y4D1_HUMAN","173","397","Forward","236 [Sequence]","188","2.35e-49","46.186 [Alignment]"
"ENSPTRT00000085836.1","SLC1A5","1005","1805","Forward","19:48894706-48905109 [Sequence]","Reverse","tr|A0A2R8Y4D1|A0A2R8Y4D1_HUMAN","109","397","Forward","294 [Sequence]","188","4.54e-49","40.816 [Alignment]"
"ENSPTRT00000080817.1","SLC1A7","256","1251","Forward","1:52791475-52841031 [Sequence]","Reverse","tr|A0A2R8Y4D1|A0A2R8Y4D1_HUMAN","39","363","Forward","336 [Sequence]","186","2.47e-48","43.452 [Alignment]"
"ENSPTRT00000022303.4","SLC1A4","625","1659","Forward","2A:66359371-66389810 [Sequence]","Forward","tr|A0A2R8Y4D1|A0A2R8Y4D1_HUMAN","36","397","Forward","368 [Sequence]","184","1.94e-47","42.935 [Alignment]"
"ENSPTRT00000080204.1","SLC1A4","100","1116","Forward","2A:66359371-66389810 [Sequence]","Forward","tr|A0A2R8Y4D1|A0A2R8Y4D1_HUMAN","36","397","Forward","368 [Sequence]","163","2.38e-41","40.761 [Alignment]"
"ENSPTRT00000020802.4","SLC1A5","358","1125","Forward","19:48894706-48905109 [Sequence]","Reverse","tr|A0A2R8Y4D1|A0A2R8Y4D1_HUMAN","109","397","Forward","294 [Sequence]","161","2.11e-40","38.095 [Alignment]"
"ENSPTRT00000104733.1","SLC1A5","40","552","Forward","19:48894706-48901588 [Sequence]","Reverse","tr|A0A2R8Y4D1|A0A2R8Y4D1_HUMAN","226","397","Forward","172 [Sequence]","156","1.03e-39","47.093 [Alignment]"
"ENSPTRT00000087445.1","SLC1A3","517","858","Forward","5:77623916-77633160 [Sequence]","Reverse","tr|A0A2R8Y4D1|A0A2R8Y4D1_HUMAN","284","397","Forward","114 [Sequence]","141","2.69e-34","64.912 [Alignment]"
"ENSPTRT00000087810.1","SLC1A6","157","969","Forward","19:15902622-15921111 [Sequence]","Reverse","tr|A0A2R8Y4D1|A0A2R8Y4D1_HUMAN","41","295","Forward","275 [Sequence]","124","8.65e-29","38.545 [Alignment]"
"ENSPTRT00000097894.1","SLC1A3","133","657","Forward","5:77623949-77695892 [Sequence]","Reverse","tr|A0A2R8Y4D1|A0A2R8Y4D1_HUMAN","41","220","Forward","180 [Sequence]","83.2","4.93e-16","49.444 [Alignment]"
"ENSPTRT00000083412.1","SLC1A7","34","474","Forward","1:52804349-52841031 [Sequence]","Reverse","tr|A0A2R8Y4D1|A0A2R8Y4D1_HUMAN","39","187","Forward","149 [Sequence]","79.5","1.12e-15","47.651 [Alignment]"
"ENSPTRT00000087810.1","SLC1A6","883","1035","Forward","19:15902556-15910400 [Sequence]","Reverse","tr|A0A2R8Y4D1|A0A2R8Y4D1_HUMAN","347","397","Forward","51 [Sequence]","67.7","2.82e-11","56.863 [Alignment]"
"ENSPTRT00000100317.1","SLC1A7","34","435","Forward","1:52807257-52841031 [Sequence]","Reverse","tr|A0A2R8Y4D1|A0A2R8Y4D1_HUMAN","39","174","Forward","136 [Sequence]","56.9","3.08e-08","43.382 [Alignment]"
"ENSPTRT00000080817.1","SLC1A7","1402","1530","Forward","1:52789626-52789754 [Sequence]","Reverse","tr|A0A2R8Y4D1|A0A2R8Y4D1_HUMAN","355","397","Forward","43 [Sequence]","58.1","3.57e-08","58.140 [Alignment]"
"ENSPTRT00000094488.1","SLC1A4","88","240","Forward","2A:66380316-66389810 [Sequence]","Forward","tr|A0A2R8Y4D1|A0A2R8Y4D1_HUMAN","347","397","Forward","51 [Sequence]","54.4","2.81e-07","43.137 [Alignment]"
"ENSPTRT00000087445.1","SLC1A3","133","525","Forward","5:77624783-77695892 [Sequence]","Reverse","tr|A0A2R8Y4D1|A0A2R8Y4D1_HUMAN","41","173","Forward","133 [Sequence]","52.3","2.01e-06","51.880 [Alignment]"
"ENSPTRT00000094488.1","SLC1A4","1","153","Forward","2A:66380229-66389723 [Sequence]","Forward","tr|A0A2R8Y4D1|A0A2R8Y4D1_HUMAN","240","290","Forward","51 [Sequence]","46.8","7.13e-05","43.137 [Alignment]"
