"Subject name","Gene hit","Subject start","Subject end","Subject ori","Genomic Location","Orientation","Query name","Query start","Query end","Query ori","Length","Score","E-val","%ID"
"C12D12.2b.1","glt-1","982","1371","Forward","X:3498200-3498731 [Sequence]","Forward","tr|A0A2R8YHI4|A0A2R8YHI4_HUMAN","2","86","Forward","130 [Sequence]","124","9.26e-32","51.538 [Alignment]"
"C12D12.2a.1","glt-1","1079","1468","Forward","X:3498200-3498731 [Sequence]","Forward","tr|A0A2R8YHI4|A0A2R8YHI4_HUMAN","2","86","Forward","130 [Sequence]","124","9.37e-32","51.538 [Alignment]"
"Y53C12A.2.1","glt-5","987","1460","Forward","II:9706810-9707517 [Sequence]","Reverse","tr|A0A2R8YHI4|A0A2R8YHI4_HUMAN","5","117","Forward","160 [Sequence]","116","4.90e-29","38.750 [Alignment]"
"R05G6.6.1","glt-6","996","1436","Forward","IV:7505551-7506084 [Sequence]","Forward","tr|A0A2R8YHI4|A0A2R8YHI4_HUMAN","2","100","Forward","147 [Sequence]","111","3.02e-27","36.735 [Alignment]"
"K08F4.4.1","glt-3","1103","1531","Forward","IV:10132195-10132886 [Sequence]","Forward","tr|A0A2R8YHI4|A0A2R8YHI4_HUMAN","2","97","Forward","143 [Sequence]","109","1.05e-26","43.357 [Alignment]"
"T22E5.2a.1","glt-4","1008","1385","Forward","X:6405860-6406333 [Sequence]","Forward","tr|A0A2R8YHI4|A0A2R8YHI4_HUMAN","2","82","Forward","126 [Sequence]","93.3","5.07e-21","38.889 [Alignment]"
"T22E5.2b.1","glt-4","1008","1385","Forward","X:6405860-6406333 [Sequence]","Forward","tr|A0A2R8YHI4|A0A2R8YHI4_HUMAN","2","82","Forward","126 [Sequence]","77.4","1.04e-15","38.889 [Alignment]"
"W03G1.1.1","glt-7","967","1380","Forward","IV:534146-535383 [Sequence]","Forward","tr|A0A2R8YHI4|A0A2R8YHI4_HUMAN","2","97","Forward","140 [Sequence]","75.7","3.02e-15","30.714 [Alignment]"
