"Subject name","Gene hit","Subject start","Subject end","Subject ori","Genomic Location","Orientation","Query name","Query start","Query end","Query ori","Length","Score","E-val","%ID"
"C12D12.2b.1","glt-1","592","1476","Forward","X:3497765-3498884 [Sequence]","Forward","tr|A0A2R8Y4N0|A0A2R8Y4N0_HUMAN","2","291","Forward","296 [Sequence]","383","9.39e-120","65.203 [Alignment]"
"C12D12.2a.1","glt-1","689","1573","Forward","X:3497765-3498884 [Sequence]","Forward","tr|A0A2R8Y4N0|A0A2R8Y4N0_HUMAN","2","291","Forward","296 [Sequence]","383","2.37e-119","65.203 [Alignment]"
"Y53C12A.2.1","glt-5","597","1460","Forward","II:9706810-9707989 [Sequence]","Reverse","tr|A0A2R8Y4N0|A0A2R8Y4N0_HUMAN","4","292","Forward","291 [Sequence]","310","7.98e-93","54.639 [Alignment]"
"K08F4.4.1","glt-3","713","1681","Forward","IV:10131184-10133089 [Sequence]","Forward","tr|A0A2R8Y4N0|A0A2R8Y4N0_HUMAN","2","330","Forward","334 [Sequence]","304","1.87e-90","50.299 [Alignment]"
"R05G6.6.1","glt-6","606","1436","Forward","IV:7504628-7506084 [Sequence]","Forward","tr|A0A2R8Y4N0|A0A2R8Y4N0_HUMAN","2","275","Forward","278 [Sequence]","297","4.53e-88","51.439 [Alignment]"
"T22E5.2b.1","glt-4","624","1559","Forward","X:6404881-6406779 [Sequence]","Forward","tr|A0A2R8Y4N0|A0A2R8Y4N0_HUMAN","4","313","Forward","312 [Sequence]","248","1.71e-70","44.231 [Alignment]"
"T22E5.2a.1","glt-4","624","1388","Forward","X:6404881-6406336 [Sequence]","Forward","tr|A0A2R8Y4N0|A0A2R8Y4N0_HUMAN","4","258","Forward","255 [Sequence]","243","1.55e-68","50.980 [Alignment]"
"W03G1.1.1","glt-7","577","1617","Forward","IV:533248-535679 [Sequence]","Forward","tr|A0A2R8Y4N0|A0A2R8Y4N0_HUMAN","2","327","Forward","349 [Sequence]","234","6.34e-66","36.963 [Alignment]"
