"Subject name","Gene hit","Subject start","Subject end","Subject ori","Genomic Location","Orientation","Query name","Query start","Query end","Query ori","Length","Score","E-val","%ID"
"ENSMUST00000111212.8","Slc1a2","762","1745","Forward","2:102578819-102611876 [Sequence]","Forward","tr|A0A2R8Y4N0|A0A2R8Y4N0_HUMAN","2","330","Forward","329 [Sequence]","654","0.0","96.353 [Alignment]"
"ENSMUST00000080210.10","Slc1a2","1359","2342","Forward","2:102578819-102611876 [Sequence]","Forward","tr|A0A2R8Y4N0|A0A2R8Y4N0_HUMAN","2","330","Forward","329 [Sequence]","654","0.0","96.353 [Alignment]"
"ENSMUST00000111213.8","Slc1a2","737","1654","Forward","2:102578819-102608003 [Sequence]","Forward","tr|A0A2R8Y4N0|A0A2R8Y4N0_HUMAN","2","308","Forward","307 [Sequence]","604","0.0","96.091 [Alignment]"
"ENSMUST00000005220.11","Slc1a2","762","1679","Forward","2:102578819-102608003 [Sequence]","Forward","tr|A0A2R8Y4N0|A0A2R8Y4N0_HUMAN","2","308","Forward","307 [Sequence]","604","0.0","96.091 [Alignment]"
"ENSMUST00000136488.2","Slc1a2","2","583","Forward","2:102586253-102607925 [Sequence]","Forward","tr|A0A2R8Y4N0|A0A2R8Y4N0_HUMAN","43","281","Forward","239 [Sequence]","349","8.76e-115","78.243 [Alignment]"
"ENSMUST00000005493.14","Slc1a3","1268","2110","Forward","15:8665661-8675259 [Sequence]","Reverse","tr|A0A2R8Y4N0|A0A2R8Y4N0_HUMAN","4","281","Forward","281 [Sequence]","343","2.48e-102","61.566 [Alignment]"
"ENSMUST00000125997.2","Slc1a3","2142","2999","Forward","15:8665646-8675259 [Sequence]","Reverse","tr|A0A2R8Y4N0|A0A2R8Y4N0_HUMAN","4","286","Forward","286 [Sequence]","343","3.13e-102","60.490 [Alignment]"
"ENSMUST00000005490.10","Slc1a6","1004","1783","Forward","10:78631986-78650353 [Sequence]","Forward","tr|A0A2R8Y4N0|A0A2R8Y4N0_HUMAN","4","263","Forward","260 [Sequence]","331","3.04e-99","61.154 [Alignment]"
"ENSMUST00000162189.2","Slc1a1","500","1288","Forward","19:28878911-28889165 [Sequence]","Forward","tr|A0A2R8Y4N0|A0A2R8Y4N0_HUMAN","4","267","Forward","264 [Sequence]","327","2.38e-97","61.742 [Alignment]"
"ENSMUST00000025875.5","Slc1a1","817","1605","Forward","19:28878911-28889165 [Sequence]","Forward","tr|A0A2R8Y4N0|A0A2R8Y4N0_HUMAN","4","267","Forward","264 [Sequence]","327","8.33e-97","61.742 [Alignment]"
"ENSMUST00000160702.8","Slc1a1","1765","2553","Forward","19:28878911-28889165 [Sequence]","Forward","tr|A0A2R8Y4N0|A0A2R8Y4N0_HUMAN","4","267","Forward","264 [Sequence]","327","1.03e-96","61.742 [Alignment]"
"ENSMUST00000154446.2","Slc1a2","3","401","Forward","2:102591520-102608000 [Sequence]","Forward","tr|A0A2R8Y4N0|A0A2R8Y4N0_HUMAN","174","307","Forward","134 [Sequence]","272","2.43e-85","94.776 [Alignment]"
"ENSMUST00000238795.2","Slc1a7","921","1682","Forward","4:107861671-107868171 [Sequence]","Forward","tr|A0A2R8Y4N0|A0A2R8Y4N0_HUMAN","4","257","Forward","254 [Sequence]","289","6.48e-84","57.874 [Alignment]"
"ENSMUST00000106713.5","Slc1a7","923","1684","Forward","4:107861671-107868171 [Sequence]","Forward","tr|A0A2R8Y4N0|A0A2R8Y4N0_HUMAN","4","257","Forward","254 [Sequence]","289","6.49e-84","57.874 [Alignment]"
"ENSMUST00000004634.7","Slc1a4","897","1649","Forward","11:20254428-20264031 [Sequence]","Reverse","tr|A0A2R8Y4N0|A0A2R8Y4N0_HUMAN","4","254","Forward","251 [Sequence]","261","5.61e-74","51.394 [Alignment]"
"ENSMUST00000109594.8","Slc1a4","926","1678","Forward","11:20254428-20264031 [Sequence]","Reverse","tr|A0A2R8Y4N0|A0A2R8Y4N0_HUMAN","4","254","Forward","251 [Sequence]","261","5.63e-74","51.394 [Alignment]"
"ENSMUST00000108496.9","Slc1a5","1312","2226","Forward","7:16523747-16531661 [Sequence]","Forward","tr|A0A2R8Y4N0|A0A2R8Y4N0_HUMAN","4","302","Forward","305 [Sequence]","254","6.30e-72","44.262 [Alignment]"
"ENSMUST00000127401.8","Slc1a5","1284","1826","Forward","7:16523747-16529875 [Sequence]","Forward","tr|A0A2R8Y4N0|A0A2R8Y4N0_HUMAN","4","184","Forward","181 [Sequence]","177","1.31e-61","49.171 [Alignment]"
"ENSMUST00000127401.8","Slc1a5","1901","2092","Forward","7:16529950-16531484 [Sequence]","Forward","tr|A0A2R8Y4N0|A0A2R8Y4N0_HUMAN","186","249","Forward","64 [Sequence]","80.7","1.31e-61","59.375 [Alignment]"
"ENSMUST00000161119.8","Slc1a1","756","1295","Forward","19:28878911-28882925 [Sequence]","Forward","tr|A0A2R8Y4N0|A0A2R8Y4N0_HUMAN","4","184","Forward","181 [Sequence]","215","1.22e-58","61.326 [Alignment]"
"ENSMUST00000134407.2","Slc1a5","50","610","Forward","7:16527573-16530081 [Sequence]","Forward","tr|A0A2R8Y4N0|A0A2R8Y4N0_HUMAN","43","229","Forward","187 [Sequence]","191","5.11e-54","52.406 [Alignment]"
"ENSMUST00000128879.2","Slc1a3","116","469","Forward","15:8671740-8672616 [Sequence]","Reverse","tr|A0A2R8Y4N0|A0A2R8Y4N0_HUMAN","43","160","Forward","118 [Sequence]","158","6.82e-43","68.644 [Alignment]"
"ENSMUST00000141349.2","Slc1a5","457","876","Forward","7:16527558-16529854 [Sequence]","Forward","tr|A0A2R8Y4N0|A0A2R8Y4N0_HUMAN","38","177","Forward","140 [Sequence]","138","6.32e-34","50.000 [Alignment]"
"ENSMUST00000124190.2","Slc1a7","352","570","Forward","4:107867565-107868171 [Sequence]","Forward","tr|A0A2R8Y4N0|A0A2R8Y4N0_HUMAN","185","257","Forward","73 [Sequence]","102","1.12e-21","60.274 [Alignment]"
"ENSMUST00000135817.3","Slc1a5","241","414","Forward","7:16523747-16527629 [Sequence]","Forward","tr|A0A2R8Y4N0|A0A2R8Y4N0_HUMAN","4","61","Forward","58 [Sequence]","63.6","1.48e-10","46.552 [Alignment]"
"ENSMUST00000147814.2","Slc1a5","588","803","Forward","7:16523747-16527671 [Sequence]","Forward","tr|A0A2R8Y4N0|A0A2R8Y4N0_HUMAN","4","75","Forward","72 [Sequence]","63.6","5.65e-10","41.667 [Alignment]"
"ENSMUST00000154446.2","Slc1a2","443","541","Forward","2:102611103-102611876 [Sequence]","Forward","tr|A0A2R8Y4N0|A0A2R8Y4N0_HUMAN","298","330","Forward","33 [Sequence]","59.0","9.55e-09","78.788 [Alignment]"
"ENSMUST00000175647.8","Spata6l","1453","1569","Reverse","19:28878911-28879027 [Sequence]","Reverse","tr|A0A2R8Y4N0|A0A2R8Y4N0_HUMAN","4","42","Forward","39 [Sequence]","49.8","1.66e-05","48.718 [Alignment]"
