"Subject name","Gene hit","Subject start","Subject end","Subject ori","Genomic Location","Orientation","Query name","Query start","Query end","Query ori","Length","Score","E-val","%ID"
"ENSTGET00000004364.1","ENSTGEG00000002970","892","1488","Forward","14:30048151-30074271 [Sequence]","Forward","tr|A0A2R8YHI4|A0A2R8YHI4_HUMAN","2","155","Forward","199 [Sequence]","315","1.50e-100","76.884 [Alignment]"
"ENSTGET00000004353.1","ENSTGEG00000002970","1114","1710","Forward","14:30048151-30074271 [Sequence]","Forward","tr|A0A2R8YHI4|A0A2R8YHI4_HUMAN","2","155","Forward","199 [Sequence]","315","1.90e-99","76.884 [Alignment]"
"ENSTGET00000004372.1","ENSTGEG00000002970","1117","1713","Forward","14:30048151-30074271 [Sequence]","Forward","tr|A0A2R8YHI4|A0A2R8YHI4_HUMAN","2","155","Forward","199 [Sequence]","315","1.95e-99","76.884 [Alignment]"
"ENSTGET00000004360.1","ENSTGEG00000002970","1126","1722","Forward","14:30048151-30074271 [Sequence]","Forward","tr|A0A2R8YHI4|A0A2R8YHI4_HUMAN","2","155","Forward","199 [Sequence]","315","2.10e-99","76.884 [Alignment]"
"ENSTGET00000004370.1","ENSTGEG00000002970","1141","1737","Forward","14:30048151-30074271 [Sequence]","Forward","tr|A0A2R8YHI4|A0A2R8YHI4_HUMAN","2","155","Forward","199 [Sequence]","315","2.38e-99","76.884 [Alignment]"
"ENSTGET00000004373.1","ENSTGEG00000002970","1234","1830","Forward","14:30048151-30074271 [Sequence]","Forward","tr|A0A2R8YHI4|A0A2R8YHI4_HUMAN","2","155","Forward","199 [Sequence]","315","4.80e-99","76.884 [Alignment]"
"ENSTGET00000004369.1","ENSTGEG00000002970","1126","1521","Forward","14:30048151-30069921 [Sequence]","Forward","tr|A0A2R8YHI4|A0A2R8YHI4_HUMAN","2","133","Forward","132 [Sequence]","288","3.29e-90","100.000 [Alignment]"
"ENSTGET00000004367.1","ENSTGEG00000002970","1126","1653","Forward","14:30048151-30069918 [Sequence]","Forward","tr|A0A2R8YHI4|A0A2R8YHI4_HUMAN","2","132","Forward","176 [Sequence]","263","1.90e-80","73.864 [Alignment]"
"ENSTGET00000011339.1","ENSTGEG00000007717","1129","1479","Forward","6:36274887-36281041 [Sequence]","Forward","tr|A0A2R8YHI4|A0A2R8YHI4_HUMAN","2","115","Forward","117 [Sequence]","139","8.94e-37","61.538 [Alignment]"
"ENSTGET00000011325.1","ENSTGEG00000007717","1372","1806","Forward","6:36274887-36280990 [Sequence]","Forward","tr|A0A2R8YHI4|A0A2R8YHI4_HUMAN","2","99","Forward","145 [Sequence]","133","6.75e-35","46.207 [Alignment]"
"ENSTGET00000011342.1","ENSTGEG00000007717","991","1476","Forward","6:36274887-36281041 [Sequence]","Forward","tr|A0A2R8YHI4|A0A2R8YHI4_HUMAN","2","115","Forward","162 [Sequence]","113","7.54e-28","43.827 [Alignment]"
"ENSTGET00000011343.1","ENSTGEG00000007717","793","1278","Forward","6:36274887-36281041 [Sequence]","Forward","tr|A0A2R8YHI4|A0A2R8YHI4_HUMAN","2","115","Forward","162 [Sequence]","112","1.75e-27","43.827 [Alignment]"
"ENSTGET00000014943.1","ENSTGEG00000010141","1491","1859","Forward","13:85662721-85665600 [Sequence]","Forward","tr|A0A2R8YHI4|A0A2R8YHI4_HUMAN","2","79","Forward","123 [Sequence]","104","7.53e-25","38.211 [Alignment]"
"ENSTGET00000031499.1","ENSTGEG00000021311","1027","1434","Forward","15:77249329-77258149 [Sequence]","Reverse","tr|A0A2R8YHI4|A0A2R8YHI4_HUMAN","2","92","Forward","136 [Sequence]","104","7.96e-25","44.118 [Alignment]"
"ENSTGET00000011947.1","ENSTGEG00000008149","970","1350","Forward","19:14591227-14595853 [Sequence]","Reverse","tr|A0A2R8YHI4|A0A2R8YHI4_HUMAN","2","83","Forward","127 [Sequence]","100","2.18e-23","43.307 [Alignment]"
"ENSTGET00000011941.1","ENSTGEG00000008149","1012","1392","Forward","19:14591227-14595853 [Sequence]","Reverse","tr|A0A2R8YHI4|A0A2R8YHI4_HUMAN","2","83","Forward","127 [Sequence]","99","3.14e-23","43.307 [Alignment]"
"ENSTGET00000011946.1","ENSTGEG00000008149","1204","1584","Forward","19:14591227-14595853 [Sequence]","Reverse","tr|A0A2R8YHI4|A0A2R8YHI4_HUMAN","2","83","Forward","127 [Sequence]","99","3.24e-23","43.307 [Alignment]"
"ENSTGET00000009325.1","ENSTGEG00000006339","853","1227","Forward","1:81024216-81026069 [Sequence]","Reverse","tr|A0A2R8YHI4|A0A2R8YHI4_HUMAN","3","82","Forward","125 [Sequence]","91.6","1.73e-20","41.600 [Alignment]"
"ENSTGET00000009323.1","ENSTGEG00000006339","1246","1620","Forward","1:81024216-81026069 [Sequence]","Reverse","tr|A0A2R8YHI4|A0A2R8YHI4_HUMAN","3","82","Forward","125 [Sequence]","91.6","2.22e-20","41.600 [Alignment]"
"ENSTGET00000014948.1","ENSTGEG00000010141","175","543","Forward","13:85662721-85665600 [Sequence]","Forward","tr|A0A2R8YHI4|A0A2R8YHI4_HUMAN","2","79","Forward","123 [Sequence]","89.1","8.51e-20","38.211 [Alignment]"
"ENSTGET00000034265.1","ENSTGEG00000023133","1093","1251","Forward","19:23940884-23941042 [Sequence]","Reverse","tr|A0A2R8YHI4|A0A2R8YHI4_HUMAN","2","54","Forward","53 [Sequence]","68.6","9.73e-13","54.717 [Alignment]"
"ENSTGET00000034266.1","ENSTGEG00000023133","484","642","Forward","19:23940884-23941042 [Sequence]","Reverse","tr|A0A2R8YHI4|A0A2R8YHI4_HUMAN","2","54","Forward","53 [Sequence]","68.2","1.07e-12","54.717 [Alignment]"
