"Subject name","Gene hit","Subject start","Subject end","Subject ori","Genomic Location","Orientation","Query name","Query start","Query end","Query ori","Length","Score","E-val","%ID"
"ENSSSCT00000092276.1","SLC1A2","563","1834","Forward","2:25707222-25762397 [Sequence]","Forward","tr|A0A2R8Y642|A0A2R8Y642_HUMAN","1","424","Forward","424 [Sequence]","774","0.0","97.170 [Alignment]"
"ENSSSCT00000051921.3","SLC1A2","1225","1821","Forward","2:25741379-25757698 [Sequence]","Forward","tr|A0A2R8Y642|A0A2R8Y642_HUMAN","237","435","Forward","199 [Sequence]","425","3.54e-128","98.995 [Alignment]"
"ENSSSCT00000053521.3","SLC1A2","1102","1698","Forward","2:25741379-25757698 [Sequence]","Forward","tr|A0A2R8Y642|A0A2R8Y642_HUMAN","237","435","Forward","199 [Sequence]","425","4.05e-128","98.995 [Alignment]"
"ENSSSCT00000048330.2","SLC1A2","1656","2246","Forward","2:25741379-25757692 [Sequence]","Forward","tr|A0A2R8Y642|A0A2R8Y642_HUMAN","237","433","Forward","197 [Sequence]","420","3.93e-126","98.985 [Alignment]"
"ENSSSCT00000051003.3","SLC1A2","1505","2068","Forward","2:25741379-25762397 [Sequence]","Forward","tr|A0A2R8Y642|A0A2R8Y642_HUMAN","237","424","Forward","188 [Sequence]","402","7.29e-120","99.468 [Alignment]"
"ENSSSCT00000098717.1","SLC1A2","1320","1883","Forward","2:25741379-25762397 [Sequence]","Forward","tr|A0A2R8Y642|A0A2R8Y642_HUMAN","237","424","Forward","188 [Sequence]","401","8.53e-120","99.468 [Alignment]"
"ENSSSCT00000014522.5","SLC1A2","1022","1756","Forward","2:25707222-25736138 [Sequence]","Forward","tr|A0A2R8Y642|A0A2R8Y642_HUMAN","1","247","Forward","247 [Sequence]","374","1.36e-110","91.903 [Alignment]"
"ENSSSCT00000051921.3","SLC1A2","283","1017","Forward","2:25707222-25736138 [Sequence]","Forward","tr|A0A2R8Y642|A0A2R8Y642_HUMAN","1","247","Forward","247 [Sequence]","373","3.00e-110","91.903 [Alignment]"
"ENSSSCT00000053521.3","SLC1A2","160","894","Forward","2:25707222-25736138 [Sequence]","Forward","tr|A0A2R8Y642|A0A2R8Y642_HUMAN","1","247","Forward","247 [Sequence]","373","3.03e-110","91.903 [Alignment]"
"ENSSSCT00000051003.3","SLC1A2","563","1297","Forward","2:25707222-25736138 [Sequence]","Forward","tr|A0A2R8Y642|A0A2R8Y642_HUMAN","1","247","Forward","247 [Sequence]","373","5.49e-110","91.903 [Alignment]"
"ENSSSCT00000098717.1","SLC1A2","378","1112","Forward","2:25707222-25736138 [Sequence]","Forward","tr|A0A2R8Y642|A0A2R8Y642_HUMAN","1","247","Forward","247 [Sequence]","372","6.50e-110","91.903 [Alignment]"
"ENSSSCT00000048330.2","SLC1A2","714","1448","Forward","2:25707222-25736138 [Sequence]","Forward","tr|A0A2R8Y642|A0A2R8Y642_HUMAN","1","247","Forward","247 [Sequence]","372","7.12e-110","91.903 [Alignment]"
"ENSSSCT00000062502.3","SLC1A6","866","1873","Forward","2:62611523-62623133 [Sequence]","Forward","tr|A0A2R8Y642|A0A2R8Y642_HUMAN","59","379","Forward","341 [Sequence]","333","1.13e-97","50.733 [Alignment]"
"ENSSSCT00000014522.5","SLC1A2","1964","2389","Forward","2:25741379-25843988 [Sequence]","Forward","tr|A0A2R8Y642|A0A2R8Y642_HUMAN","237","378","Forward","142 [Sequence]","286","7.28e-81","96.479 [Alignment]"
"ENSSSCT00000061959.1","SLC1A3","1173","1643","Forward","16:21953615-21963400 [Sequence]","Forward","tr|A0A2R8Y642|A0A2R8Y642_HUMAN","236","390","Forward","157 [Sequence]","228","1.14e-61","67.516 [Alignment]"
"ENSSSCT00000042489.1","SLC1A3","975","1445","Forward","16:21953615-21963400 [Sequence]","Forward","tr|A0A2R8Y642|A0A2R8Y642_HUMAN","236","390","Forward","157 [Sequence]","227","1.33e-61","67.516 [Alignment]"
"ENSSSCT00000106508.1","SLC1A3","1238","1705","Forward","16:21954119-21963400 [Sequence]","Forward","tr|A0A2R8Y642|A0A2R8Y642_HUMAN","237","390","Forward","156 [Sequence]","227","1.87e-61","67.949 [Alignment]"
"ENSSSCT00000071206.2","SLC1A4","1","627","Forward","3:76940871-76951537 [Sequence]","Reverse","tr|A0A2R8Y642|A0A2R8Y642_HUMAN","190","405","Forward","216 [Sequence]","222","1.11e-59","46.296 [Alignment]"
"ENSSSCT00000015111.5","SLC1A6","1676","2107","Forward","2:62618278-62623133 [Sequence]","Forward","tr|A0A2R8Y642|A0A2R8Y642_HUMAN","236","379","Forward","144 [Sequence]","217","6.30e-58","67.361 [Alignment]"
"ENSSSCT00000083818.2","SLC1A6","1002","1430","Forward","2:62619371-62623133 [Sequence]","Forward","tr|A0A2R8Y642|A0A2R8Y642_HUMAN","237","379","Forward","143 [Sequence]","215","1.16e-57","67.832 [Alignment]"
"ENSSSCT00000072841.1","SLC1A1","1205","1645","Forward","1:217368881-217378151 [Sequence]","Reverse","tr|A0A2R8Y642|A0A2R8Y642_HUMAN","237","383","Forward","147 [Sequence]","216","1.67e-57","67.347 [Alignment]"
"ENSSSCT00000005755.4","SLC1A1","1268","1708","Forward","1:217368881-217378151 [Sequence]","Reverse","tr|A0A2R8Y642|A0A2R8Y642_HUMAN","237","383","Forward","147 [Sequence]","215","1.99e-57","67.347 [Alignment]"
"ENSSSCT00000063429.3","SLC1A3","1238","1612","Forward","16:21954119-21964963 [Sequence]","Forward","tr|A0A2R8Y642|A0A2R8Y642_HUMAN","237","361","Forward","125 [Sequence]","204","4.30e-54","72.800 [Alignment]"
"ENSSSCT00000004264.5","SLC1A7","1213","1623","Forward","6:159150425-159151975 [Sequence]","Forward","tr|A0A2R8Y642|A0A2R8Y642_HUMAN","237","373","Forward","137 [Sequence]","199","3.89e-52","66.423 [Alignment]"
"ENSSSCT00000051657.2","SLC1A3","1238","1567","Forward","16:21954119-21961444 [Sequence]","Forward","tr|A0A2R8Y642|A0A2R8Y642_HUMAN","237","346","Forward","110 [Sequence]","180","3.20e-46","73.636 [Alignment]"
"ENSSSCT00000029680.4","SLC1A4","2017","2502","Forward","3:76940871-76944607 [Sequence]","Reverse","tr|A0A2R8Y642|A0A2R8Y642_HUMAN","237","405","Forward","169 [Sequence]","176","1.43e-44","46.746 [Alignment]"
"ENSSSCT00000005755.4","SLC1A1","341","1036","Forward","1:217380670-217441334 [Sequence]","Reverse","tr|A0A2R8Y642|A0A2R8Y642_HUMAN","1","236","Forward","236 [Sequence]","161","5.02e-40","46.610 [Alignment]"
"ENSSSCT00000090461.2","SLC1A5","1036","1524","Forward","6:52648078-52651364 [Sequence]","Reverse","tr|A0A2R8Y642|A0A2R8Y642_HUMAN","239","405","Forward","167 [Sequence]","154","5.26e-38","46.108 [Alignment]"
"ENSSSCT00000003444.4","SLC1A5","1718","2206","Forward","6:52648078-52651364 [Sequence]","Reverse","tr|A0A2R8Y642|A0A2R8Y642_HUMAN","239","405","Forward","167 [Sequence]","154","6.35e-38","46.108 [Alignment]"
"ENSSSCT00000018338.3","SLC1A3","1311","1646","Forward","16:21953615-21963400 [Sequence]","Forward","tr|A0A2R8Y642|A0A2R8Y642_HUMAN","236","390","Forward","157 [Sequence]","135","6.19e-32","47.134 [Alignment]"
"ENSSSCT00000063429.3","SLC1A3","305","1027","Forward","16:21875684-21953407 [Sequence]","Forward","tr|A0A2R8Y642|A0A2R8Y642_HUMAN","1","244","Forward","247 [Sequence]","120","2.27e-27","45.749 [Alignment]"
"ENSSSCT00000106508.1","SLC1A3","305","1027","Forward","16:21875684-21953407 [Sequence]","Forward","tr|A0A2R8Y642|A0A2R8Y642_HUMAN","1","244","Forward","247 [Sequence]","120","2.35e-27","45.749 [Alignment]"
"ENSSSCT00000018338.3","SLC1A3","381","1103","Forward","16:21875684-21953407 [Sequence]","Forward","tr|A0A2R8Y642|A0A2R8Y642_HUMAN","1","244","Forward","247 [Sequence]","120","2.58e-27","45.749 [Alignment]"
"ENSSSCT00000051657.2","SLC1A3","305","1027","Forward","16:21875684-21953407 [Sequence]","Forward","tr|A0A2R8Y642|A0A2R8Y642_HUMAN","1","244","Forward","247 [Sequence]","120","2.80e-27","45.749 [Alignment]"
"ENSSSCT00000004264.5","SLC1A7","250","963","Forward","6:159106310-159147681 [Sequence]","Forward","tr|A0A2R8Y642|A0A2R8Y642_HUMAN","1","231","Forward","243 [Sequence]","117","3.24e-26","42.387 [Alignment]"
"ENSSSCT00000061959.1","SLC1A3","414","965","Forward","16:21943075-21953407 [Sequence]","Forward","tr|A0A2R8Y642|A0A2R8Y642_HUMAN","59","244","Forward","189 [Sequence]","116","4.59e-26","44.444 [Alignment]"
"ENSSSCT00000015111.5","SLC1A6","776","1468","Forward","2:62609944-62618070 [Sequence]","Forward","tr|A0A2R8Y642|A0A2R8Y642_HUMAN","29","244","Forward","236 [Sequence]","116","4.71e-26","41.102 [Alignment]"
"ENSSSCT00000072841.1","SLC1A1","341","973","Forward","1:217380670-217441334 [Sequence]","Reverse","tr|A0A2R8Y642|A0A2R8Y642_HUMAN","1","236","Forward","236 [Sequence]","104","3.42e-22","38.559 [Alignment]"
"ENSSSCT00000003444.4","SLC1A5","878","1501","Forward","6:52652607-52660582 [Sequence]","Reverse","tr|A0A2R8Y642|A0A2R8Y642_HUMAN","11","244","Forward","239 [Sequence]","87.4","5.18e-17","37.238 [Alignment]"
"ENSSSCT00000029680.4","SLC1A4","1195","1806","Forward","3:76946218-76965977 [Sequence]","Reverse","tr|A0A2R8Y642|A0A2R8Y642_HUMAN","25","244","Forward","226 [Sequence]","83.6","6.99e-16","35.841 [Alignment]"
"ENSSSCT00000083818.2","SLC1A6","378","764","Forward","2:62610018-62613430 [Sequence]","Forward","tr|A0A2R8Y642|A0A2R8Y642_HUMAN","123","235","Forward","131 [Sequence]","71.5","3.26e-12","34.351 [Alignment]"
"ENSSSCT00000090461.2","SLC1A5","229","819","Forward","6:52652607-52660582 [Sequence]","Reverse","tr|A0A2R8Y642|A0A2R8Y642_HUMAN","11","244","Forward","239 [Sequence]","63.1","1.44e-09","33.473 [Alignment]"
"ENSSSCT00000042489.1","SLC1A3","381","743","Forward","16:21875684-21953383 [Sequence]","Forward","tr|A0A2R8Y642|A0A2R8Y642_HUMAN","1","123","Forward","123 [Sequence]","46.8","1.32e-04","52.033 [Alignment]"
"ENSSSCT00000090917.1","SLC1A7","250","615","Forward","6:159106310-159138369 [Sequence]","Forward","tr|A0A2R8Y642|A0A2R8Y642_HUMAN","1","124","Forward","124 [Sequence]","45.6","1.98e-04","42.742 [Alignment]"
