"Subject name","Gene hit","Subject start","Subject end","Subject ori","Genomic Location","Orientation","Query start","Query end","Length","Score","E-val","%ID"
"ENSTGET00000004373.1","ENSTGEG00000002970","844","1830","Forward","14:30033527-30074271 [Sequence]","Forward","2","330","329 [Sequence]","675","0.0","100.000 [Alignment]"
"ENSTGET00000004372.1","ENSTGEG00000002970","727","1713","Forward","14:30033527-30074271 [Sequence]","Forward","2","330","329 [Sequence]","675","0.0","100.000 [Alignment]"
"ENSTGET00000004370.1","ENSTGEG00000002970","751","1737","Forward","14:30033527-30074271 [Sequence]","Forward","2","330","329 [Sequence]","675","0.0","100.000 [Alignment]"
"ENSTGET00000004360.1","ENSTGEG00000002970","736","1722","Forward","14:30033527-30074271 [Sequence]","Forward","2","330","329 [Sequence]","675","0.0","100.000 [Alignment]"
"ENSTGET00000004353.1","ENSTGEG00000002970","724","1710","Forward","14:30033527-30074271 [Sequence]","Forward","2","330","329 [Sequence]","675","0.0","100.000 [Alignment]"
"ENSTGET00000004367.1","ENSTGEG00000002970","736","1653","Forward","14:30033527-30069918 [Sequence]","Forward","2","307","306 [Sequence]","623","0.0","100.000 [Alignment]"
"ENSTGET00000004369.1","ENSTGEG00000002970","736","1521","Forward","14:30033527-30069921 [Sequence]","Forward","2","308","307 [Sequence]","511","2.93e-170","85.016 [Alignment]"
"ENSTGET00000004364.1","ENSTGEG00000002970","859","1488","Forward","14:30048118-30074271 [Sequence]","Forward","121","330","210 [Sequence]","456","1.55e-149","100.000 [Alignment]"
"ENSTGET00000011342.1","ENSTGEG00000007717","607","1476","Forward","6:36271549-36281041 [Sequence]","Forward","4","290","290 [Sequence]","345","6.30e-107","60.000 [Alignment]"
"ENSTGET00000011325.1","ENSTGEG00000007717","988","1857","Forward","6:36271549-36281041 [Sequence]","Forward","4","290","290 [Sequence]","344","3.72e-103","60.000 [Alignment]"
"ENSTGET00000011941.1","ENSTGEG00000008149","628","1407","Forward","19:14591212-14603748 [Sequence]","Reverse","4","263","260 [Sequence]","331","1.15e-101","60.769 [Alignment]"
"ENSTGET00000011946.1","ENSTGEG00000008149","820","1599","Forward","19:14591212-14603748 [Sequence]","Reverse","4","263","260 [Sequence]","330","2.13e-100","60.769 [Alignment]"
"ENSTGET00000031499.1","ENSTGEG00000021311","640","1434","Forward","15:77249329-77262565 [Sequence]","Reverse","2","267","266 [Sequence]","325","3.71e-99","61.278 [Alignment]"
"ENSTGET00000011343.1","ENSTGEG00000007717","517","1278","Forward","6:36265695-36281041 [Sequence]","Forward","40","290","254 [Sequence]","306","3.04e-93","61.811 [Alignment]"
"ENSTGET00000009325.1","ENSTGEG00000006339","457","1227","Forward","1:81024216-81038232 [Sequence]","Reverse","2","257","257 [Sequence]","296","8.51e-89","58.366 [Alignment]"
"ENSTGET00000014943.1","ENSTGEG00000010141","1107","2090","Forward","13:85656364-85665831 [Sequence]","Forward","4","326","328 [Sequence]","268","6.01e-77","44.207 [Alignment]"
"ENSTGET00000011339.1","ENSTGEG00000007717","745","1479","Forward","6:36271549-36281041 [Sequence]","Forward","4","290","290 [Sequence]","251","1.96e-72","48.966 [Alignment]"
"ENSTGET00000034265.1","ENSTGEG00000023133","712","1623","Forward","19:23939127-23946838 [Sequence]","Reverse","4","302","305 [Sequence]","246","3.11e-70","42.951 [Alignment]"
"ENSTGET00000034266.1","ENSTGEG00000023133","103","1014","Forward","19:23939127-23946838 [Sequence]","Reverse","4","302","305 [Sequence]","245","2.68e-72","42.951 [Alignment]"
"ENSTGET00000011947.1","ENSTGEG00000008149","883","1365","Forward","19:14591212-14603685 [Sequence]","Reverse","103","263","161 [Sequence]","221","1.45e-61","62.733 [Alignment]"
"ENSTGET00000009323.1","ENSTGEG00000006339","1180","1620","Forward","1:81024216-81026135 [Sequence]","Reverse","111","257","147 [Sequence]","202","5.07e-55","63.265 [Alignment]"
"ENSTGET00000014948.1","ENSTGEG00000010141","88","543","Forward","13:85656427-85665600 [Sequence]","Forward","103","254","152 [Sequence]","179","1.23e-49","51.974 [Alignment]"
"ENSTGET00000009323.1","ENSTGEG00000006339","673","1029","Forward","1:81027865-81038232 [Sequence]","Reverse","2","119","119 [Sequence]","97.5","8.30e-21","48.739 [Alignment]"
"ENSTGET00000004364.1","ENSTGEG00000002970","736","891","Forward","14:30033527-30048150 [Sequence]","Forward","2","51","52 [Sequence]","89.1","3.55e-18","82.692 [Alignment]"
"ENSTGET00000011947.1","ENSTGEG00000008149","820","969","Forward","19:14595854-14603748 [Sequence]","Reverse","4","51","50 [Sequence]","41.0","0.002","38.000 [Alignment]"
"ENSTGET00000014948.1","ENSTGEG00000010141","25","153","Forward","13:85656364-85662699 [Sequence]","Forward","4","46","43 [Sequence]","36.4","0.055","39.535 [Alignment]"
