"Subject name","Gene hit","Subject start","Subject end","Subject ori","Genomic Location","Orientation","Query name","Query start","Query end","Query ori","Length","Score","E-val","%ID"
"ENSNLET00000054650.1","SLC1A2","1111","1674","Forward","15:97230679-97267050 [Sequence]","Reverse","tr|A0A2R8Y642|A0A2R8Y642_HUMAN","237","424","Forward","188 [Sequence]","404","4.28e-125","100.000 [Alignment]"
"ENSNLET00000050156.1","SLC1A2","1066","1638","Forward","15:97231445-97267050 [Sequence]","Reverse","tr|A0A2R8Y642|A0A2R8Y642_HUMAN","237","426","Forward","191 [Sequence]","402","4.42e-125","98.429 [Alignment]"
"ENSNLET00000040490.1","SLC1A2","1111","1671","Forward","15:97235270-97267050 [Sequence]","Reverse","tr|A0A2R8Y642|A0A2R8Y642_HUMAN","237","423","Forward","187 [Sequence]","402","1.28e-124","100.000 [Alignment]"
"ENSNLET00000041986.1","SLC1A2","1685","2248","Forward","15:97230679-97267050 [Sequence]","Reverse","tr|A0A2R8Y642|A0A2R8Y642_HUMAN","237","424","Forward","188 [Sequence]","404","1.10e-122","100.000 [Alignment]"
"ENSNLET00000050156.1","SLC1A2","124","858","Forward","15:97272490-97297835 [Sequence]","Reverse","tr|A0A2R8Y642|A0A2R8Y642_HUMAN","1","247","Forward","247 [Sequence]","394","4.73e-122","96.356 [Alignment]"
"ENSNLET00000040490.1","SLC1A2","169","903","Forward","15:97272490-97297835 [Sequence]","Reverse","tr|A0A2R8Y642|A0A2R8Y642_HUMAN","1","247","Forward","247 [Sequence]","394","1.52e-121","96.356 [Alignment]"
"ENSNLET00000054650.1","SLC1A2","169","903","Forward","15:97272490-97297835 [Sequence]","Reverse","tr|A0A2R8Y642|A0A2R8Y642_HUMAN","1","247","Forward","247 [Sequence]","394","1.99e-121","96.356 [Alignment]"
"ENSNLET00000041986.1","SLC1A2","743","1477","Forward","15:97272490-97297835 [Sequence]","Reverse","tr|A0A2R8Y642|A0A2R8Y642_HUMAN","1","247","Forward","247 [Sequence]","394","3.31e-119","96.356 [Alignment]"
"ENSNLET00000035611.1","SLC1A1","10","1239","Forward","1a:5428724-5469758 [Sequence]","Forward","tr|A0A2R8Y642|A0A2R8Y642_HUMAN","11","383","Forward","420 [Sequence]","348","2.74e-106","50.238 [Alignment]"
"ENSNLET00000046933.1","ENSNLEG00000005164","358","1230","Forward","10:59537281-59554496 [Sequence]","Forward","tr|A0A2R8Y642|A0A2R8Y642_HUMAN","59","379","Forward","341 [Sequence]","244","1.72e-68","41.642 [Alignment]"
"ENSNLET00000053869.1","SLC1A4","1","543","Forward","14:33563000-33573400 [Sequence]","Forward","tr|A0A2R8Y642|A0A2R8Y642_HUMAN","190","370","Forward","181 [Sequence]","225","4.34e-65","54.144 [Alignment]"
"ENSNLET00000044558.1","SLC1A3","1078","1599","Forward","6:35215619-35222002 [Sequence]","Forward","tr|A0A2R8Y642|A0A2R8Y642_HUMAN","236","406","Forward","174 [Sequence]","229","1.15e-62","63.218 [Alignment]"
"ENSNLET00000050937.1","SLC1A3","1432","1953","Forward","6:35215619-35222002 [Sequence]","Forward","tr|A0A2R8Y642|A0A2R8Y642_HUMAN","236","406","Forward","174 [Sequence]","229","3.79e-62","63.218 [Alignment]"
"ENSNLET00000035538.1","SLC1A3","1865","2386","Forward","6:35215619-35222002 [Sequence]","Forward","tr|A0A2R8Y642|A0A2R8Y642_HUMAN","236","406","Forward","174 [Sequence]","229","3.96e-62","63.218 [Alignment]"
"ENSNLET00000035523.1","SLC1A3","1395","1916","Forward","6:35215619-35222002 [Sequence]","Forward","tr|A0A2R8Y642|A0A2R8Y642_HUMAN","236","406","Forward","174 [Sequence]","229","6.25e-62","63.218 [Alignment]"
"ENSNLET00000047153.1","SLC1A2","124","573","Forward","15:97286757-97297835 [Sequence]","Reverse","tr|A0A2R8Y642|A0A2R8Y642_HUMAN","1","150","Forward","150 [Sequence]","208","1.04e-59","98.000 [Alignment]"
"ENSNLET00000036200.1","SLC1A3","640","1110","Forward","6:35212755-35222002 [Sequence]","Forward","tr|A0A2R8Y642|A0A2R8Y642_HUMAN","253","406","Forward","157 [Sequence]","199","1.16e-53","62.420 [Alignment]"
"ENSNLET00000022959.2","SLC1A7","889","1410","Forward","9:35932676-35936440 [Sequence]","Reverse","tr|A0A2R8Y642|A0A2R8Y642_HUMAN","189","373","Forward","185 [Sequence]","202","3.23e-53","55.135 [Alignment]"
"ENSNLET00000051853.1","SLC1A7","1393","1803","Forward","9:35932676-35934579 [Sequence]","Reverse","tr|A0A2R8Y642|A0A2R8Y642_HUMAN","237","373","Forward","137 [Sequence]","200","8.11e-53","66.423 [Alignment]"
"ENSNLET00000035489.1","SLC1A4","1018","1419","Forward","14:33570483-33573400 [Sequence]","Forward","tr|A0A2R8Y642|A0A2R8Y642_HUMAN","237","370","Forward","134 [Sequence]","176","3.26e-45","56.716 [Alignment]"
"ENSNLET00000012694.3","SLC1A4","1672","2157","Forward","14:33570483-33573484 [Sequence]","Forward","tr|A0A2R8Y642|A0A2R8Y642_HUMAN","237","405","Forward","169 [Sequence]","176","5.24e-45","47.337 [Alignment]"
"ENSNLET00000039698.1","ENSNLEG00000029695","361","1338","Forward","17:93070370-93082696 [Sequence]","Reverse","tr|A0A2R8Y642|A0A2R8Y642_HUMAN","59","418","Forward","374 [Sequence]","164","1.67e-41","34.492 [Alignment]"
"ENSNLET00000020528.2","SLC1A3","640","1956","Forward","6:35143651-35222002 [Sequence]","Forward","tr|A0A2R8Y642|A0A2R8Y642_HUMAN","1","406","Forward","449 [Sequence]","141","6.99e-34","36.080 [Alignment]"
"ENSNLET00000006570.2","ENSNLEG00000005164","1537","2115","Forward","10:59537281-59543670 [Sequence]","Forward","tr|A0A2R8Y642|A0A2R8Y642_HUMAN","59","236","Forward","198 [Sequence]","118","6.93e-27","38.889 [Alignment]"
"ENSNLET00000051853.1","SLC1A7","253","966","Forward","9:35937247-35982707 [Sequence]","Reverse","tr|A0A2R8Y642|A0A2R8Y642_HUMAN","1","231","Forward","243 [Sequence]","117","1.06e-26","41.975 [Alignment]"
"ENSNLET00000035538.1","SLC1A3","935","1657","Forward","6:35143651-35215411 [Sequence]","Forward","tr|A0A2R8Y642|A0A2R8Y642_HUMAN","1","244","Forward","247 [Sequence]","116","2.69e-26","44.939 [Alignment]"
"ENSNLET00000050937.1","SLC1A3","673","1224","Forward","6:35206771-35215411 [Sequence]","Forward","tr|A0A2R8Y642|A0A2R8Y642_HUMAN","59","244","Forward","189 [Sequence]","112","6.88e-25","43.386 [Alignment]"
"ENSNLET00000044558.1","SLC1A3","163","870","Forward","6:35143651-35215411 [Sequence]","Forward","tr|A0A2R8Y642|A0A2R8Y642_HUMAN","1","244","Forward","246 [Sequence]","84.1","2.80e-16","41.057 [Alignment]"
"ENSNLET00000036200.1","SLC1A3","163","660","Forward","6:35143651-35216214 [Sequence]","Forward","tr|A0A2R8Y642|A0A2R8Y642_HUMAN","1","171","Forward","171 [Sequence]","77.4","2.02e-14","49.708 [Alignment]"
"ENSNLET00000012694.3","SLC1A4","850","1434","Forward","14:33542571-33563137 [Sequence]","Forward","tr|A0A2R8Y642|A0A2R8Y642_HUMAN","25","235","Forward","217 [Sequence]","78.2","2.31e-14","38.249 [Alignment]"
"ENSNLET00000022959.2","SLC1A7","397","750","Forward","9:35937247-35974352 [Sequence]","Reverse","tr|A0A2R8Y642|A0A2R8Y642_HUMAN","123","231","Forward","121 [Sequence]","74.4","2.49e-13","38.017 [Alignment]"
"ENSNLET00000035489.1","SLC1A4","214","780","Forward","14:33542571-33563137 [Sequence]","Forward","tr|A0A2R8Y642|A0A2R8Y642_HUMAN","25","235","Forward","217 [Sequence]","57.7","3.16e-08","34.562 [Alignment]"
"ENSNLET00000047906.1","SLC1A7","253","618","Forward","9:35945754-35982707 [Sequence]","Reverse","tr|A0A2R8Y642|A0A2R8Y642_HUMAN","1","124","Forward","124 [Sequence]","50.6","5.18e-06","43.548 [Alignment]"
"ENSNLET00000035523.1","SLC1A3","801","1163","Forward","6:35143651-35215387 [Sequence]","Forward","tr|A0A2R8Y642|A0A2R8Y642_HUMAN","1","123","Forward","123 [Sequence]","46.0","1.47e-04","52.846 [Alignment]"
