"Subject name","Gene hit","Subject start","Subject end","Subject ori","Genomic Location","Orientation","Query name","Query start","Query end","Query ori","Length","Score","E-val","%ID"
"ENSRNOT00000109994.1","Slc1a2","112","1299","Forward","3:89005240-89106716 [Sequence]","Forward","tr|A0A2R8Y4D1|A0A2R8Y4D1_HUMAN","1","397","Forward","397 [Sequence]","669","0.0","94.962 [Alignment]"
"ENSRNOT00000119905.1","Slc1a2","29","1198","Forward","3:89081499-89106716 [Sequence]","Forward","tr|A0A2R8Y4D1|A0A2R8Y4D1_HUMAN","7","397","Forward","391 [Sequence]","659","0.0","94.885 [Alignment]"
"ENSRNOT00000119447.1","Slc1a2","237","1406","Forward","3:89081499-89106716 [Sequence]","Forward","tr|A0A2R8Y4D1|A0A2R8Y4D1_HUMAN","7","397","Forward","391 [Sequence]","658","0.0","94.885 [Alignment]"
"ENSRNOT00000099140.1","Slc1a2","237","1406","Forward","3:89081499-89106716 [Sequence]","Forward","tr|A0A2R8Y4D1|A0A2R8Y4D1_HUMAN","7","397","Forward","391 [Sequence]","658","0.0","94.885 [Alignment]"
"ENSRNOT00000098273.1","Slc1a2","237","1406","Forward","3:89081499-89106716 [Sequence]","Forward","tr|A0A2R8Y4D1|A0A2R8Y4D1_HUMAN","7","397","Forward","391 [Sequence]","658","0.0","94.885 [Alignment]"
"ENSRNOT00000106964.1","Slc1a2","10","1203","Forward","3:89081037-89106716 [Sequence]","Forward","tr|A0A2R8Y4D1|A0A2R8Y4D1_HUMAN","4","397","Forward","399 [Sequence]","658","0.0","93.734 [Alignment]"
"ENSRNOT00000007604.7","Slc1a2","10","1203","Forward","3:89081037-89106716 [Sequence]","Forward","tr|A0A2R8Y4D1|A0A2R8Y4D1_HUMAN","4","397","Forward","399 [Sequence]","658","0.0","93.734 [Alignment]"
"ENSRNOT00000099702.1","Slc1a1","157","1095","Forward","1:226594451-226623490 [Sequence]","Forward","tr|A0A2R8Y4D1|A0A2R8Y4D1_HUMAN","79","397","Forward","320 [Sequence]","275","5.05e-78","55.625 [Alignment]"
"ENSRNOT00000020272.8","Slc1a1","336","1274","Forward","1:226594451-226623490 [Sequence]","Forward","tr|A0A2R8Y4D1|A0A2R8Y4D1_HUMAN","79","397","Forward","320 [Sequence]","275","5.12e-78","55.625 [Alignment]"
"ENSRNOT00000085599.2","Slc1a3","404","1465","Forward","2:57762440-57828648 [Sequence]","Reverse","tr|A0A2R8Y4D1|A0A2R8Y4D1_HUMAN","41","397","Forward","360 [Sequence]","266","1.08e-74","52.778 [Alignment]"
"ENSRNOT00000022319.7","Slc1a3","394","1455","Forward","2:57762440-57828648 [Sequence]","Reverse","tr|A0A2R8Y4D1|A0A2R8Y4D1_HUMAN","41","397","Forward","360 [Sequence]","266","1.16e-74","52.778 [Alignment]"
"ENSRNOT00000108905.1","Slc1a6","325","1437","Forward","7:10847123-10863442 [Sequence]","Reverse","tr|A0A2R8Y4D1|A0A2R8Y4D1_HUMAN","41","397","Forward","375 [Sequence]","262","1.03e-73","46.933 [Alignment]"
"ENSRNOT00000035821.6","Slc1a3","478","1338","Forward","2:57762440-57771343 [Sequence]","Reverse","tr|A0A2R8Y4D1|A0A2R8Y4D1_HUMAN","109","397","Forward","292 [Sequence]","256","3.21e-71","53.767 [Alignment]"
"ENSRNOT00000107277.1","Slc1a3","212","1072","Forward","2:57762440-57771343 [Sequence]","Reverse","tr|A0A2R8Y4D1|A0A2R8Y4D1_HUMAN","109","397","Forward","292 [Sequence]","256","3.59e-71","53.767 [Alignment]"
"ENSRNOT00000077808.2","Slc1a7","93","1175","Forward","5:122731293-122772036 [Sequence]","Forward","tr|A0A2R8Y4D1|A0A2R8Y4D1_HUMAN","44","397","Forward","366 [Sequence]","234","1.27e-64","47.268 [Alignment]"
"ENSRNOT00000090817.2","Slc1a7","90","1175","Forward","5:122731290-122772036 [Sequence]","Forward","tr|A0A2R8Y4D1|A0A2R8Y4D1_HUMAN","43","397","Forward","367 [Sequence]","234","2.30e-64","47.139 [Alignment]"
"ENSRNOT00000016557.7","Slc1a7","288","1373","Forward","5:122731290-122772036 [Sequence]","Forward","tr|A0A2R8Y4D1|A0A2R8Y4D1_HUMAN","43","397","Forward","367 [Sequence]","234","5.60e-64","47.139 [Alignment]"
"ENSRNOT00000009931.6","Slc1a6","325","1428","Forward","7:10847123-10863442 [Sequence]","Reverse","tr|A0A2R8Y4D1|A0A2R8Y4D1_HUMAN","41","397","Forward","372 [Sequence]","231","3.86e-63","45.161 [Alignment]"
"ENSRNOT00000007002.6","Slc1a4","332","1366","Forward","14:94535631-94560087 [Sequence]","Reverse","tr|A0A2R8Y4D1|A0A2R8Y4D1_HUMAN","36","397","Forward","368 [Sequence]","190","1.91e-49","41.576 [Alignment]"
"ENSRNOT00000072263.3","Slc1a7","258","959","Forward","5:122739863-122772036 [Sequence]","Forward","tr|A0A2R8Y4D1|A0A2R8Y4D1_HUMAN","173","397","Forward","237 [Sequence]","183","1.56e-47","46.835 [Alignment]"
"ENSRNOT00000064332.4","Slc1a5","1087","1746","Forward","1:77457780-77468435 [Sequence]","Forward","tr|A0A2R8Y4D1|A0A2R8Y4D1_HUMAN","165","397","Forward","234 [Sequence]","166","4.97e-42","41.026 [Alignment]"
"ENSRNOT00000111666.1","Slc1a5","1087","1737","Forward","1:77457780-77468435 [Sequence]","Forward","tr|A0A2R8Y4D1|A0A2R8Y4D1_HUMAN","165","397","Forward","233 [Sequence]","164","2.36e-41","41.631 [Alignment]"
"ENSRNOT00000021455.7","Slc1a5","1087","1698","Forward","1:77457780-77468435 [Sequence]","Forward","tr|A0A2R8Y4D1|A0A2R8Y4D1_HUMAN","165","397","Forward","233 [Sequence]","164","2.93e-41","40.773 [Alignment]"
"ENSRNOT00000077790.2","Slc1a3","788","1129","Forward","2:57762440-57771160 [Sequence]","Reverse","tr|A0A2R8Y4D1|A0A2R8Y4D1_HUMAN","284","397","Forward","114 [Sequence]","142","4.31e-34","64.912 [Alignment]"
"ENSRNOT00000077790.2","Slc1a3","404","796","Forward","2:57763304-57828648 [Sequence]","Reverse","tr|A0A2R8Y4D1|A0A2R8Y4D1_HUMAN","41","173","Forward","133 [Sequence]","51.4","4.31e-06","51.880 [Alignment]"
