"Subject name","Gene hit","Subject start","Subject end","Subject ori","Genomic Location","Orientation","Query name","Query start","Query end","Query ori","Length","Score","E-val","%ID"
"ENSGALT00010061200.1","SLC1A2","1571","1789","Forward","5:18565034-18565252 [Sequence]","Reverse","tr|H0YEB1|H0YEB1_HUMAN","1","73","Forward","73 [Sequence]","177","1.76e-51","90.411 [Alignment]"
"ENSGALT00010061203.1","SLC1A2","1652","1870","Forward","5:18565034-18565252 [Sequence]","Reverse","tr|H0YEB1|H0YEB1_HUMAN","1","73","Forward","73 [Sequence]","177","1.77e-51","90.411 [Alignment]"
"ENSGALT00010061205.1","SLC1A2","1895","2113","Forward","5:18565034-18565252 [Sequence]","Reverse","tr|H0YEB1|H0YEB1_HUMAN","1","73","Forward","73 [Sequence]","177","1.77e-51","90.411 [Alignment]"
"ENSGALT00010061185.1","SLC1A2","1940","2158","Forward","5:18565034-18565252 [Sequence]","Reverse","tr|H0YEB1|H0YEB1_HUMAN","1","73","Forward","73 [Sequence]","177","1.77e-51","90.411 [Alignment]"
"ENSGALT00010061209.1","SLC1A2","1730","1948","Forward","5:18565034-18565252 [Sequence]","Reverse","tr|H0YEB1|H0YEB1_HUMAN","1","73","Forward","73 [Sequence]","177","1.80e-51","90.411 [Alignment]"
"ENSGALT00010061182.1","SLC1A2","1634","1861","Forward","5:18565025-18565252 [Sequence]","Reverse","tr|H0YEB1|H0YEB1_HUMAN","1","76","Forward","76 [Sequence]","155","6.21e-44","89.474 [Alignment]"
"ENSGALT00010061191.1","SLC1A2","1505","1732","Forward","5:18562962-18565252 [Sequence]","Reverse","tr|H0YEB1|H0YEB1_HUMAN","1","76","Forward","76 [Sequence]","152","9.74e-43","88.158 [Alignment]"
"ENSGALT00010032770.1","SLC1A3","1350","1475","Forward","Z:11784055-11784180 [Sequence]","Forward","tr|H0YEB1|H0YEB1_HUMAN","1","40","Forward","42 [Sequence]","47.2","3.00e-06","52.381 [Alignment]"
"ENSGALT00010032793.1","SLC1A3","1707","1832","Forward","Z:11784055-11784180 [Sequence]","Forward","tr|H0YEB1|H0YEB1_HUMAN","1","40","Forward","42 [Sequence]","47.2","3.01e-06","52.381 [Alignment]"
"ENSGALT00010066975.1","SLC1A6","1914","1994","Forward","28:1114912-1114992 [Sequence]","Reverse","tr|H0YEB1|H0YEB1_HUMAN","1","27","Forward","27 [Sequence]","46.8","4.66e-06","66.667 [Alignment]"
"ENSGALT00010066980.1","SLC1A6","1810","1890","Forward","28:1114912-1114992 [Sequence]","Reverse","tr|H0YEB1|H0YEB1_HUMAN","1","27","Forward","27 [Sequence]","46.8","4.78e-06","66.667 [Alignment]"
"ENSGALT00010066968.1","SLC1A6","1880","1960","Forward","28:1114912-1114992 [Sequence]","Reverse","tr|H0YEB1|H0YEB1_HUMAN","1","27","Forward","27 [Sequence]","46.8","4.78e-06","66.667 [Alignment]"
"ENSGALT00010028564.1","SLC1A1","1601","1681","Forward","Z:27625714-27625794 [Sequence]","Forward","tr|H0YEB1|H0YEB1_HUMAN","1","27","Forward","27 [Sequence]","43.1","1.01e-04","62.963 [Alignment]"
"ENSGALT00010028562.1","SLC1A1","1655","1735","Forward","Z:27625714-27625794 [Sequence]","Forward","tr|H0YEB1|H0YEB1_HUMAN","1","27","Forward","27 [Sequence]","43.1","1.01e-04","62.963 [Alignment]"
"ENSGALT00010032783.1","SLC1A3","1712","1837","Forward","Z:11784055-11784180 [Sequence]","Forward","tr|H0YEB1|H0YEB1_HUMAN","1","40","Forward","42 [Sequence]","41.0","4.16e-04","52.381 [Alignment]"
"ENSGALT00010066978.1","SLC1A6","1914","2000","Forward","28:1114906-1114992 [Sequence]","Reverse","tr|H0YEB1|H0YEB1_HUMAN","1","29","Forward","29 [Sequence]","40.1","0.001","62.069 [Alignment]"
