"Subject name","Gene hit","Subject start","Subject end","Subject ori","Genomic Location","Orientation","Query name","Query start","Query end","Query ori","Length","Score","E-val","%ID"
"ENSGALT00010061200.1","SLC1A2","143","1861","Forward","5:18561952-18636086 [Sequence]","Reverse","sp|P43004|EAA2_HUMAN","3","574","Forward","573 [Sequence]","933","0.0","88.133 [Alignment]"
"ENSGALT00010061203.1","SLC1A2","227","1942","Forward","5:18561952-18637406 [Sequence]","Reverse","sp|P43004|EAA2_HUMAN","4","574","Forward","572 [Sequence]","931","0.0","87.937 [Alignment]"
"ENSGALT00010061209.1","SLC1A2","299","2020","Forward","5:18561952-18634534 [Sequence]","Reverse","sp|P43004|EAA2_HUMAN","2","574","Forward","574 [Sequence]","931","0.0","87.805 [Alignment]"
"ENSGALT00010061205.1","SLC1A2","464","2185","Forward","5:18561952-18634593 [Sequence]","Reverse","sp|P43004|EAA2_HUMAN","2","574","Forward","574 [Sequence]","931","0.0","87.805 [Alignment]"
"ENSGALT00010061185.1","SLC1A2","509","2230","Forward","5:18561952-18634593 [Sequence]","Reverse","sp|P43004|EAA2_HUMAN","2","574","Forward","574 [Sequence]","926","0.0","87.805 [Alignment]"
"ENSGALT00010061191.1","SLC1A2","71","1738","Forward","5:18562956-18636322 [Sequence]","Reverse","sp|P43004|EAA2_HUMAN","1","556","Forward","556 [Sequence]","904","0.0","88.309 [Alignment]"
"ENSGALT00010061182.1","SLC1A2","200","1855","Forward","5:18565031-18636322 [Sequence]","Reverse","sp|P43004|EAA2_HUMAN","1","552","Forward","552 [Sequence]","904","0.0","88.949 [Alignment]"
"ENSGALT00010066978.1","SLC1A6","567","2000","Forward","28:1114906-1125096 [Sequence]","Reverse","sp|P43004|EAA2_HUMAN","43","507","Forward","484 [Sequence]","429","8.57e-130","51.653 [Alignment]"
"ENSGALT00010066975.1","SLC1A6","567","2000","Forward","28:1114906-1125096 [Sequence]","Reverse","sp|P43004|EAA2_HUMAN","43","507","Forward","484 [Sequence]","429","1.34e-128","51.653 [Alignment]"
"ENSGALT00010032793.1","SLC1A3","399","1865","Forward","Z:11724245-11784213 [Sequence]","Forward","sp|P43004|EAA2_HUMAN","41","532","Forward","500 [Sequence]","435","1.65e-128","54.800 [Alignment]"
"ENSGALT00010028564.1","SLC1A1","212","1699","Forward","Z:27568243-27625812 [Sequence]","Forward","sp|P43004|EAA2_HUMAN","14","511","Forward","504 [Sequence]","435","1.96e-128","53.373 [Alignment]"
"ENSGALT00010028562.1","SLC1A1","293","1753","Forward","Z:27568324-27625812 [Sequence]","Forward","sp|P43004|EAA2_HUMAN","41","511","Forward","493 [Sequence]","431","3.96e-127","54.158 [Alignment]"
"ENSGALT00010066980.1","SLC1A6","463","1896","Forward","28:1114906-1125096 [Sequence]","Reverse","sp|P43004|EAA2_HUMAN","43","507","Forward","484 [Sequence]","429","1.69e-126","51.653 [Alignment]"
"ENSGALT00010066968.1","SLC1A6","533","1966","Forward","28:1114906-1125096 [Sequence]","Reverse","sp|P43004|EAA2_HUMAN","43","507","Forward","484 [Sequence]","429","1.89e-126","51.653 [Alignment]"
"ENSGALT00010032770.1","SLC1A3","141","1508","Forward","Z:11743395-11784213 [Sequence]","Forward","sp|P43004|EAA2_HUMAN","75","532","Forward","466 [Sequence]","424","8.67e-125","56.438 [Alignment]"
"ENSGALT00010032783.1","SLC1A3","339","1634","Forward","Z:11724245-11783507 [Sequence]","Forward","sp|P43004|EAA2_HUMAN","41","474","Forward","440 [Sequence]","386","1.33e-114","55.909 [Alignment]"
"ENSGALT00010032783.1","SLC1A3","1700","1837","Forward","Z:11784043-11784180 [Sequence]","Forward","sp|P43004|EAA2_HUMAN","475","518","Forward","46 [Sequence]","49.8","1.33e-114","54.348 [Alignment]"
"ENSGALT00010061196.1","SLC1A7","116","1531","Forward","8:24277920-24318326 [Sequence]","Reverse","sp|P43004|EAA2_HUMAN","36","501","Forward","474 [Sequence]","377","2.78e-109","48.312 [Alignment]"
"ENSGALT00010068031.1","ENSGALG00010028077","209","1723","Forward","28:1327782-1333498 [Sequence]","Forward","sp|P43004|EAA2_HUMAN","17","515","Forward","514 [Sequence]","373","6.37e-109","47.276 [Alignment]"
"ENSGALT00010046550.1","SLC1A4","194","1657","Forward","3:10107537-10130465 [Sequence]","Forward","sp|P43004|EAA2_HUMAN","41","544","Forward","511 [Sequence]","322","1.88e-90","41.487 [Alignment]"
"ENSGALT00010061191.1","SLC1A2","1755","1826","Forward","5:18561955-18562939 [Sequence]","Reverse","sp|P43004|EAA2_HUMAN","551","573","Forward","24 [Sequence]","41.8","0.006","83.333 [Alignment]"
