"Subject name","Gene hit","Subject start","Subject end","Subject ori","Genomic Location","Orientation","Query name","Query start","Query end","Query ori","Length","Score","E-val","%ID"
"ENSPPAT00000037481.1","SLC1A2","151","1548","Forward","11:35108039-35164657 [Sequence]","Reverse","tr|A0A2R8Y642|A0A2R8Y642_HUMAN","1","424","Forward","466 [Sequence]","771","0.0","90.558 [Alignment]"
"ENSPPAT00000037484.1","SLC1A2","1093","1656","Forward","11:35108039-35133990 [Sequence]","Reverse","tr|A0A2R8Y642|A0A2R8Y642_HUMAN","237","424","Forward","188 [Sequence]","404","5.16e-125","100.000 [Alignment]"
"ENSPPAT00000037493.1","SLC1A2","1093","1656","Forward","11:35108039-35133990 [Sequence]","Reverse","tr|A0A2R8Y642|A0A2R8Y642_HUMAN","237","424","Forward","188 [Sequence]","404","5.34e-125","100.000 [Alignment]"
"ENSPPAT00000037500.1","SLC1A2","1066","1638","Forward","11:35108805-35133990 [Sequence]","Reverse","tr|A0A2R8Y642|A0A2R8Y642_HUMAN","237","426","Forward","191 [Sequence]","402","6.00e-125","98.429 [Alignment]"
"ENSPPAT00000037503.1","SLC1A2","1093","1653","Forward","11:35112597-35133990 [Sequence]","Reverse","tr|A0A2R8Y642|A0A2R8Y642_HUMAN","237","423","Forward","187 [Sequence]","402","1.16e-124","100.000 [Alignment]"
"ENSPPAT00000037489.1","SLC1A2","1190","1753","Forward","11:35108039-35133990 [Sequence]","Reverse","tr|A0A2R8Y642|A0A2R8Y642_HUMAN","237","424","Forward","188 [Sequence]","403","2.06e-124","100.000 [Alignment]"
"ENSPPAT00000037500.1","SLC1A2","124","858","Forward","11:35139348-35164657 [Sequence]","Reverse","tr|A0A2R8Y642|A0A2R8Y642_HUMAN","1","247","Forward","247 [Sequence]","394","1.35e-121","95.951 [Alignment]"
"ENSPPAT00000037503.1","SLC1A2","151","885","Forward","11:35139348-35164657 [Sequence]","Reverse","tr|A0A2R8Y642|A0A2R8Y642_HUMAN","1","247","Forward","247 [Sequence]","393","2.41e-121","95.951 [Alignment]"
"ENSPPAT00000037493.1","SLC1A2","151","885","Forward","11:35139348-35164657 [Sequence]","Reverse","tr|A0A2R8Y642|A0A2R8Y642_HUMAN","1","247","Forward","247 [Sequence]","393","4.02e-121","95.951 [Alignment]"
"ENSPPAT00000037484.1","SLC1A2","151","885","Forward","11:35139348-35164657 [Sequence]","Reverse","tr|A0A2R8Y642|A0A2R8Y642_HUMAN","1","247","Forward","247 [Sequence]","393","4.50e-121","95.951 [Alignment]"
"ENSPPAT00000037489.1","SLC1A2","248","982","Forward","11:35139348-35164657 [Sequence]","Reverse","tr|A0A2R8Y642|A0A2R8Y642_HUMAN","1","247","Forward","247 [Sequence]","393","1.06e-120","95.951 [Alignment]"
"ENSPPAT00000063344.1","SLC1A6","358","1365","Forward","19:15470479-15488580 [Sequence]","Reverse","tr|A0A2R8Y642|A0A2R8Y642_HUMAN","59","379","Forward","341 [Sequence]","336","3.02e-101","51.613 [Alignment]"
"ENSPPAT00000059500.1","SLC1A4","1","543","Forward","2A:66199109-66209453 [Sequence]","Forward","tr|A0A2R8Y642|A0A2R8Y642_HUMAN","190","370","Forward","181 [Sequence]","222","4.36e-64","53.591 [Alignment]"
"ENSPPAT00000042279.1","SLC1A3","757","1278","Forward","5:78962874-78969266 [Sequence]","Reverse","tr|A0A2R8Y642|A0A2R8Y642_HUMAN","236","406","Forward","174 [Sequence]","228","3.39e-63","63.218 [Alignment]"
"ENSPPAT00000042277.1","SLC1A3","955","1476","Forward","5:78962874-78969266 [Sequence]","Reverse","tr|A0A2R8Y642|A0A2R8Y642_HUMAN","236","406","Forward","174 [Sequence]","229","8.02e-63","63.218 [Alignment]"
"ENSPPAT00000042271.1","SLC1A3","1078","1599","Forward","5:78962874-78969266 [Sequence]","Reverse","tr|A0A2R8Y642|A0A2R8Y642_HUMAN","236","406","Forward","174 [Sequence]","229","1.36e-62","63.218 [Alignment]"
"ENSPPAT00000042227.1","SLC1A3","1568","2089","Forward","5:78962874-78969266 [Sequence]","Reverse","tr|A0A2R8Y642|A0A2R8Y642_HUMAN","236","406","Forward","174 [Sequence]","229","5.46e-62","63.218 [Alignment]"
"ENSPPAT00000037513.1","SLC1A2","124","573","Forward","11:35153012-35164657 [Sequence]","Reverse","tr|A0A2R8Y642|A0A2R8Y642_HUMAN","1","150","Forward","150 [Sequence]","207","2.43e-59","97.333 [Alignment]"
"ENSPPAT00000063338.1","SLC1A6","772","1410","Forward","19:15470479-15476761 [Sequence]","Reverse","tr|A0A2R8Y642|A0A2R8Y642_HUMAN","178","379","Forward","218 [Sequence]","217","1.08e-58","52.752 [Alignment]"
"ENSPPAT00000063342.1","SLC1A6","1129","1560","Forward","19:15470479-15476554 [Sequence]","Reverse","tr|A0A2R8Y642|A0A2R8Y642_HUMAN","236","379","Forward","144 [Sequence]","217","1.69e-58","67.361 [Alignment]"
"ENSPPAT00000063329.1","SLC1A6","769","1407","Forward","19:15470479-15476761 [Sequence]","Reverse","tr|A0A2R8Y642|A0A2R8Y642_HUMAN","178","379","Forward","218 [Sequence]","216","1.96e-58","52.752 [Alignment]"
"ENSPPAT00000063309.1","SLC1A6","2228","2659","Forward","19:15470479-15476554 [Sequence]","Reverse","tr|A0A2R8Y642|A0A2R8Y642_HUMAN","236","379","Forward","144 [Sequence]","217","3.30e-58","67.361 [Alignment]"
"ENSPPAT00000031149.1","SLC1A1","1100","1540","Forward","9:4597448-4606291 [Sequence]","Forward","tr|A0A2R8Y642|A0A2R8Y642_HUMAN","237","383","Forward","147 [Sequence]","215","1.42e-57","67.347 [Alignment]"
"ENSPPAT00000042289.1","SLC1A3","640","1110","Forward","5:78962874-78972134 [Sequence]","Reverse","tr|A0A2R8Y642|A0A2R8Y642_HUMAN","253","406","Forward","157 [Sequence]","199","1.63e-53","62.420 [Alignment]"
"ENSPPAT00000050232.1","SLC1A7","1393","1803","Forward","1:53962116-53964019 [Sequence]","Reverse","tr|A0A2R8Y642|A0A2R8Y642_HUMAN","237","373","Forward","137 [Sequence]","201","6.42e-53","66.423 [Alignment]"
"ENSPPAT00000059498.1","SLC1A4","1009","1494","Forward","2A:66206540-66209537 [Sequence]","Forward","tr|A0A2R8Y642|A0A2R8Y642_HUMAN","237","405","Forward","169 [Sequence]","174","1.15e-44","46.746 [Alignment]"
"ENSPPAT00000031149.1","SLC1A1","173","892","Forward","9:4511663-4594810 [Sequence]","Forward","tr|A0A2R8Y642|A0A2R8Y642_HUMAN","1","244","Forward","246 [Sequence]","162","2.08e-40","47.154 [Alignment]"
"ENSPPAT00000058367.1","SLC1A5","454","1017","Forward","19:52294658-52296932 [Sequence]","Reverse","tr|A0A2R8Y642|A0A2R8Y642_HUMAN","237","418","Forward","188 [Sequence]","151","8.44e-38","42.021 [Alignment]"
"ENSPPAT00000058365.1","SLC1A5","1021","1578","Forward","19:52294658-52296926 [Sequence]","Reverse","tr|A0A2R8Y642|A0A2R8Y642_HUMAN","239","418","Forward","186 [Sequence]","151","3.53e-37","42.473 [Alignment]"
"ENSPPAT00000042273.1","SLC1A3","1093","1479","Forward","5:78962874-78969266 [Sequence]","Reverse","tr|A0A2R8Y642|A0A2R8Y642_HUMAN","236","406","Forward","174 [Sequence]","136","1.71e-32","44.828 [Alignment]"
"ENSPPAT00000063309.1","SLC1A6","1418","2020","Forward","19:15476762-15488580 [Sequence]","Reverse","tr|A0A2R8Y642|A0A2R8Y642_HUMAN","59","244","Forward","206 [Sequence]","118","6.82e-27","37.864 [Alignment]"
"ENSPPAT00000042273.1","SLC1A3","163","885","Forward","5:78969474-79040465 [Sequence]","Reverse","tr|A0A2R8Y642|A0A2R8Y642_HUMAN","1","244","Forward","247 [Sequence]","117","1.39e-26","44.939 [Alignment]"
"ENSPPAT00000050232.1","SLC1A7","253","966","Forward","1:53966684-54015144 [Sequence]","Reverse","tr|A0A2R8Y642|A0A2R8Y642_HUMAN","1","231","Forward","243 [Sequence]","117","1.66e-26","41.975 [Alignment]"
"ENSPPAT00000042227.1","SLC1A3","638","1360","Forward","5:78969474-79040465 [Sequence]","Reverse","tr|A0A2R8Y642|A0A2R8Y642_HUMAN","1","244","Forward","247 [Sequence]","117","2.04e-26","44.939 [Alignment]"
"ENSPPAT00000042277.1","SLC1A3","196","747","Forward","5:78969474-78978054 [Sequence]","Reverse","tr|A0A2R8Y642|A0A2R8Y642_HUMAN","59","244","Forward","189 [Sequence]","112","2.91e-25","43.386 [Alignment]"
"ENSPPAT00000063342.1","SLC1A6","358","921","Forward","19:15476762-15488580 [Sequence]","Reverse","tr|A0A2R8Y642|A0A2R8Y642_HUMAN","59","244","Forward","193 [Sequence]","90.8","2.73e-18","34.197 [Alignment]"
"ENSPPAT00000042271.1","SLC1A3","163","870","Forward","5:78969474-79040465 [Sequence]","Reverse","tr|A0A2R8Y642|A0A2R8Y642_HUMAN","1","244","Forward","246 [Sequence]","84.1","3.27e-16","41.057 [Alignment]"
"ENSPPAT00000042289.1","SLC1A3","163","660","Forward","5:78968661-79040465 [Sequence]","Reverse","tr|A0A2R8Y642|A0A2R8Y642_HUMAN","1","171","Forward","171 [Sequence]","78.2","1.41e-14","49.708 [Alignment]"
"ENSPPAT00000050238.1","SLC1A7","70","474","Forward","1:53978270-54015144 [Sequence]","Reverse","tr|A0A2R8Y642|A0A2R8Y642_HUMAN","1","137","Forward","137 [Sequence]","72.4","1.89e-13","48.175 [Alignment]"
"ENSPPAT00000063329.1","SLC1A6","355","768","Forward","19:15476762-15491845 [Sequence]","Reverse","tr|A0A2R8Y642|A0A2R8Y642_HUMAN","123","244","Forward","140 [Sequence]","71.9","1.39e-12","32.857 [Alignment]"
"ENSPPAT00000058365.1","SLC1A5","346","804","Forward","19:52298427-52307171 [Sequence]","Reverse","tr|A0A2R8Y642|A0A2R8Y642_HUMAN","59","244","Forward","191 [Sequence]","59.4","1.19e-08","30.890 [Alignment]"
"ENSPPAT00000059498.1","SLC1A4","205","771","Forward","2A:66178335-66199246 [Sequence]","Forward","tr|A0A2R8Y642|A0A2R8Y642_HUMAN","25","235","Forward","217 [Sequence]","57.3","5.44e-08","34.562 [Alignment]"
"ENSPPAT00000058367.1","SLC1A5","40","243","Forward","19:52298427-52303650 [Sequence]","Reverse","tr|A0A2R8Y642|A0A2R8Y642_HUMAN","176","244","Forward","69 [Sequence]","55.2","2.10e-07","40.580 [Alignment]"
"ENSPPAT00000063338.1","SLC1A6","484","747","Forward","19:15476786-15482360 [Sequence]","Reverse","tr|A0A2R8Y642|A0A2R8Y642_HUMAN","149","236","Forward","90 [Sequence]","51.9","2.01e-06","34.444 [Alignment]"
"ENSPPAT00000050240.1","SLC1A7","253","618","Forward","1:53981172-54015144 [Sequence]","Reverse","tr|A0A2R8Y642|A0A2R8Y642_HUMAN","1","124","Forward","124 [Sequence]","49.3","1.17e-05","43.548 [Alignment]"
"ENSPPAT00000042279.1","SLC1A3","163","525","Forward","5:78969498-79040465 [Sequence]","Reverse","tr|A0A2R8Y642|A0A2R8Y642_HUMAN","1","123","Forward","123 [Sequence]","46.8","6.73e-05","52.846 [Alignment]"
