"Subject name","Gene hit","Subject start","Subject end","Subject ori","Genomic Location","Orientation","Query name","Query start","Query end","Query ori","Length","Score","E-val","%ID"
"ENSNLET00000054650.1","SLC1A2","754","1740","Forward","15:97230613-97281667 [Sequence]","Reverse","tr|A0A2R8Y4N0|A0A2R8Y4N0_HUMAN","2","330","Forward","329 [Sequence]","675","0.0","100.000 [Alignment]"
"ENSNLET00000041986.1","SLC1A2","1328","2314","Forward","15:97230613-97281667 [Sequence]","Reverse","tr|A0A2R8Y4N0|A0A2R8Y4N0_HUMAN","2","330","Forward","329 [Sequence]","675","0.0","100.000 [Alignment]"
"ENSNLET00000040490.1","SLC1A2","754","1671","Forward","15:97235270-97281667 [Sequence]","Reverse","tr|A0A2R8Y4N0|A0A2R8Y4N0_HUMAN","2","307","Forward","306 [Sequence]","623","0.0","100.000 [Alignment]"
"ENSNLET00000050156.1","SLC1A2","709","1626","Forward","15:97235270-97281667 [Sequence]","Reverse","tr|A0A2R8Y4N0|A0A2R8Y4N0_HUMAN","2","307","Forward","306 [Sequence]","623","0.0","100.000 [Alignment]"
"ENSNLET00000044558.1","SLC1A3","730","1599","Forward","6:35212860-35222002 [Sequence]","Forward","tr|A0A2R8Y4N0|A0A2R8Y4N0_HUMAN","4","290","Forward","290 [Sequence]","345","3.54e-106","60.000 [Alignment]"
"ENSNLET00000050937.1","SLC1A3","1084","1953","Forward","6:35212860-35222002 [Sequence]","Forward","tr|A0A2R8Y4N0|A0A2R8Y4N0_HUMAN","4","290","Forward","290 [Sequence]","346","1.22e-103","60.000 [Alignment]"
"ENSNLET00000035538.1","SLC1A3","1517","2386","Forward","6:35212860-35222002 [Sequence]","Forward","tr|A0A2R8Y4N0|A0A2R8Y4N0_HUMAN","4","290","Forward","290 [Sequence]","345","3.31e-103","60.000 [Alignment]"
"ENSNLET00000035523.1","SLC1A3","1155","1916","Forward","6:35206954-35222002 [Sequence]","Forward","tr|A0A2R8Y4N0|A0A2R8Y4N0_HUMAN","40","290","Forward","254 [Sequence]","306","5.64e-90","61.811 [Alignment]"
"ENSNLET00000022959.2","SLC1A7","640","1410","Forward","9:35932676-35941074 [Sequence]","Reverse","tr|A0A2R8Y4N0|A0A2R8Y4N0_HUMAN","2","257","Forward","257 [Sequence]","298","2.80e-87","58.755 [Alignment]"
"ENSNLET00000035611.1","SLC1A1","553","1239","Forward","1a:5456496-5469758 [Sequence]","Forward","tr|A0A2R8Y4N0|A0A2R8Y4N0_HUMAN","2","267","Forward","266 [Sequence]","281","9.57e-84","52.632 [Alignment]"
"ENSNLET00000035489.1","SLC1A4","667","1503","Forward","14:33563024-33573484 [Sequence]","Forward","tr|A0A2R8Y4N0|A0A2R8Y4N0_HUMAN","4","289","Forward","286 [Sequence]","265","8.44e-77","47.902 [Alignment]"
"ENSNLET00000012694.3","SLC1A4","1321","2073","Forward","14:33563024-33573400 [Sequence]","Forward","tr|A0A2R8Y4N0|A0A2R8Y4N0_HUMAN","4","254","Forward","251 [Sequence]","266","3.41e-76","52.988 [Alignment]"
"ENSNLET00000020528.2","SLC1A3","1222","1956","Forward","6:35212860-35222002 [Sequence]","Forward","tr|A0A2R8Y4N0|A0A2R8Y4N0_HUMAN","4","290","Forward","290 [Sequence]","253","1.29e-71","48.966 [Alignment]"
"ENSNLET00000036200.1","SLC1A3","532","1110","Forward","6:35209861-35222002 [Sequence]","Forward","tr|A0A2R8Y4N0|A0A2R8Y4N0_HUMAN","103","290","Forward","193 [Sequence]","201","2.33e-55","53.886 [Alignment]"
"ENSNLET00000051853.1","SLC1A7","1363","1803","Forward","9:35932676-35934609 [Sequence]","Reverse","tr|A0A2R8Y4N0|A0A2R8Y4N0_HUMAN","111","257","Forward","147 [Sequence]","202","9.25e-55","63.265 [Alignment]"
"ENSNLET00000053869.1","SLC1A4","88","543","Forward","14:33563087-33573400 [Sequence]","Forward","tr|A0A2R8Y4N0|A0A2R8Y4N0_HUMAN","103","254","Forward","152 [Sequence]","179","1.39e-49","51.974 [Alignment]"
"ENSNLET00000046933.1","ENSNLEG00000005164","883","1230","Forward","10:59543617-59554496 [Sequence]","Forward","tr|A0A2R8Y4N0|A0A2R8Y4N0_HUMAN","103","263","Forward","161 [Sequence]","128","8.82e-31","42.236 [Alignment]"
"ENSNLET00000051853.1","SLC1A7","856","1212","Forward","9:35936333-35941074 [Sequence]","Reverse","tr|A0A2R8Y4N0|A0A2R8Y4N0_HUMAN","2","119","Forward","119 [Sequence]","99.1","3.67e-21","49.580 [Alignment]"
"ENSNLET00000039698.1","ENSNLEG00000029695","892","1338","Forward","17:93070370-93073129 [Sequence]","Reverse","tr|A0A2R8Y4N0|A0A2R8Y4N0_HUMAN","160","302","Forward","149 [Sequence]","97.9","6.65e-21","38.255 [Alignment]"
"ENSNLET00000039698.1","ENSNLEG00000029695","712","831","Forward","17:93073190-93077755 [Sequence]","Reverse","tr|A0A2R8Y4N0|A0A2R8Y4N0_HUMAN","4","43","Forward","40 [Sequence]","48.9","1.06e-05","50.000 [Alignment]"
"ENSNLET00000006570.2","ENSNLEG00000005164","1999","2115","Forward","10:59543554-59543670 [Sequence]","Forward","tr|A0A2R8Y4N0|A0A2R8Y4N0_HUMAN","4","42","Forward","39 [Sequence]","43.1","8.00e-04","43.590 [Alignment]"
"ENSNLET00000046933.1","ENSNLEG00000005164","820","969","Forward","10:59543554-59550798 [Sequence]","Forward","tr|A0A2R8Y4N0|A0A2R8Y4N0_HUMAN","4","51","Forward","50 [Sequence]","41.0","0.003","38.000 [Alignment]"
"ENSNLET00000053869.1","SLC1A4","25","153","Forward","14:33563024-33570494 [Sequence]","Forward","tr|A0A2R8Y4N0|A0A2R8Y4N0_HUMAN","4","46","Forward","43 [Sequence]","36.4","0.067","39.535 [Alignment]"
