"Subject name","Gene hit","Subject start","Subject end","Subject ori","Genomic Location","Orientation","Query name","Query start","Query end","Query ori","Length","Score","E-val","%ID"
"ENSMMUT00000109509.1","SLC1A2","590","2311","Forward","14:30048416-30210119 [Sequence]","Forward","sp|P43004|EAA2_HUMAN","1","574","Forward","574 [Sequence]","1094","0.0","99.826 [Alignment]"
"ENSMMUT00000090431.1","SLC1A2","142","1848","Forward","14:30047475-30210119 [Sequence]","Forward","sp|P43004|EAA2_HUMAN","6","574","Forward","569 [Sequence]","1080","0.0","99.824 [Alignment]"
"ENSMMUT00000096837.1","SLC1A2","53","1768","Forward","14:30152058-30210119 [Sequence]","Forward","sp|P43004|EAA2_HUMAN","3","574","Forward","572 [Sequence]","1079","0.0","99.301 [Alignment]"
"ENSMMUT00000094689.1","SLC1A2","10","1713","Forward","14:30153027-30210119 [Sequence]","Forward","sp|P43004|EAA2_HUMAN","7","574","Forward","568 [Sequence]","1077","0.0","99.824 [Alignment]"
"ENSMMUT00000006147.4","SLC1A2","31","1734","Forward","14:30153027-30210119 [Sequence]","Forward","sp|P43004|EAA2_HUMAN","7","574","Forward","568 [Sequence]","1076","0.0","99.824 [Alignment]"
"ENSMMUT00000044087.3","SLC1A2","587","2419","Forward","14:30048416-30210119 [Sequence]","Forward","sp|P43004|EAA2_HUMAN","1","574","Forward","611 [Sequence]","1073","0.0","93.781 [Alignment]"
"ENSMMUT00000084836.1","SLC1A2","446","1336","Forward","14:30048416-30183669 [Sequence]","Forward","sp|P43004|EAA2_HUMAN","1","295","Forward","297 [Sequence]","507","1.15e-158","96.633 [Alignment]"
"ENSMMUT00000084836.1","SLC1A2","1304","1933","Forward","14:30183637-30210119 [Sequence]","Forward","sp|P43004|EAA2_HUMAN","365","574","Forward","210 [Sequence]","456","1.01e-139","100.000 [Alignment]"
"ENSMMUT00000096585.1","SLC1A1","215","1612","Forward","15:79240128-79329590 [Sequence]","Reverse","sp|P43004|EAA2_HUMAN","41","511","Forward","477 [Sequence]","445","7.29e-132","55.556 [Alignment]"
"ENSMMUT00000008674.3","SLC1A3","358","1785","Forward","6:36423238-36505532 [Sequence]","Forward","sp|P43004|EAA2_HUMAN","41","529","Forward","492 [Sequence]","425","7.50e-128","54.472 [Alignment]"
"ENSMMUT00000041841.3","SLC1A3","344","1825","Forward","6:36423238-36503428 [Sequence]","Forward","sp|P43004|EAA2_HUMAN","41","534","Forward","500 [Sequence]","430","9.51e-127","54.600 [Alignment]"
"ENSMMUT00000072923.2","SLC1A3","228","1709","Forward","6:36423238-36503428 [Sequence]","Forward","sp|P43004|EAA2_HUMAN","41","534","Forward","500 [Sequence]","430","1.20e-126","54.600 [Alignment]"
"ENSMMUT00000002449.4","SLC1A6","309","1751","Forward","19:14538969-14562587 [Sequence]","Reverse","sp|P43004|EAA2_HUMAN","41","507","Forward","485 [Sequence]","416","2.59e-125","51.134 [Alignment]"
"ENSMMUT00000102306.1","SLC1A6","369","1811","Forward","19:14538969-14562587 [Sequence]","Reverse","sp|P43004|EAA2_HUMAN","41","507","Forward","485 [Sequence]","416","4.84e-125","51.134 [Alignment]"
"ENSMMUT00000101610.1","SLC1A6","429","1871","Forward","19:14538969-14562587 [Sequence]","Reverse","sp|P43004|EAA2_HUMAN","41","507","Forward","485 [Sequence]","416","9.02e-125","51.134 [Alignment]"
"ENSMMUT00000093010.1","SLC1A6","455","1897","Forward","19:14538969-14562587 [Sequence]","Reverse","sp|P43004|EAA2_HUMAN","41","507","Forward","485 [Sequence]","416","1.13e-124","51.134 [Alignment]"
"ENSMMUT00000110288.1","SLC1A6","590","2032","Forward","19:14538969-14562587 [Sequence]","Reverse","sp|P43004|EAA2_HUMAN","41","507","Forward","485 [Sequence]","416","3.80e-124","51.134 [Alignment]"
"ENSMMUT00000056448.2","SLC1A6","325","1767","Forward","19:14538969-14562587 [Sequence]","Reverse","sp|P43004|EAA2_HUMAN","41","507","Forward","485 [Sequence]","416","2.87e-122","51.134 [Alignment]"
"ENSMMUT00000000192.4","SLC1A1","7","1299","Forward","15:79240128-79329626 [Sequence]","Reverse","sp|P43004|EAA2_HUMAN","29","511","Forward","484 [Sequence]","377","4.55e-114","50.207 [Alignment]"
"ENSMMUT00000000191.4","SLC1A1","43","1305","Forward","15:79240128-79329590 [Sequence]","Reverse","sp|P43004|EAA2_HUMAN","41","511","Forward","477 [Sequence]","353","3.90e-105","49.057 [Alignment]"
"ENSMMUT00000091204.1","SLC1A3","228","1574","Forward","6:36423238-36503428 [Sequence]","Forward","sp|P43004|EAA2_HUMAN","41","534","Forward","500 [Sequence]","337","1.31e-95","48.200 [Alignment]"
"ENSMMUT00000060644.2","SLC1A4","100","1437","Forward","13:43745495-43777812 [Sequence]","Reverse","sp|P43004|EAA2_HUMAN","36","498","Forward","469 [Sequence]","309","1.94e-86","45.842 [Alignment]"
"ENSMMUT00000014365.3","SLC1A4","100","1419","Forward","13:43745495-43777812 [Sequence]","Reverse","sp|P43004|EAA2_HUMAN","36","498","Forward","469 [Sequence]","289","1.30e-81","44.136 [Alignment]"
"ENSMMUT00000082720.1","SLC1A5","1167","2249","Forward","19:46787565-46801559 [Sequence]","Reverse","sp|P43004|EAA2_HUMAN","165","546","Forward","388 [Sequence]","286","4.44e-79","41.495 [Alignment]"
"ENSMMUT00000071380.2","SLC1A5","1091","2173","Forward","19:46787565-46801559 [Sequence]","Reverse","sp|P43004|EAA2_HUMAN","165","546","Forward","388 [Sequence]","286","5.20e-79","41.495 [Alignment]"
"ENSMMUT00000080064.1","SLC1A6","1157","1639","Forward","19:14538969-14551551 [Sequence]","Reverse","sp|P43004|EAA2_HUMAN","347","507","Forward","161 [Sequence]","220","3.40e-58","62.733 [Alignment]"
"ENSMMUT00000010641.4","SLC1A7","1180","1620","Forward","1:171321574-171323493 [Sequence]","Forward","sp|P43004|EAA2_HUMAN","355","501","Forward","147 [Sequence]","203","7.08e-53","63.265 [Alignment]"
"ENSMMUT00000031172.4","SLC1A5","616","1545","Forward","19:46787565-46798159 [Sequence]","Reverse","sp|P43004|EAA2_HUMAN","226","546","Forward","328 [Sequence]","199","9.93e-52","37.500 [Alignment]"
"ENSMMUT00000010641.4","SLC1A7","34","1029","Forward","1:171270108-171319772 [Sequence]","Forward","sp|P43004|EAA2_HUMAN","39","363","Forward","337 [Sequence]","184","5.24e-47","43.027 [Alignment]"
"ENSMMUT00000080064.1","SLC1A6","431","1243","Forward","19:14543769-14562587 [Sequence]","Reverse","sp|P43004|EAA2_HUMAN","41","295","Forward","275 [Sequence]","127","2.66e-29","39.273 [Alignment]"
