"Subject name","Gene hit","Subject start","Subject end","Subject ori","Genomic Location","Orientation","Query name","Query start","Query end","Query ori","Length","Score","E-val","%ID"
"ENSGGOT00000056432.1","SLC1A2","1435","1653","Forward","11:35407488-35407706 [Sequence]","Reverse","tr|H0YEB1|H0YEB1_HUMAN","1","73","Forward","73 [Sequence]","192","4.29e-57","100.000 [Alignment]"
"ENSGGOT00000063591.1","SLC1A2","1444","1662","Forward","11:35407488-35407706 [Sequence]","Reverse","tr|H0YEB1|H0YEB1_HUMAN","1","73","Forward","73 [Sequence]","192","4.31e-57","100.000 [Alignment]"
"ENSGGOT00000054270.1","SLC1A2","1531","1749","Forward","11:35407488-35407706 [Sequence]","Reverse","tr|H0YEB1|H0YEB1_HUMAN","1","73","Forward","73 [Sequence]","192","4.41e-57","100.000 [Alignment]"
"ENSGGOT00000048601.1","SLC1A2","1408","1626","Forward","11:35407488-35407706 [Sequence]","Reverse","tr|H0YEB1|H0YEB1_HUMAN","1","73","Forward","73 [Sequence]","163","4.59e-47","100.000 [Alignment]"
"ENSGGOT00000067669.1","SLC1A2","1444","1662","Forward","11:35407488-35407706 [Sequence]","Reverse","tr|H0YEB1|H0YEB1_HUMAN","1","73","Forward","73 [Sequence]","163","4.61e-47","100.000 [Alignment]"
"ENSGGOT00000004685.3","SLC1A3","1914","2039","Forward","17:58647850-58647975 [Sequence]","Reverse","tr|H0YEB1|H0YEB1_HUMAN","1","40","Forward","42 [Sequence]","46.4","4.35e-06","52.381 [Alignment]"
"ENSGGOT00000058186.1","SLC1A1","1330","1410","Forward","9:45399305-45399385 [Sequence]","Reverse","tr|H0YEB1|H0YEB1_HUMAN","1","27","Forward","27 [Sequence]","43.1","5.84e-05","62.963 [Alignment]"
"ENSGGOT00000000265.3","SLC1A1","1761","1841","Forward","9:45399305-45399385 [Sequence]","Reverse","tr|H0YEB1|H0YEB1_HUMAN","1","27","Forward","27 [Sequence]","43.1","6.20e-05","62.963 [Alignment]"
"ENSGGOT00000057874.1","SLC1A3","934","1110","Forward","17:58647799-58647975 [Sequence]","Reverse","tr|H0YEB1|H0YEB1_HUMAN","1","56","Forward","59 [Sequence]","40.6","3.45e-04","44.068 [Alignment]"
"ENSGGOT00000045834.1","SLC1A3","1102","1278","Forward","17:58647799-58647975 [Sequence]","Reverse","tr|H0YEB1|H0YEB1_HUMAN","1","56","Forward","59 [Sequence]","40.6","4.18e-04","44.068 [Alignment]"
"ENSGGOT00000047992.1","SLC1A3","1303","1479","Forward","17:58647799-58647975 [Sequence]","Reverse","tr|H0YEB1|H0YEB1_HUMAN","1","56","Forward","59 [Sequence]","40.1","4.47e-04","44.068 [Alignment]"
"ENSGGOT00000049873.1","SLC1A3","1300","1476","Forward","17:58647799-58647975 [Sequence]","Reverse","tr|H0YEB1|H0YEB1_HUMAN","1","56","Forward","59 [Sequence]","40.1","4.65e-04","44.068 [Alignment]"
"ENSGGOT00000052635.1","SLC1A3","1423","1599","Forward","17:58647799-58647975 [Sequence]","Reverse","tr|H0YEB1|H0YEB1_HUMAN","1","56","Forward","59 [Sequence]","40.1","4.69e-04","44.068 [Alignment]"
"ENSGGOT00000011255.3","SLC1A4","1740","1799","Forward","2A:41864539-41864598 [Sequence]","Reverse","tr|H0YEB1|H0YEB1_HUMAN","1","20","Forward","20 [Sequence]","33.4","0.081","60.000 [Alignment]"
"ENSGGOT00000066942.1","SLC1A4","1366","1425","Forward","2A:41864539-41864598 [Sequence]","Reverse","tr|H0YEB1|H0YEB1_HUMAN","1","20","Forward","20 [Sequence]","33.4","0.097","60.000 [Alignment]"
