"Subject name","Gene hit","Subject start","Subject end","Subject ori","Genomic Location","Orientation","Query name","Query start","Query end","Query ori","Length","Score","E-val","%ID"
"ENSOART00020024939.2","SLC1A2","1801","2028","Forward","15:64587687-64587914 [Sequence]","Reverse","tr|H0YEB1|H0YEB1_HUMAN","1","76","Forward","76 [Sequence]","197","1.76e-58","97.368 [Alignment]"
"ENSOART00020024194.2","SLC1A2","1423","1641","Forward","15:64587696-64587914 [Sequence]","Reverse","tr|H0YEB1|H0YEB1_HUMAN","1","73","Forward","73 [Sequence]","190","3.61e-56","98.630 [Alignment]"
"ENSOART00020024811.2","SLC1A2","1516","1734","Forward","15:64587696-64587914 [Sequence]","Reverse","tr|H0YEB1|H0YEB1_HUMAN","1","73","Forward","73 [Sequence]","190","3.66e-56","98.630 [Alignment]"
"ENSOART00020024558.2","SLC1A2","1625","1843","Forward","15:64587696-64587914 [Sequence]","Reverse","tr|H0YEB1|H0YEB1_HUMAN","1","73","Forward","73 [Sequence]","190","3.69e-56","98.630 [Alignment]"
"ENSOART00020024983.2","SLC1A2","1721","1939","Forward","15:64587696-64587914 [Sequence]","Reverse","tr|H0YEB1|H0YEB1_HUMAN","1","73","Forward","73 [Sequence]","190","3.70e-56","98.630 [Alignment]"
"ENSOART00020024427.2","SLC1A2","1745","1963","Forward","15:64587696-64587914 [Sequence]","Reverse","tr|H0YEB1|H0YEB1_HUMAN","1","73","Forward","73 [Sequence]","190","3.70e-56","98.630 [Alignment]"
"ENSOART00020024510.2","SLC1A2","1808","2026","Forward","15:64587696-64587914 [Sequence]","Reverse","tr|H0YEB1|H0YEB1_HUMAN","1","73","Forward","73 [Sequence]","190","3.71e-56","98.630 [Alignment]"
"ENSOART00020024889.2","SLC1A2","1936","2154","Forward","15:64587696-64587914 [Sequence]","Reverse","tr|H0YEB1|H0YEB1_HUMAN","1","73","Forward","73 [Sequence]","190","3.71e-56","98.630 [Alignment]"
"ENSOART00020066946.1","SLC1A2","1936","2154","Forward","15:64587696-64587914 [Sequence]","Reverse","tr|H0YEB1|H0YEB1_HUMAN","1","73","Forward","73 [Sequence]","190","3.72e-56","98.630 [Alignment]"
"ENSOART00020024495.2","SLC1A2","1702","1920","Forward","15:64587696-64587914 [Sequence]","Reverse","tr|H0YEB1|H0YEB1_HUMAN","1","73","Forward","73 [Sequence]","162","3.15e-46","98.630 [Alignment]"
"ENSOART00020021339.2","SLC1A3","1322","1447","Forward","16:37722208-37722333 [Sequence]","Reverse","tr|H0YEB1|H0YEB1_HUMAN","1","40","Forward","42 [Sequence]","46.4","7.71e-06","52.381 [Alignment]"
"ENSOART00020021394.2","SLC1A3","1300","1425","Forward","16:37722208-37722333 [Sequence]","Reverse","tr|H0YEB1|H0YEB1_HUMAN","1","40","Forward","42 [Sequence]","46.4","7.79e-06","52.381 [Alignment]"
"ENSOART00020021203.2","SLC1A3","1658","1783","Forward","16:37722208-37722333 [Sequence]","Reverse","tr|H0YEB1|H0YEB1_HUMAN","1","40","Forward","42 [Sequence]","46.4","7.82e-06","52.381 [Alignment]"
"ENSOART00020011214.2","SLC1A1","1541","1621","Forward","2:72908728-72908808 [Sequence]","Forward","tr|H0YEB1|H0YEB1_HUMAN","1","27","Forward","27 [Sequence]","42.6","1.25e-04","62.963 [Alignment]"
"ENSOART00020021309.2","SLC1A3","1523","1648","Forward","16:37722208-37722333 [Sequence]","Reverse","tr|H0YEB1|H0YEB1_HUMAN","1","40","Forward","42 [Sequence]","39.7","0.001","52.381 [Alignment]"
"ENSOART00020072998.1","SLC1A3","553","621","Forward","16:37722265-37722333 [Sequence]","Reverse","tr|H0YEB1|H0YEB1_HUMAN","1","23","Forward","23 [Sequence]","37.2","0.008","69.565 [Alignment]"
"ENSOART00020006474.2","SLC1A6","1401","1472","Forward","5:8042376-8042447 [Sequence]","Forward","tr|H0YEB1|H0YEB1_HUMAN","1","24","Forward","24 [Sequence]","36.0","0.027","54.167 [Alignment]"
"ENSOART00020066856.1","SLC1A6","1574","1645","Forward","5:8042376-8042447 [Sequence]","Forward","tr|H0YEB1|H0YEB1_HUMAN","1","24","Forward","24 [Sequence]","36.0","0.027","54.167 [Alignment]"
"ENSOART00020006457.2","SLC1A6","1635","1706","Forward","5:8042376-8042447 [Sequence]","Forward","tr|H0YEB1|H0YEB1_HUMAN","1","24","Forward","24 [Sequence]","36.0","0.027","54.167 [Alignment]"
