"Subject name","Gene hit","Subject start","Subject end","Subject ori","Genomic Location","Orientation","Query name","Query start","Query end","Query ori","Length","Score","E-val","%ID"
"ENSRNOT00000119905.1","Slc1a2","1442","1669","Forward","3:89122301-89122528 [Sequence]","Forward","tr|H0YEB1|H0YEB1_HUMAN","1","76","Forward","76 [Sequence]","189","6.47e-56","93.421 [Alignment]"
"ENSRNOT00000106964.1","Slc1a2","1447","1674","Forward","3:89122301-89122528 [Sequence]","Forward","tr|H0YEB1|H0YEB1_HUMAN","1","76","Forward","76 [Sequence]","189","6.47e-56","93.421 [Alignment]"
"ENSRNOT00000109994.1","Slc1a2","1543","1770","Forward","3:89122301-89122528 [Sequence]","Forward","tr|H0YEB1|H0YEB1_HUMAN","1","76","Forward","76 [Sequence]","189","6.49e-56","93.421 [Alignment]"
"ENSRNOT00000098273.1","Slc1a2","1650","1877","Forward","3:89122301-89122528 [Sequence]","Forward","tr|H0YEB1|H0YEB1_HUMAN","1","76","Forward","76 [Sequence]","189","6.51e-56","93.421 [Alignment]"
"ENSRNOT00000007604.7","Slc1a2","1447","1668","Forward","3:89122301-89125455 [Sequence]","Forward","tr|H0YEB1|H0YEB1_HUMAN","1","74","Forward","74 [Sequence]","187","2.77e-55","94.595 [Alignment]"
"ENSRNOT00000099140.1","Slc1a2","1650","1868","Forward","3:89122301-89122519 [Sequence]","Forward","tr|H0YEB1|H0YEB1_HUMAN","1","73","Forward","73 [Sequence]","185","2.30e-54","94.521 [Alignment]"
"ENSRNOT00000119447.1","Slc1a2","1650","1868","Forward","3:89122301-89122519 [Sequence]","Forward","tr|H0YEB1|H0YEB1_HUMAN","1","73","Forward","73 [Sequence]","185","2.30e-54","94.521 [Alignment]"
"ENSRNOT00000107277.1","Slc1a3","1316","1441","Forward","2:57757585-57757710 [Sequence]","Reverse","tr|H0YEB1|H0YEB1_HUMAN","1","40","Forward","42 [Sequence]","46.4","6.05e-06","52.381 [Alignment]"
"ENSRNOT00000085599.2","Slc1a3","1574","1699","Forward","2:57757585-57757710 [Sequence]","Reverse","tr|H0YEB1|H0YEB1_HUMAN","1","40","Forward","42 [Sequence]","46.4","6.07e-06","52.381 [Alignment]"
"ENSRNOT00000035821.6","Slc1a3","1582","1707","Forward","2:57757585-57757710 [Sequence]","Reverse","tr|H0YEB1|H0YEB1_HUMAN","1","40","Forward","42 [Sequence]","46.4","6.07e-06","52.381 [Alignment]"
"ENSRNOT00000022319.7","Slc1a3","1699","1824","Forward","2:57757585-57757710 [Sequence]","Reverse","tr|H0YEB1|H0YEB1_HUMAN","1","40","Forward","42 [Sequence]","46.4","6.07e-06","52.381 [Alignment]"
"ENSRNOT00000077790.2","Slc1a3","1373","1498","Forward","2:57757585-57757710 [Sequence]","Reverse","tr|H0YEB1|H0YEB1_HUMAN","1","40","Forward","42 [Sequence]","46.4","6.24e-06","52.381 [Alignment]"
"ENSRNOT00000099702.1","Slc1a1","1339","1419","Forward","1:226629650-226629730 [Sequence]","Forward","tr|H0YEB1|H0YEB1_HUMAN","1","27","Forward","27 [Sequence]","43.5","5.05e-05","62.963 [Alignment]"
"ENSRNOT00000020272.8","Slc1a1","1518","1598","Forward","1:226629650-226629730 [Sequence]","Forward","tr|H0YEB1|H0YEB1_HUMAN","1","27","Forward","27 [Sequence]","43.5","5.08e-05","62.963 [Alignment]"
"ENSRNOT00000009931.6","Slc1a6","1672","1743","Forward","7:10842099-10842170 [Sequence]","Reverse","tr|H0YEB1|H0YEB1_HUMAN","1","24","Forward","24 [Sequence]","36.0","0.021","54.167 [Alignment]"
"ENSRNOT00000108905.1","Slc1a6","1681","1752","Forward","7:10842099-10842170 [Sequence]","Reverse","tr|H0YEB1|H0YEB1_HUMAN","1","24","Forward","24 [Sequence]","36.0","0.021","54.167 [Alignment]"
