"Subject name","Gene hit","Subject start","Subject end","Subject ori","Genomic Location","Orientation","Query name","Query start","Query end","Query ori","Length","Score","E-val","%ID"
"ENSPTRT00000079961.1","SLC1A2","597","1823","Forward","11:35385643-35516067 [Sequence]","Reverse","tr|C9J9N5|C9J9N5_HUMAN","1","409","Forward","409 [Sequence]","735","0.0","100.000 [Alignment]"
"ENSPTRT00000106634.1","SLC1A2","7","1227","Forward","11:35385643-35419289 [Sequence]","Reverse","tr|C9J9N5|C9J9N5_HUMAN","3","409","Forward","407 [Sequence]","730","0.0","99.754 [Alignment]"
"ENSPTRT00000089959.1","SLC1A2","7","1227","Forward","11:35385643-35419289 [Sequence]","Reverse","tr|C9J9N5|C9J9N5_HUMAN","3","409","Forward","407 [Sequence]","729","0.0","99.754 [Alignment]"
"ENSPTRT00000087129.1","SLC1A2","110","1324","Forward","11:35385643-35421149 [Sequence]","Reverse","tr|C9J9N5|C9J9N5_HUMAN","5","409","Forward","405 [Sequence]","722","0.0","99.506 [Alignment]"
"ENSPTRT00000006599.5","SLC1A2","1","1200","Forward","11:35385643-35416089 [Sequence]","Reverse","tr|C9J9N5|C9J9N5_HUMAN","10","409","Forward","400 [Sequence]","716","0.0","100.000 [Alignment]"
"ENSPTRT00000091723.1","SLC1A2","1","573","Forward","11:35404805-35416089 [Sequence]","Reverse","tr|C9J9N5|C9J9N5_HUMAN","10","200","Forward","191 [Sequence]","298","1.12e-93","98.429 [Alignment]"
"ENSPTRT00000056719.3","SLC1A1","290","1381","Forward","9:4527747-4614377 [Sequence]","Forward","tr|C9J9N5|C9J9N5_HUMAN","41","409","Forward","375 [Sequence]","308","7.15e-89","53.600 [Alignment]"
"ENSPTRT00000031187.3","SLC1A3","608","1705","Forward","5:77623880-77695892 [Sequence]","Reverse","tr|C9J9N5|C9J9N5_HUMAN","41","409","Forward","372 [Sequence]","287","1.17e-81","53.763 [Alignment]"
"ENSPTRT00000078486.1","SLC1A3","859","1956","Forward","5:77623880-77695892 [Sequence]","Reverse","tr|C9J9N5|C9J9N5_HUMAN","41","409","Forward","372 [Sequence]","287","1.36e-81","53.763 [Alignment]"
"ENSPTRT00000085844.1","SLC1A6","1208","2356","Forward","19:15902520-15921111 [Sequence]","Reverse","tr|C9J9N5|C9J9N5_HUMAN","41","409","Forward","387 [Sequence]","284","1.17e-80","48.320 [Alignment]"
"ENSPTRT00000080433.1","SLC1A3","196","1092","Forward","5:77623880-77633343 [Sequence]","Reverse","tr|C9J9N5|C9J9N5_HUMAN","109","409","Forward","304 [Sequence]","276","9.82e-80","54.934 [Alignment]"
"ENSPTRT00000086371.1","SLC1A6","157","1266","Forward","19:15902520-15921111 [Sequence]","Reverse","tr|C9J9N5|C9J9N5_HUMAN","41","409","Forward","374 [Sequence]","258","1.50e-72","46.791 [Alignment]"
"ENSPTRT00000085288.1","SLC1A3","133","1215","Forward","5:77623880-77695892 [Sequence]","Reverse","tr|C9J9N5|C9J9N5_HUMAN","41","409","Forward","371 [Sequence]","253","3.32e-71","51.213 [Alignment]"
"ENSPTRT00000019563.3","SLC1A6","355","1113","Forward","19:15902520-15920096 [Sequence]","Reverse","tr|C9J9N5|C9J9N5_HUMAN","173","409","Forward","255 [Sequence]","232","7.13e-64","50.196 [Alignment]"
"ENSPTRT00000001414.4","SLC1A7","214","951","Forward","1:52789590-52832968 [Sequence]","Reverse","tr|C9J9N5|C9J9N5_HUMAN","173","409","Forward","248 [Sequence]","212","1.52e-57","48.790 [Alignment]"
"ENSPTRT00000091078.1","SLC1A6","484","1116","Forward","19:15902520-15910610 [Sequence]","Reverse","tr|C9J9N5|C9J9N5_HUMAN","199","409","Forward","213 [Sequence]","212","2.62e-57","53.521 [Alignment]"
"ENSPTRT00000085836.1","SLC1A5","1005","1841","Forward","19:48894670-48905109 [Sequence]","Reverse","tr|C9J9N5|C9J9N5_HUMAN","109","409","Forward","306 [Sequence]","205","1.39e-54","41.830 [Alignment]"
"ENSPTRT00000022303.4","SLC1A4","625","1695","Forward","2A:66359371-66389846 [Sequence]","Forward","tr|C9J9N5|C9J9N5_HUMAN","36","409","Forward","380 [Sequence]","199","1.50e-52","43.421 [Alignment]"
"ENSPTRT00000080817.1","SLC1A7","256","1251","Forward","1:52791475-52841031 [Sequence]","Reverse","tr|C9J9N5|C9J9N5_HUMAN","39","363","Forward","336 [Sequence]","186","2.24e-48","43.452 [Alignment]"
"ENSPTRT00000080204.1","SLC1A4","100","1152","Forward","2A:66359371-66389846 [Sequence]","Forward","tr|C9J9N5|C9J9N5_HUMAN","36","409","Forward","380 [Sequence]","180","1.35e-46","41.316 [Alignment]"
"ENSPTRT00000020802.4","SLC1A5","358","1161","Forward","19:48894670-48905109 [Sequence]","Reverse","tr|C9J9N5|C9J9N5_HUMAN","109","409","Forward","306 [Sequence]","178","6.77e-46","39.216 [Alignment]"
"ENSPTRT00000104733.1","SLC1A5","40","588","Forward","19:48894670-48901588 [Sequence]","Reverse","tr|C9J9N5|C9J9N5_HUMAN","226","409","Forward","184 [Sequence]","174","1.31e-45","48.370 [Alignment]"
"ENSPTRT00000087445.1","SLC1A3","517","894","Forward","5:77623880-77633160 [Sequence]","Reverse","tr|C9J9N5|C9J9N5_HUMAN","284","409","Forward","126 [Sequence]","164","1.11e-41","67.460 [Alignment]"
"ENSPTRT00000087810.1","SLC1A6","157","969","Forward","19:15902622-15921111 [Sequence]","Reverse","tr|C9J9N5|C9J9N5_HUMAN","41","295","Forward","275 [Sequence]","124","7.33e-29","38.545 [Alignment]"
"ENSPTRT00000087810.1","SLC1A6","883","1071","Forward","19:15902520-15910400 [Sequence]","Reverse","tr|C9J9N5|C9J9N5_HUMAN","347","409","Forward","63 [Sequence]","91.2","1.94e-18","63.492 [Alignment]"
"ENSPTRT00000097894.1","SLC1A3","133","657","Forward","5:77623949-77695892 [Sequence]","Reverse","tr|C9J9N5|C9J9N5_HUMAN","41","220","Forward","180 [Sequence]","82.8","5.34e-16","49.444 [Alignment]"
"ENSPTRT00000083412.1","SLC1A7","34","474","Forward","1:52804349-52841031 [Sequence]","Reverse","tr|C9J9N5|C9J9N5_HUMAN","39","187","Forward","149 [Sequence]","79.5","1.03e-15","47.651 [Alignment]"
"ENSPTRT00000080817.1","SLC1A7","1402","1566","Forward","1:52789590-52789754 [Sequence]","Reverse","tr|C9J9N5|C9J9N5_HUMAN","355","409","Forward","55 [Sequence]","82.4","1.10e-15","67.273 [Alignment]"
"ENSPTRT00000094488.1","SLC1A4","88","276","Forward","2A:66380316-66389846 [Sequence]","Forward","tr|C9J9N5|C9J9N5_HUMAN","347","409","Forward","63 [Sequence]","70.7","1.99e-12","46.032 [Alignment]"
"ENSPTRT00000097894.1","SLC1A3","532","726","Forward","5:77623880-77630317 [Sequence]","Reverse","tr|C9J9N5|C9J9N5_HUMAN","347","409","Forward","65 [Sequence]","58.5","2.15e-08","49.231 [Alignment]"
"ENSPTRT00000100317.1","SLC1A7","34","435","Forward","1:52807257-52841031 [Sequence]","Reverse","tr|C9J9N5|C9J9N5_HUMAN","39","174","Forward","136 [Sequence]","56.9","2.90e-08","43.382 [Alignment]"
"ENSPTRT00000087445.1","SLC1A3","133","525","Forward","5:77624783-77695892 [Sequence]","Reverse","tr|C9J9N5|C9J9N5_HUMAN","41","173","Forward","133 [Sequence]","52.3","1.93e-06","51.880 [Alignment]"
"ENSPTRT00000094488.1","SLC1A4","1","153","Forward","2A:66380229-66389723 [Sequence]","Forward","tr|C9J9N5|C9J9N5_HUMAN","240","290","Forward","51 [Sequence]","46.8","7.40e-05","43.137 [Alignment]"
