"Subject name","Gene hit","Subject start","Subject end","Subject ori","Genomic Location","Orientation","Query name","Query start","Query end","Query ori","Length","Score","E-val","%ID"
"ENSGALT00010061182.1","SLC1A2","1292","1888","Forward","5:18564998-18573004 [Sequence]","Reverse","tr|A0A2R8Y642|A0A2R8Y642_HUMAN","237","435","Forward","199 [Sequence]","406","1.93e-121","93.970 [Alignment]"
"ENSGALT00010061191.1","SLC1A2","1163","1747","Forward","5:18562947-18573004 [Sequence]","Reverse","tr|A0A2R8Y642|A0A2R8Y642_HUMAN","237","431","Forward","195 [Sequence]","387","9.45e-116","91.795 [Alignment]"
"ENSGALT00010061200.1","SLC1A2","1229","1792","Forward","5:18562021-18573004 [Sequence]","Reverse","tr|A0A2R8Y642|A0A2R8Y642_HUMAN","237","424","Forward","188 [Sequence]","387","3.50e-115","94.681 [Alignment]"
"ENSGALT00010061203.1","SLC1A2","1310","1873","Forward","5:18562021-18573004 [Sequence]","Reverse","tr|A0A2R8Y642|A0A2R8Y642_HUMAN","237","424","Forward","188 [Sequence]","387","3.54e-115","94.681 [Alignment]"
"ENSGALT00010061205.1","SLC1A2","1553","2116","Forward","5:18562021-18573004 [Sequence]","Reverse","tr|A0A2R8Y642|A0A2R8Y642_HUMAN","237","424","Forward","188 [Sequence]","387","5.84e-115","94.681 [Alignment]"
"ENSGALT00010061209.1","SLC1A2","1388","1951","Forward","5:18562021-18573004 [Sequence]","Reverse","tr|A0A2R8Y642|A0A2R8Y642_HUMAN","237","424","Forward","188 [Sequence]","386","1.20e-114","94.681 [Alignment]"
"ENSGALT00010061185.1","SLC1A2","1598","2161","Forward","5:18562021-18573004 [Sequence]","Reverse","tr|A0A2R8Y642|A0A2R8Y642_HUMAN","237","424","Forward","188 [Sequence]","386","1.52e-114","94.681 [Alignment]"
"ENSGALT00010061203.1","SLC1A2","368","1102","Forward","5:18575929-18588267 [Sequence]","Reverse","tr|A0A2R8Y642|A0A2R8Y642_HUMAN","1","247","Forward","247 [Sequence]","348","1.31e-101","85.830 [Alignment]"
"ENSGALT00010061191.1","SLC1A2","221","955","Forward","5:18575929-18588267 [Sequence]","Reverse","tr|A0A2R8Y642|A0A2R8Y642_HUMAN","1","247","Forward","247 [Sequence]","347","1.54e-101","85.830 [Alignment]"
"ENSGALT00010061200.1","SLC1A2","287","1021","Forward","5:18575929-18588267 [Sequence]","Reverse","tr|A0A2R8Y642|A0A2R8Y642_HUMAN","1","247","Forward","247 [Sequence]","347","1.79e-101","85.830 [Alignment]"
"ENSGALT00010061205.1","SLC1A2","611","1345","Forward","5:18575929-18588267 [Sequence]","Reverse","tr|A0A2R8Y642|A0A2R8Y642_HUMAN","1","247","Forward","247 [Sequence]","347","1.85e-101","85.830 [Alignment]"
"ENSGALT00010061182.1","SLC1A2","350","1084","Forward","5:18575929-18588267 [Sequence]","Reverse","tr|A0A2R8Y642|A0A2R8Y642_HUMAN","1","247","Forward","247 [Sequence]","347","2.13e-101","85.830 [Alignment]"
"ENSGALT00010061209.1","SLC1A2","446","1180","Forward","5:18575929-18588267 [Sequence]","Reverse","tr|A0A2R8Y642|A0A2R8Y642_HUMAN","1","247","Forward","247 [Sequence]","347","2.91e-101","85.830 [Alignment]"
"ENSGALT00010061185.1","SLC1A2","656","1390","Forward","5:18575929-18588267 [Sequence]","Reverse","tr|A0A2R8Y642|A0A2R8Y642_HUMAN","1","247","Forward","247 [Sequence]","346","4.06e-101","85.830 [Alignment]"
"ENSGALT00010066978.1","SLC1A6","1572","2000","Forward","28:1114906-1116725 [Sequence]","Reverse","tr|A0A2R8Y642|A0A2R8Y642_HUMAN","237","379","Forward","143 [Sequence]","230","2.87e-62","72.028 [Alignment]"
"ENSGALT00010066975.1","SLC1A6","1572","2000","Forward","28:1114906-1116725 [Sequence]","Reverse","tr|A0A2R8Y642|A0A2R8Y642_HUMAN","237","379","Forward","143 [Sequence]","230","2.97e-62","72.028 [Alignment]"
"ENSGALT00010066968.1","SLC1A6","1538","1966","Forward","28:1114906-1116725 [Sequence]","Reverse","tr|A0A2R8Y642|A0A2R8Y642_HUMAN","237","379","Forward","143 [Sequence]","230","4.02e-62","72.028 [Alignment]"
"ENSGALT00010066980.1","SLC1A6","1468","1896","Forward","28:1114906-1116725 [Sequence]","Reverse","tr|A0A2R8Y642|A0A2R8Y642_HUMAN","237","379","Forward","143 [Sequence]","230","4.36e-62","72.028 [Alignment]"
"ENSGALT00010032793.1","SLC1A3","1362","1961","Forward","Z:11779784-11784309 [Sequence]","Forward","tr|A0A2R8Y642|A0A2R8Y642_HUMAN","236","429","Forward","200 [Sequence]","226","9.45e-61","57.500 [Alignment]"
"ENSGALT00010032770.1","SLC1A3","1005","1604","Forward","Z:11779784-11784309 [Sequence]","Forward","tr|A0A2R8Y642|A0A2R8Y642_HUMAN","236","429","Forward","200 [Sequence]","225","1.11e-60","57.500 [Alignment]"
"ENSGALT00010028564.1","SLC1A1","1259","1699","Forward","Z:27623493-27625812 [Sequence]","Forward","tr|A0A2R8Y642|A0A2R8Y642_HUMAN","237","383","Forward","147 [Sequence]","219","1.25e-58","69.388 [Alignment]"
"ENSGALT00010028562.1","SLC1A1","1313","1753","Forward","Z:27623493-27625812 [Sequence]","Forward","tr|A0A2R8Y642|A0A2R8Y642_HUMAN","237","383","Forward","147 [Sequence]","219","2.12e-58","69.388 [Alignment]"
"ENSGALT00010061196.1","SLC1A7","1121","1531","Forward","8:24277920-24285269 [Sequence]","Reverse","tr|A0A2R8Y642|A0A2R8Y642_HUMAN","237","373","Forward","137 [Sequence]","202","4.07e-53","66.423 [Alignment]"
"ENSGALT00010032783.1","SLC1A3","1302","1634","Forward","Z:11779784-11783507 [Sequence]","Forward","tr|A0A2R8Y642|A0A2R8Y642_HUMAN","236","346","Forward","111 [Sequence]","176","4.08e-52","72.973 [Alignment]"
"ENSGALT00010032783.1","SLC1A3","1700","1837","Forward","Z:11784043-11784180 [Sequence]","Forward","tr|A0A2R8Y642|A0A2R8Y642_HUMAN","347","390","Forward","46 [Sequence]","49.8","4.08e-52","54.348 [Alignment]"
"ENSGALT00010068031.1","ENSGALG00010028077","1271","1723","Forward","28:1332070-1333498 [Sequence]","Forward","tr|A0A2R8Y642|A0A2R8Y642_HUMAN","237","387","Forward","151 [Sequence]","198","1.01e-51","61.589 [Alignment]"
"ENSGALT00010046550.1","SLC1A4","1118","1657","Forward","3:10125965-10130465 [Sequence]","Forward","tr|A0A2R8Y642|A0A2R8Y642_HUMAN","239","416","Forward","180 [Sequence]","167","9.85e-42","45.000 [Alignment]"
"ENSGALT00010028564.1","SLC1A1","323","1024","Forward","Z:27568354-27615368 [Sequence]","Forward","tr|A0A2R8Y642|A0A2R8Y642_HUMAN","1","235","Forward","241 [Sequence]","149","4.57e-36","46.473 [Alignment]"
"ENSGALT00010028562.1","SLC1A1","323","1081","Forward","Z:27568354-27617423 [Sequence]","Forward","tr|A0A2R8Y642|A0A2R8Y642_HUMAN","1","236","Forward","258 [Sequence]","146","3.34e-35","44.574 [Alignment]"
"ENSGALT00010032793.1","SLC1A3","429","1154","Forward","Z:11724275-11779576 [Sequence]","Forward","tr|A0A2R8Y642|A0A2R8Y642_HUMAN","1","244","Forward","250 [Sequence]","131","1.51e-30","46.400 [Alignment]"
"ENSGALT00010032783.1","SLC1A3","369","1094","Forward","Z:11724275-11779576 [Sequence]","Forward","tr|A0A2R8Y642|A0A2R8Y642_HUMAN","1","244","Forward","250 [Sequence]","130","2.15e-30","46.400 [Alignment]"
"ENSGALT00010032770.1","SLC1A3","90","797","Forward","Z:11742945-11779576 [Sequence]","Forward","tr|A0A2R8Y642|A0A2R8Y642_HUMAN","7","244","Forward","244 [Sequence]","125","7.11e-29","45.902 [Alignment]"
"ENSGALT00010066968.1","SLC1A6","728","1327","Forward","28:1117849-1123670 [Sequence]","Reverse","tr|A0A2R8Y642|A0A2R8Y642_HUMAN","59","244","Forward","205 [Sequence]","119","8.68e-27","34.634 [Alignment]"
"ENSGALT00010066975.1","SLC1A6","762","1361","Forward","28:1117849-1123670 [Sequence]","Reverse","tr|A0A2R8Y642|A0A2R8Y642_HUMAN","59","244","Forward","205 [Sequence]","119","8.94e-27","34.634 [Alignment]"
"ENSGALT00010066978.1","SLC1A6","762","1361","Forward","28:1117849-1123670 [Sequence]","Reverse","tr|A0A2R8Y642|A0A2R8Y642_HUMAN","59","244","Forward","205 [Sequence]","118","1.01e-26","34.634 [Alignment]"
"ENSGALT00010066980.1","SLC1A6","658","1257","Forward","28:1117849-1123670 [Sequence]","Reverse","tr|A0A2R8Y642|A0A2R8Y642_HUMAN","59","244","Forward","205 [Sequence]","118","1.24e-26","34.634 [Alignment]"
"ENSGALT00010061196.1","SLC1A7","161","871","Forward","8:24291812-24318281 [Sequence]","Reverse","tr|A0A2R8Y642|A0A2R8Y642_HUMAN","1","231","Forward","239 [Sequence]","104","1.98e-22","39.331 [Alignment]"
"ENSGALT00010068031.1","ENSGALG00010028077","482","1027","Forward","28:1329427-1331099 [Sequence]","Forward","tr|A0A2R8Y642|A0A2R8Y642_HUMAN","59","233","Forward","190 [Sequence]","103","4.32e-22","37.895 [Alignment]"
"ENSGALT00010046550.1","SLC1A4","224","877","Forward","3:10107567-10124599 [Sequence]","Forward","tr|A0A2R8Y642|A0A2R8Y642_HUMAN","1","236","Forward","241 [Sequence]","102","1.82e-21","37.344 [Alignment]"
