"Subject name","Gene hit","Subject start","Subject end","Subject ori","Genomic Location","Orientation","Query name","Query start","Query end","Query ori","Length","Score","E-val","%ID"
"ENSPPAT00000037493.1","SLC1A2","736","1722","Forward","11:35107973-35148465 [Sequence]","Reverse","tr|A0A2R8Y4N0|A0A2R8Y4N0_HUMAN","2","330","Forward","329 [Sequence]","675","0.0","100.000 [Alignment]"
"ENSPPAT00000037489.1","SLC1A2","833","1819","Forward","11:35107973-35148465 [Sequence]","Reverse","tr|A0A2R8Y4N0|A0A2R8Y4N0_HUMAN","2","330","Forward","329 [Sequence]","675","0.0","100.000 [Alignment]"
"ENSPPAT00000037484.1","SLC1A2","736","1722","Forward","11:35107973-35148465 [Sequence]","Reverse","tr|A0A2R8Y4N0|A0A2R8Y4N0_HUMAN","2","330","Forward","329 [Sequence]","675","0.0","100.000 [Alignment]"
"ENSPPAT00000037503.1","SLC1A2","736","1653","Forward","11:35112597-35148465 [Sequence]","Reverse","tr|A0A2R8Y4N0|A0A2R8Y4N0_HUMAN","2","307","Forward","306 [Sequence]","623","0.0","100.000 [Alignment]"
"ENSPPAT00000037500.1","SLC1A2","709","1626","Forward","11:35112597-35148465 [Sequence]","Reverse","tr|A0A2R8Y4N0|A0A2R8Y4N0_HUMAN","2","307","Forward","306 [Sequence]","623","0.0","100.000 [Alignment]"
"ENSPPAT00000037481.1","SLC1A2","736","1614","Forward","11:35107973-35148465 [Sequence]","Reverse","tr|A0A2R8Y4N0|A0A2R8Y4N0_HUMAN","2","330","Forward","329 [Sequence]","616","0.0","89.058 [Alignment]"
"ENSPPAT00000042277.1","SLC1A3","607","1476","Forward","5:78962874-78972029 [Sequence]","Reverse","tr|A0A2R8Y4N0|A0A2R8Y4N0_HUMAN","4","290","Forward","290 [Sequence]","345","6.58e-107","60.000 [Alignment]"
"ENSPPAT00000042271.1","SLC1A3","730","1599","Forward","5:78962874-78972029 [Sequence]","Reverse","tr|A0A2R8Y4N0|A0A2R8Y4N0_HUMAN","4","290","Forward","290 [Sequence]","344","5.93e-106","60.000 [Alignment]"
"ENSPPAT00000042227.1","SLC1A3","1220","2089","Forward","5:78962874-78972029 [Sequence]","Reverse","tr|A0A2R8Y4N0|A0A2R8Y4N0_HUMAN","4","290","Forward","290 [Sequence]","345","4.41e-103","60.000 [Alignment]"
"ENSPPAT00000063338.1","SLC1A6","631","1410","Forward","19:15470479-15482213 [Sequence]","Reverse","tr|A0A2R8Y4N0|A0A2R8Y4N0_HUMAN","4","263","Forward","260 [Sequence]","332","6.05e-102","61.538 [Alignment]"
"ENSPPAT00000063329.1","SLC1A6","628","1407","Forward","19:15470479-15482213 [Sequence]","Reverse","tr|A0A2R8Y4N0|A0A2R8Y4N0_HUMAN","4","263","Forward","260 [Sequence]","332","1.00e-101","61.538 [Alignment]"
"ENSPPAT00000063342.1","SLC1A6","781","1560","Forward","19:15470479-15482213 [Sequence]","Reverse","tr|A0A2R8Y4N0|A0A2R8Y4N0_HUMAN","4","263","Forward","260 [Sequence]","331","7.80e-101","61.538 [Alignment]"
"ENSPPAT00000063309.1","SLC1A6","1880","2659","Forward","19:15470479-15482213 [Sequence]","Reverse","tr|A0A2R8Y4N0|A0A2R8Y4N0_HUMAN","4","263","Forward","260 [Sequence]","332","1.09e-98","61.538 [Alignment]"
"ENSPPAT00000031149.1","SLC1A1","746","1540","Forward","9:4593146-4606291 [Sequence]","Forward","tr|A0A2R8Y4N0|A0A2R8Y4N0_HUMAN","2","267","Forward","266 [Sequence]","325","2.36e-96","61.278 [Alignment]"
"ENSPPAT00000042279.1","SLC1A3","517","1278","Forward","5:78962874-78977871 [Sequence]","Reverse","tr|A0A2R8Y4N0|A0A2R8Y4N0_HUMAN","40","290","Forward","254 [Sequence]","306","3.94e-93","61.811 [Alignment]"
"ENSPPAT00000059498.1","SLC1A4","658","1494","Forward","2A:66199133-66209537 [Sequence]","Forward","tr|A0A2R8Y4N0|A0A2R8Y4N0_HUMAN","4","289","Forward","286 [Sequence]","263","1.97e-76","47.552 [Alignment]"
"ENSPPAT00000058367.1","SLC1A5","103","1017","Forward","19:52294658-52302106 [Sequence]","Reverse","tr|A0A2R8Y4N0|A0A2R8Y4N0_HUMAN","4","302","Forward","305 [Sequence]","248","3.68e-73","43.934 [Alignment]"
"ENSPPAT00000042273.1","SLC1A3","745","1479","Forward","5:78962874-78972029 [Sequence]","Reverse","tr|A0A2R8Y4N0|A0A2R8Y4N0_HUMAN","4","290","Forward","290 [Sequence]","252","1.82e-72","48.966 [Alignment]"
"ENSPPAT00000058365.1","SLC1A5","664","1578","Forward","19:52294658-52302106 [Sequence]","Reverse","tr|A0A2R8Y4N0|A0A2R8Y4N0_HUMAN","4","302","Forward","305 [Sequence]","249","4.79e-71","43.934 [Alignment]"
"ENSPPAT00000063344.1","SLC1A6","883","1365","Forward","19:15470479-15482150 [Sequence]","Reverse","tr|A0A2R8Y4N0|A0A2R8Y4N0_HUMAN","103","263","Forward","161 [Sequence]","220","2.20e-61","62.733 [Alignment]"
"ENSPPAT00000042289.1","SLC1A3","532","1110","Forward","5:78962874-78975028 [Sequence]","Reverse","tr|A0A2R8Y4N0|A0A2R8Y4N0_HUMAN","103","290","Forward","193 [Sequence]","200","3.80e-55","53.886 [Alignment]"
"ENSPPAT00000050232.1","SLC1A7","1363","1803","Forward","1:53962116-53964049 [Sequence]","Reverse","tr|A0A2R8Y4N0|A0A2R8Y4N0_HUMAN","111","257","Forward","147 [Sequence]","203","7.16e-55","63.265 [Alignment]"
"ENSPPAT00000059500.1","SLC1A4","88","543","Forward","2A:66199196-66209453 [Sequence]","Forward","tr|A0A2R8Y4N0|A0A2R8Y4N0_HUMAN","103","254","Forward","152 [Sequence]","177","8.38e-49","51.316 [Alignment]"
"ENSPPAT00000050232.1","SLC1A7","856","1212","Forward","1:53965770-53975908 [Sequence]","Reverse","tr|A0A2R8Y4N0|A0A2R8Y4N0_HUMAN","2","119","Forward","119 [Sequence]","99","2.12e-21","49.580 [Alignment]"
"ENSPPAT00000063344.1","SLC1A6","820","969","Forward","19:15474059-15482213 [Sequence]","Reverse","tr|A0A2R8Y4N0|A0A2R8Y4N0_HUMAN","4","51","Forward","50 [Sequence]","41.0","0.004","38.000 [Alignment]"
"ENSPPAT00000059500.1","SLC1A4","25","153","Forward","2A:66199133-66206551 [Sequence]","Forward","tr|A0A2R8Y4N0|A0A2R8Y4N0_HUMAN","4","46","Forward","43 [Sequence]","36.4","0.080","39.535 [Alignment]"
