"Subject name","Gene hit","Subject start","Subject end","Subject ori","Genomic Location","Orientation","Query name","Query start","Query end","Query ori","Length","Score","E-val","%ID"
"ENSPPAT00000037484.1","SLC1A2","1","1722","Forward","11:35107973-35265878 [Sequence]","Reverse","sp|P43004|EAA2_HUMAN","1","574","Forward","574 [Sequence]","1092","0.0","99.826 [Alignment]"
"ENSPPAT00000037493.1","SLC1A2","7","1722","Forward","11:35107973-35167980 [Sequence]","Reverse","sp|P43004|EAA2_HUMAN","3","574","Forward","572 [Sequence]","1086","0.0","99.650 [Alignment]"
"ENSPPAT00000037489.1","SLC1A2","110","1819","Forward","11:35107973-35169840 [Sequence]","Reverse","sp|P43004|EAA2_HUMAN","5","574","Forward","570 [Sequence]","1078","0.0","99.474 [Alignment]"
"ENSPPAT00000037503.1","SLC1A2","7","1653","Forward","11:35112597-35167980 [Sequence]","Reverse","sp|P43004|EAA2_HUMAN","3","551","Forward","549 [Sequence]","1033","0.0","99.636 [Alignment]"
"ENSPPAT00000037481.1","SLC1A2","1","1614","Forward","11:35107973-35265878 [Sequence]","Reverse","sp|P43004|EAA2_HUMAN","1","574","Forward","574 [Sequence]","1033","0.0","93.554 [Alignment]"
"ENSPPAT00000037500.1","SLC1A2","1","1626","Forward","11:35112597-35164780 [Sequence]","Reverse","sp|P43004|EAA2_HUMAN","10","551","Forward","542 [Sequence]","1020","0.0","99.815 [Alignment]"
"ENSPPAT00000031149.1","SLC1A1","107","1540","Forward","9:4511597-4606291 [Sequence]","Forward","sp|P43004|EAA2_HUMAN","29","511","Forward","485 [Sequence]","442","4.44e-131","54.227 [Alignment]"
"ENSPPAT00000042277.1","SLC1A3","196","1476","Forward","5:78962874-78978054 [Sequence]","Reverse","sp|P43004|EAA2_HUMAN","109","534","Forward","432 [Sequence]","418","3.98e-129","55.324 [Alignment]"
"ENSPPAT00000042227.1","SLC1A3","608","2089","Forward","5:78962874-79040495 [Sequence]","Reverse","sp|P43004|EAA2_HUMAN","41","534","Forward","500 [Sequence]","428","2.17e-126","54.400 [Alignment]"
"ENSPPAT00000063309.1","SLC1A6","1217","2659","Forward","19:15470479-15492865 [Sequence]","Reverse","sp|P43004|EAA2_HUMAN","41","507","Forward","487 [Sequence]","415","1.75e-122","51.540 [Alignment]"
"ENSPPAT00000042271.1","SLC1A3","133","1599","Forward","5:78962874-79040495 [Sequence]","Reverse","sp|P43004|EAA2_HUMAN","41","534","Forward","499 [Sequence]","395","7.97e-120","52.505 [Alignment]"
"ENSPPAT00000063342.1","SLC1A6","157","1560","Forward","19:15470479-15492865 [Sequence]","Reverse","sp|P43004|EAA2_HUMAN","41","507","Forward","472 [Sequence]","388","8.99e-117","50.212 [Alignment]"
"ENSPPAT00000063329.1","SLC1A6","355","1407","Forward","19:15470479-15491845 [Sequence]","Reverse","sp|P43004|EAA2_HUMAN","173","507","Forward","353 [Sequence]","363","1.34e-108","53.541 [Alignment]"
"ENSPPAT00000063338.1","SLC1A6","484","1410","Forward","19:15470479-15482360 [Sequence]","Reverse","sp|P43004|EAA2_HUMAN","199","507","Forward","311 [Sequence]","343","1.83e-101","56.270 [Alignment]"
"ENSPPAT00000042273.1","SLC1A3","133","1479","Forward","5:78962874-79040495 [Sequence]","Reverse","sp|P43004|EAA2_HUMAN","41","534","Forward","500 [Sequence]","336","1.01e-98","48.000 [Alignment]"
"ENSPPAT00000037513.1","SLC1A2","1","573","Forward","11:35153012-35164780 [Sequence]","Reverse","sp|P43004|EAA2_HUMAN","10","200","Forward","191 [Sequence]","299","1.35e-91","97.906 [Alignment]"
"ENSPPAT00000042279.1","SLC1A3","517","1278","Forward","5:78962874-78977871 [Sequence]","Reverse","sp|P43004|EAA2_HUMAN","284","534","Forward","254 [Sequence]","305","6.78e-89","61.811 [Alignment]"
"ENSPPAT00000059498.1","SLC1A4","91","1410","Forward","2A:66178221-66209453 [Sequence]","Forward","sp|P43004|EAA2_HUMAN","36","498","Forward","469 [Sequence]","285","2.22e-80","43.923 [Alignment]"
"ENSPPAT00000058367.1","SLC1A5","40","939","Forward","19:52294736-52303650 [Sequence]","Reverse","sp|P43004|EAA2_HUMAN","226","531","Forward","306 [Sequence]","261","7.12e-75","46.078 [Alignment]"
"ENSPPAT00000058365.1","SLC1A5","346","1578","Forward","19:52294658-52307171 [Sequence]","Reverse","sp|P43004|EAA2_HUMAN","109","546","Forward","449 [Sequence]","266","1.10e-73","38.753 [Alignment]"
"ENSPPAT00000063344.1","SLC1A6","883","1365","Forward","19:15470479-15482150 [Sequence]","Reverse","sp|P43004|EAA2_HUMAN","347","507","Forward","161 [Sequence]","221","3.33e-59","62.733 [Alignment]"
"ENSPPAT00000042289.1","SLC1A3","532","1110","Forward","5:78962874-78975028 [Sequence]","Reverse","sp|P43004|EAA2_HUMAN","347","534","Forward","193 [Sequence]","199","3.88e-53","53.886 [Alignment]"
"ENSPPAT00000050232.1","SLC1A7","1363","1803","Forward","1:53962116-53964049 [Sequence]","Reverse","sp|P43004|EAA2_HUMAN","355","501","Forward","147 [Sequence]","204","5.26e-53","63.265 [Alignment]"
"ENSPPAT00000050232.1","SLC1A7","217","1212","Forward","1:53965770-54015180 [Sequence]","Reverse","sp|P43004|EAA2_HUMAN","39","363","Forward","337 [Sequence]","188","4.43e-48","43.620 [Alignment]"
"ENSPPAT00000059500.1","SLC1A4","88","543","Forward","2A:66199196-66209453 [Sequence]","Forward","sp|P43004|EAA2_HUMAN","347","498","Forward","152 [Sequence]","177","1.37e-47","51.316 [Alignment]"
"ENSPPAT00000063344.1","SLC1A6","157","969","Forward","19:15474059-15492865 [Sequence]","Reverse","sp|P43004|EAA2_HUMAN","41","295","Forward","277 [Sequence]","125","5.37e-29","39.350 [Alignment]"
"ENSPPAT00000042289.1","SLC1A3","133","660","Forward","5:78968661-79040495 [Sequence]","Reverse","sp|P43004|EAA2_HUMAN","41","221","Forward","181 [Sequence]","84.1","3.43e-16","49.171 [Alignment]"
"ENSPPAT00000050238.1","SLC1A7","34","474","Forward","1:53978270-54015180 [Sequence]","Reverse","sp|P43004|EAA2_HUMAN","39","187","Forward","149 [Sequence]","79.5","1.48e-15","47.651 [Alignment]"
"ENSPPAT00000050240.1","SLC1A7","217","618","Forward","1:53981172-54015180 [Sequence]","Reverse","sp|P43004|EAA2_HUMAN","39","174","Forward","136 [Sequence]","56.9","7.95e-08","43.382 [Alignment]"
"ENSPPAT00000042279.1","SLC1A3","133","525","Forward","5:78969498-79040495 [Sequence]","Reverse","sp|P43004|EAA2_HUMAN","41","173","Forward","133 [Sequence]","52.7","1.92e-06","51.880 [Alignment]"
"ENSPPAT00000059500.1","SLC1A4","1","153","Forward","2A:66199109-66206551 [Sequence]","Forward","sp|P43004|EAA2_HUMAN","240","290","Forward","51 [Sequence]","46.8","8.89e-05","43.137 [Alignment]"
