"Subject name","Gene hit","Subject start","Subject end","Subject ori","Genomic Location","Orientation","Query name","Query start","Query end","Query ori","Length","Score","E-val","%ID"
"ENSRNOT00000119905.1","Slc1a2","1100","1696","Forward","3:89106618-89122555 [Sequence]","Forward","tr|A0A2R8Y642|A0A2R8Y642_HUMAN","237","435","Forward","199 [Sequence]","417","3.09e-128","95.477 [Alignment]"
"ENSRNOT00000106964.1","Slc1a2","1105","1701","Forward","3:89106618-89122555 [Sequence]","Forward","tr|A0A2R8Y642|A0A2R8Y642_HUMAN","237","435","Forward","199 [Sequence]","417","5.14e-128","95.477 [Alignment]"
"ENSRNOT00000109994.1","Slc1a2","1201","1797","Forward","3:89106618-89122555 [Sequence]","Forward","tr|A0A2R8Y642|A0A2R8Y642_HUMAN","237","435","Forward","199 [Sequence]","417","1.71e-127","95.477 [Alignment]"
"ENSRNOT00000098273.1","Slc1a2","1308","1904","Forward","3:89106618-89122555 [Sequence]","Forward","tr|A0A2R8Y642|A0A2R8Y642_HUMAN","237","435","Forward","199 [Sequence]","417","2.13e-127","95.477 [Alignment]"
"ENSRNOT00000007604.7","Slc1a2","1105","1665","Forward","3:89106618-89122519 [Sequence]","Forward","tr|A0A2R8Y642|A0A2R8Y642_HUMAN","237","423","Forward","187 [Sequence]","393","5.50e-121","96.257 [Alignment]"
"ENSRNOT00000099140.1","Slc1a2","1308","1871","Forward","3:89106618-89126342 [Sequence]","Forward","tr|A0A2R8Y642|A0A2R8Y642_HUMAN","237","424","Forward","188 [Sequence]","395","2.21e-120","96.277 [Alignment]"
"ENSRNOT00000119447.1","Slc1a2","1308","1880","Forward","3:89106618-89125607 [Sequence]","Forward","tr|A0A2R8Y642|A0A2R8Y642_HUMAN","237","426","Forward","191 [Sequence]","394","6.74e-120","94.764 [Alignment]"
"ENSRNOT00000007604.7","Slc1a2","166","897","Forward","3:89081631-89101559 [Sequence]","Forward","tr|A0A2R8Y642|A0A2R8Y642_HUMAN","1","247","Forward","247 [Sequence]","367","4.35e-111","91.498 [Alignment]"
"ENSRNOT00000099140.1","Slc1a2","369","1100","Forward","3:89081631-89101559 [Sequence]","Forward","tr|A0A2R8Y642|A0A2R8Y642_HUMAN","1","247","Forward","247 [Sequence]","367","4.13e-110","91.498 [Alignment]"
"ENSRNOT00000119447.1","Slc1a2","369","1100","Forward","3:89081631-89101559 [Sequence]","Forward","tr|A0A2R8Y642|A0A2R8Y642_HUMAN","1","247","Forward","247 [Sequence]","367","4.20e-110","91.498 [Alignment]"
"ENSRNOT00000119905.1","Slc1a2","161","892","Forward","3:89081631-89101559 [Sequence]","Forward","tr|A0A2R8Y642|A0A2R8Y642_HUMAN","1","247","Forward","247 [Sequence]","367","6.71e-110","91.498 [Alignment]"
"ENSRNOT00000106964.1","Slc1a2","166","897","Forward","3:89081631-89101559 [Sequence]","Forward","tr|A0A2R8Y642|A0A2R8Y642_HUMAN","1","247","Forward","247 [Sequence]","367","1.18e-109","91.498 [Alignment]"
"ENSRNOT00000109994.1","Slc1a2","262","993","Forward","3:89081631-89101559 [Sequence]","Forward","tr|A0A2R8Y642|A0A2R8Y642_HUMAN","1","247","Forward","247 [Sequence]","367","1.59e-109","91.498 [Alignment]"
"ENSRNOT00000098273.1","Slc1a2","369","1100","Forward","3:89081631-89101559 [Sequence]","Forward","tr|A0A2R8Y642|A0A2R8Y642_HUMAN","1","247","Forward","247 [Sequence]","367","3.02e-109","91.498 [Alignment]"
"ENSRNOT00000077790.2","Slc1a3","434","1498","Forward","2:57757585-57828618 [Sequence]","Reverse","tr|A0A2R8Y642|A0A2R8Y642_HUMAN","1","390","Forward","393 [Sequence]","232","7.14e-63","46.819 [Alignment]"
"ENSRNOT00000022319.7","Slc1a3","1354","1824","Forward","2:57757585-57763072 [Sequence]","Reverse","tr|A0A2R8Y642|A0A2R8Y642_HUMAN","236","390","Forward","157 [Sequence]","227","4.13e-61","66.879 [Alignment]"
"ENSRNOT00000035821.6","Slc1a3","1237","1707","Forward","2:57757585-57763072 [Sequence]","Reverse","tr|A0A2R8Y642|A0A2R8Y642_HUMAN","236","390","Forward","157 [Sequence]","227","4.51e-61","66.879 [Alignment]"
"ENSRNOT00000107277.1","Slc1a3","974","1441","Forward","2:57757585-57762538 [Sequence]","Reverse","tr|A0A2R8Y642|A0A2R8Y642_HUMAN","237","390","Forward","156 [Sequence]","225","1.04e-60","67.308 [Alignment]"
"ENSRNOT00000099702.1","Slc1a1","997","1437","Forward","1:226623392-226629748 [Sequence]","Forward","tr|A0A2R8Y642|A0A2R8Y642_HUMAN","237","383","Forward","147 [Sequence]","219","7.56e-59","68.027 [Alignment]"
"ENSRNOT00000020272.8","Slc1a1","1176","1616","Forward","1:226623392-226629748 [Sequence]","Forward","tr|A0A2R8Y642|A0A2R8Y642_HUMAN","237","383","Forward","147 [Sequence]","219","9.35e-59","68.027 [Alignment]"
"ENSRNOT00000108905.1","Slc1a6","1336","1767","Forward","7:10842084-10848769 [Sequence]","Reverse","tr|A0A2R8Y642|A0A2R8Y642_HUMAN","236","379","Forward","144 [Sequence]","217","3.92e-58","67.361 [Alignment]"
"ENSRNOT00000009931.6","Slc1a6","1327","1758","Forward","7:10842084-10848769 [Sequence]","Reverse","tr|A0A2R8Y642|A0A2R8Y642_HUMAN","236","379","Forward","144 [Sequence]","217","5.28e-58","67.361 [Alignment]"
"ENSRNOT00000072263.3","Slc1a7","861","1424","Forward","5:122771938-122774186 [Sequence]","Forward","tr|A0A2R8Y642|A0A2R8Y642_HUMAN","237","427","Forward","194 [Sequence]","202","2.07e-53","52.062 [Alignment]"
"ENSRNOT00000016557.7","Slc1a7","1275","1838","Forward","5:122771938-122774186 [Sequence]","Forward","tr|A0A2R8Y642|A0A2R8Y642_HUMAN","237","427","Forward","194 [Sequence]","202","4.98e-53","52.062 [Alignment]"
"ENSRNOT00000007002.6","Slc1a4","1268","1753","Forward","14:94531272-94535729 [Sequence]","Reverse","tr|A0A2R8Y642|A0A2R8Y642_HUMAN","237","405","Forward","169 [Sequence]","174","3.31e-44","47.337 [Alignment]"
"ENSRNOT00000090817.2","Slc1a7","1077","1409","Forward","5:122771938-122774058 [Sequence]","Forward","tr|A0A2R8Y642|A0A2R8Y642_HUMAN","237","347","Forward","111 [Sequence]","171","1.68e-43","71.171 [Alignment]"
"ENSRNOT00000021455.7","Slc1a5","1087","2163","Forward","1:77457780-77470419 [Sequence]","Forward","tr|A0A2R8Y642|A0A2R8Y642_HUMAN","115","418","Forward","363 [Sequence]","166","1.07e-41","32.507 [Alignment]"
"ENSRNOT00000111666.1","Slc1a5","1639","2202","Forward","1:77468337-77470419 [Sequence]","Forward","tr|A0A2R8Y642|A0A2R8Y642_HUMAN","237","418","Forward","188 [Sequence]","161","3.89e-40","43.085 [Alignment]"
"ENSRNOT00000064332.4","Slc1a5","1648","2211","Forward","1:77468337-77470419 [Sequence]","Forward","tr|A0A2R8Y642|A0A2R8Y642_HUMAN","237","418","Forward","188 [Sequence]","161","4.84e-40","43.085 [Alignment]"
"ENSRNOT00000099702.1","Slc1a1","157","765","Forward","1:226594451-226620784 [Sequence]","Forward","tr|A0A2R8Y642|A0A2R8Y642_HUMAN","29","236","Forward","209 [Sequence]","160","9.74e-40","52.632 [Alignment]"
"ENSRNOT00000020272.8","Slc1a1","336","944","Forward","1:226594451-226620784 [Sequence]","Forward","tr|A0A2R8Y642|A0A2R8Y642_HUMAN","29","236","Forward","209 [Sequence]","160","1.11e-39","52.632 [Alignment]"
"ENSRNOT00000085599.2","Slc1a3","1364","1699","Forward","2:57757585-57763072 [Sequence]","Reverse","tr|A0A2R8Y642|A0A2R8Y642_HUMAN","236","390","Forward","157 [Sequence]","134","1.65e-31","46.497 [Alignment]"
"ENSRNOT00000105049.1","ENSRNOG00000065811","3","230","Reverse","1:226623509-226629652 [Sequence]","Reverse","tr|A0A2R8Y642|A0A2R8Y642_HUMAN","276","351","Forward","76 [Sequence]","115","1.19e-29","68.421 [Alignment]"
"ENSRNOT00000085599.2","Slc1a3","434","1156","Forward","2:57763280-57828618 [Sequence]","Reverse","tr|A0A2R8Y642|A0A2R8Y642_HUMAN","1","244","Forward","247 [Sequence]","120","2.41e-27","45.749 [Alignment]"
"ENSRNOT00000022319.7","Slc1a3","424","1146","Forward","2:57763280-57828618 [Sequence]","Reverse","tr|A0A2R8Y642|A0A2R8Y642_HUMAN","1","244","Forward","247 [Sequence]","120","2.64e-27","45.749 [Alignment]"
"ENSRNOT00000077808.2","Slc1a7","114","827","Forward","5:122731314-122769785 [Sequence]","Forward","tr|A0A2R8Y642|A0A2R8Y642_HUMAN","1","231","Forward","243 [Sequence]","119","3.59e-27","43.210 [Alignment]"
"ENSRNOT00000016557.7","Slc1a7","312","1025","Forward","5:122731314-122769785 [Sequence]","Forward","tr|A0A2R8Y642|A0A2R8Y642_HUMAN","1","231","Forward","243 [Sequence]","120","4.04e-27","43.210 [Alignment]"
"ENSRNOT00000090817.2","Slc1a7","114","827","Forward","5:122731314-122769785 [Sequence]","Forward","tr|A0A2R8Y642|A0A2R8Y642_HUMAN","1","231","Forward","243 [Sequence]","119","4.40e-27","43.210 [Alignment]"
"ENSRNOT00000108905.1","Slc1a6","526","1128","Forward","7:10848977-10858617 [Sequence]","Reverse","tr|A0A2R8Y642|A0A2R8Y642_HUMAN","59","244","Forward","206 [Sequence]","117","1.70e-26","37.864 [Alignment]"
"ENSRNOT00000107277.1","Slc1a3","59","763","Forward","2:57763280-57814911 [Sequence]","Reverse","tr|A0A2R8Y642|A0A2R8Y642_HUMAN","7","244","Forward","241 [Sequence]","116","4.71e-26","45.643 [Alignment]"
"ENSRNOT00000035821.6","Slc1a3","478","1029","Forward","2:57763280-57771343 [Sequence]","Reverse","tr|A0A2R8Y642|A0A2R8Y642_HUMAN","59","244","Forward","189 [Sequence]","116","5.02e-26","44.444 [Alignment]"
"ENSRNOT00000077808.2","Slc1a7","1077","1505","Forward","5:122771938-122774186 [Sequence]","Forward","tr|A0A2R8Y642|A0A2R8Y642_HUMAN","237","427","Forward","194 [Sequence]","110","1.89e-24","35.567 [Alignment]"
"ENSRNOT00000009931.6","Slc1a6","526","1119","Forward","7:10848977-10858617 [Sequence]","Reverse","tr|A0A2R8Y642|A0A2R8Y642_HUMAN","59","244","Forward","203 [Sequence]","86.2","1.10e-16","34.483 [Alignment]"
"ENSRNOT00000007002.6","Slc1a4","377","1030","Forward","14:94540887-94560042 [Sequence]","Reverse","tr|A0A2R8Y642|A0A2R8Y642_HUMAN","1","235","Forward","241 [Sequence]","77.0","7.20e-14","36.929 [Alignment]"
"ENSRNOT00000072263.3","Slc1a7","258","611","Forward","5:122739863-122769785 [Sequence]","Forward","tr|A0A2R8Y642|A0A2R8Y642_HUMAN","123","231","Forward","121 [Sequence]","74.0","4.91e-13","38.843 [Alignment]"
"ENSRNOT00000064332.4","Slc1a5","907","1437","Forward","1:77457600-77467241 [Sequence]","Forward","tr|A0A2R8Y642|A0A2R8Y642_HUMAN","59","244","Forward","193 [Sequence]","59.8","1.37e-08","31.088 [Alignment]"
"ENSRNOT00000111666.1","Slc1a5","907","1428","Forward","1:77457600-77467241 [Sequence]","Forward","tr|A0A2R8Y642|A0A2R8Y642_HUMAN","59","244","Forward","192 [Sequence]","59.4","1.89e-08","31.771 [Alignment]"
"ENSRNOT00000021455.7","Slc1a5","907","1389","Forward","1:77457600-77467241 [Sequence]","Forward","tr|A0A2R8Y642|A0A2R8Y642_HUMAN","59","244","Forward","192 [Sequence]","58.1","4.09e-08","30.729 [Alignment]"
