"Subject name","Gene hit","Subject start","Subject end","Subject ori","Genomic Location","Orientation","Query name","Query start","Query end","Query ori","Length","Score","E-val","%ID"
"ENSMUST00000111213.8","Slc1a2","1094","1687","Forward","2:102591361-102608036 [Sequence]","Forward","tr|A0A2R8Y642|A0A2R8Y642_HUMAN","237","435","Forward","199 [Sequence]","411","1.71e-125","94.975 [Alignment]"
"ENSMUST00000005220.11","Slc1a2","1119","1712","Forward","2:102591361-102608036 [Sequence]","Forward","tr|A0A2R8Y642|A0A2R8Y642_HUMAN","237","435","Forward","199 [Sequence]","410","2.52e-125","94.975 [Alignment]"
"ENSMUST00000111212.8","Slc1a2","1119","1679","Forward","2:102591361-102611810 [Sequence]","Forward","tr|A0A2R8Y642|A0A2R8Y642_HUMAN","237","424","Forward","188 [Sequence]","389","5.94e-118","95.745 [Alignment]"
"ENSMUST00000080210.10","Slc1a2","1716","2276","Forward","2:102591361-102611810 [Sequence]","Forward","tr|A0A2R8Y642|A0A2R8Y642_HUMAN","237","424","Forward","188 [Sequence]","389","2.60e-115","95.745 [Alignment]"
"ENSMUST00000111212.8","Slc1a2","180","911","Forward","2:102566422-102586279 [Sequence]","Forward","tr|A0A2R8Y642|A0A2R8Y642_HUMAN","1","247","Forward","247 [Sequence]","368","2.14e-110","91.498 [Alignment]"
"ENSMUST00000111213.8","Slc1a2","155","886","Forward","2:102566422-102586279 [Sequence]","Forward","tr|A0A2R8Y642|A0A2R8Y642_HUMAN","1","247","Forward","247 [Sequence]","368","6.13e-110","91.498 [Alignment]"
"ENSMUST00000005220.11","Slc1a2","180","911","Forward","2:102566422-102586279 [Sequence]","Forward","tr|A0A2R8Y642|A0A2R8Y642_HUMAN","1","247","Forward","247 [Sequence]","368","7.57e-110","91.498 [Alignment]"
"ENSMUST00000080210.10","Slc1a2","777","1508","Forward","2:102566422-102586279 [Sequence]","Forward","tr|A0A2R8Y642|A0A2R8Y642_HUMAN","1","247","Forward","247 [Sequence]","368","2.30e-108","91.498 [Alignment]"
"ENSMUST00000154446.2","Slc1a2","3","413","Forward","2:102591520-102611073 [Sequence]","Forward","tr|A0A2R8Y642|A0A2R8Y642_HUMAN","290","426","Forward","138 [Sequence]","274","5.99e-84","92.754 [Alignment]"
"ENSMUST00000136488.2","Slc1a2","236","583","Forward","2:102591361-102607925 [Sequence]","Forward","tr|A0A2R8Y642|A0A2R8Y642_HUMAN","237","397","Forward","161 [Sequence]","220","8.59e-64","68.944 [Alignment]"
"ENSMUST00000005493.14","Slc1a3","1616","2086","Forward","15:8665685-8672385 [Sequence]","Reverse","tr|A0A2R8Y642|A0A2R8Y642_HUMAN","236","390","Forward","157 [Sequence]","227","7.61e-61","66.879 [Alignment]"
"ENSMUST00000125997.2","Slc1a3","2493","2960","Forward","15:8665685-8671859 [Sequence]","Reverse","tr|A0A2R8Y642|A0A2R8Y642_HUMAN","237","390","Forward","156 [Sequence]","226","1.21e-60","67.308 [Alignment]"
"ENSMUST00000162189.2","Slc1a1","848","1288","Forward","19:28882734-28889165 [Sequence]","Forward","tr|A0A2R8Y642|A0A2R8Y642_HUMAN","237","383","Forward","147 [Sequence]","220","8.88e-59","68.707 [Alignment]"
"ENSMUST00000160702.8","Slc1a1","2113","2553","Forward","19:28882734-28889165 [Sequence]","Forward","tr|A0A2R8Y642|A0A2R8Y642_HUMAN","237","383","Forward","147 [Sequence]","219","1.75e-58","68.707 [Alignment]"
"ENSMUST00000025875.5","Slc1a1","1165","1605","Forward","19:28882734-28889165 [Sequence]","Forward","tr|A0A2R8Y642|A0A2R8Y642_HUMAN","237","383","Forward","147 [Sequence]","219","2.77e-58","68.707 [Alignment]"
"ENSMUST00000005490.10","Slc1a6","1352","1783","Forward","10:78636095-78650353 [Sequence]","Forward","tr|A0A2R8Y642|A0A2R8Y642_HUMAN","236","379","Forward","144 [Sequence]","217","6.91e-58","67.361 [Alignment]"
"ENSMUST00000238795.2","Slc1a7","1272","1835","Forward","4:107866877-107869559 [Sequence]","Forward","tr|A0A2R8Y642|A0A2R8Y642_HUMAN","237","427","Forward","194 [Sequence]","201","1.49e-52","52.062 [Alignment]"
"ENSMUST00000106713.5","Slc1a7","1274","1837","Forward","4:107866877-107869559 [Sequence]","Forward","tr|A0A2R8Y642|A0A2R8Y642_HUMAN","237","427","Forward","194 [Sequence]","201","1.49e-52","52.062 [Alignment]"
"ENSMUST00000004634.7","Slc1a4","1248","1649","Forward","11:20254428-20258085 [Sequence]","Reverse","tr|A0A2R8Y642|A0A2R8Y642_HUMAN","237","370","Forward","134 [Sequence]","174","8.32e-44","56.716 [Alignment]"
"ENSMUST00000109594.8","Slc1a4","1277","1678","Forward","11:20254428-20258085 [Sequence]","Reverse","tr|A0A2R8Y642|A0A2R8Y642_HUMAN","237","370","Forward","134 [Sequence]","174","8.36e-44","56.716 [Alignment]"
"ENSMUST00000161119.8","Slc1a1","264","872","Forward","19:28856478-28880086 [Sequence]","Forward","tr|A0A2R8Y642|A0A2R8Y642_HUMAN","29","236","Forward","209 [Sequence]","160","9.46e-40","52.632 [Alignment]"
"ENSMUST00000108496.9","Slc1a5","1663","2226","Forward","7:16529684-16531661 [Sequence]","Forward","tr|A0A2R8Y642|A0A2R8Y642_HUMAN","237","418","Forward","188 [Sequence]","161","1.25e-39","43.085 [Alignment]"
"ENSMUST00000025875.5","Slc1a1","325","933","Forward","19:28856478-28880086 [Sequence]","Forward","tr|A0A2R8Y642|A0A2R8Y642_HUMAN","29","236","Forward","209 [Sequence]","161","1.27e-39","52.632 [Alignment]"
"ENSMUST00000123759.8","Slc1a2","163","510","Forward","2:102566422-102570221 [Sequence]","Forward","tr|A0A2R8Y642|A0A2R8Y642_HUMAN","1","116","Forward","116 [Sequence]","140","3.29e-36","100.000 [Alignment]"
"ENSMUST00000134407.2","Slc1a5","284","610","Forward","7:16529684-16530081 [Sequence]","Forward","tr|A0A2R8Y642|A0A2R8Y642_HUMAN","237","345","Forward","109 [Sequence]","138","9.09e-35","56.881 [Alignment]"
"ENSMUST00000127401.8","Slc1a5","1635","1826","Forward","7:16529684-16529875 [Sequence]","Forward","tr|A0A2R8Y642|A0A2R8Y642_HUMAN","237","300","Forward","64 [Sequence]","85.3","6.28e-34","54.688 [Alignment]"
"ENSMUST00000127401.8","Slc1a5","1901","2092","Forward","7:16529950-16531484 [Sequence]","Forward","tr|A0A2R8Y642|A0A2R8Y642_HUMAN","302","365","Forward","64 [Sequence]","80.7","6.28e-34","59.375 [Alignment]"
"ENSMUST00000160702.8","Slc1a1","1369","1881","Forward","19:28871781-28880086 [Sequence]","Forward","tr|A0A2R8Y642|A0A2R8Y642_HUMAN","62","236","Forward","177 [Sequence]","127","2.83e-29","44.633 [Alignment]"
"ENSMUST00000005493.14","Slc1a3","686","1408","Forward","15:8672593-8738064 [Sequence]","Reverse","tr|A0A2R8Y642|A0A2R8Y642_HUMAN","1","244","Forward","247 [Sequence]","121","3.46e-27","45.749 [Alignment]"
"ENSMUST00000238795.2","Slc1a7","312","1022","Forward","4:107825842-107864772 [Sequence]","Forward","tr|A0A2R8Y642|A0A2R8Y642_HUMAN","1","231","Forward","242 [Sequence]","119","1.37e-26","42.562 [Alignment]"
"ENSMUST00000106713.5","Slc1a7","314","1024","Forward","4:107825842-107864772 [Sequence]","Forward","tr|A0A2R8Y642|A0A2R8Y642_HUMAN","1","231","Forward","242 [Sequence]","119","1.37e-26","42.562 [Alignment]"
"ENSMUST00000005490.10","Slc1a6","542","1144","Forward","10:78627013-78635887 [Sequence]","Forward","tr|A0A2R8Y642|A0A2R8Y642_HUMAN","59","244","Forward","202 [Sequence]","117","2.68e-26","36.139 [Alignment]"
"ENSMUST00000161119.8","Slc1a1","1104","1295","Forward","19:28882734-28882925 [Sequence]","Forward","tr|A0A2R8Y642|A0A2R8Y642_HUMAN","237","300","Forward","64 [Sequence]","108","2.56e-23","76.562 [Alignment]"
"ENSMUST00000162189.2","Slc1a1","290","616","Forward","19:28873482-28880086 [Sequence]","Forward","tr|A0A2R8Y642|A0A2R8Y642_HUMAN","123","236","Forward","115 [Sequence]","105","2.28e-22","49.565 [Alignment]"
"ENSMUST00000124190.2","Slc1a7","352","570","Forward","4:107867565-107868171 [Sequence]","Forward","tr|A0A2R8Y642|A0A2R8Y642_HUMAN","301","373","Forward","73 [Sequence]","102","2.11e-21","60.274 [Alignment]"
"ENSMUST00000127401.8","Slc1a5","768","1397","Forward","7:16516060-16523860 [Sequence]","Forward","tr|A0A2R8Y642|A0A2R8Y642_HUMAN","17","235","Forward","227 [Sequence]","88.3","4.14e-17","36.564 [Alignment]"
"ENSMUST00000108496.9","Slc1a5","796","1425","Forward","7:16516060-16523860 [Sequence]","Forward","tr|A0A2R8Y642|A0A2R8Y642_HUMAN","17","235","Forward","227 [Sequence]","88.3","4.56e-17","36.564 [Alignment]"
"ENSMUST00000141349.2","Slc1a5","706","876","Forward","7:16529684-16529854 [Sequence]","Forward","tr|A0A2R8Y642|A0A2R8Y642_HUMAN","237","293","Forward","57 [Sequence]","83.2","7.51e-16","57.895 [Alignment]"
"ENSMUST00000128879.2","Slc1a3","350","469","Forward","15:8671740-8671859 [Sequence]","Reverse","tr|A0A2R8Y642|A0A2R8Y642_HUMAN","237","276","Forward","40 [Sequence]","80.3","1.00e-15","82.500 [Alignment]"
"ENSMUST00000125997.2","Slc1a3","1914","2282","Forward","15:8672593-8679077 [Sequence]","Reverse","tr|A0A2R8Y642|A0A2R8Y642_HUMAN","121","244","Forward","127 [Sequence]","81.1","6.99e-15","39.370 [Alignment]"
"ENSMUST00000004634.7","Slc1a4","357","1010","Forward","11:20263918-20282328 [Sequence]","Reverse","tr|A0A2R8Y642|A0A2R8Y642_HUMAN","1","235","Forward","241 [Sequence]","75.3","4.45e-13","36.929 [Alignment]"
"ENSMUST00000109594.8","Slc1a4","386","1039","Forward","11:20263918-20282328 [Sequence]","Reverse","tr|A0A2R8Y642|A0A2R8Y642_HUMAN","1","235","Forward","241 [Sequence]","75.3","4.46e-13","36.929 [Alignment]"
"ENSMUST00000135817.3","Slc1a5","67","381","Forward","7:16519602-16527596 [Sequence]","Forward","tr|A0A2R8Y642|A0A2R8Y642_HUMAN","124","244","Forward","122 [Sequence]","61.9","7.68e-10","31.967 [Alignment]"
"ENSMUST00000175647.8","Spata6l","1456","1692","Reverse","19:28878788-28879024 [Sequence]","Reverse","tr|A0A2R8Y642|A0A2R8Y642_HUMAN","153","235","Forward","83 [Sequence]","64.0","1.01e-09","40.964 [Alignment]"
"ENSMUST00000147814.2","Slc1a5","558","728","Forward","7:16523717-16527596 [Sequence]","Forward","tr|A0A2R8Y642|A0A2R8Y642_HUMAN","188","244","Forward","57 [Sequence]","50.6","9.47e-06","42.105 [Alignment]"
"ENSMUST00000217717.2","Slc1a6","389","583","Forward","10:78624855-78627117 [Sequence]","Forward","tr|A0A2R8Y642|A0A2R8Y642_HUMAN","29","93","Forward","65 [Sequence]","47.2","1.01e-04","61.538 [Alignment]"
"ENSMUST00000125997.2","Slc1a3","468","680","Forward","15:8680311-8680523 [Sequence]","Reverse","tr|A0A2R8Y642|A0A2R8Y642_HUMAN","59","130","Forward","72 [Sequence]","43.9","0.001","51.389 [Alignment]"
"ENSMUST00000206781.2","Gm19187","474","797","Forward","7:55866205-55866528 [Sequence]","Reverse","tr|A0A2R8Y642|A0A2R8Y642_HUMAN","115","244","Forward","130 [Sequence]","41.8","0.006","29.231 [Alignment]"
"ENSMUST00000206444.2","Slc1a5","53","130","Forward","7:16516375-16520282 [Sequence]","Forward","tr|A0A2R8Y642|A0A2R8Y642_HUMAN","115","140","Forward","26 [Sequence]","39.7","0.018","61.538 [Alignment]"
