"Subject name","Gene hit","Subject start","Subject end","Subject ori","Genomic Location","Orientation","Query name","Query start","Query end","Query ori","Length","Score","E-val","%ID"
"ENSTGET00000004367.1","ENSTGEG00000002970","1","1191","Forward","14:29912607-30048216 [Sequence]","Forward","tr|A0A2R8Y4D1|A0A2R8Y4D1_HUMAN","1","397","Forward","397 [Sequence]","707","0.0","99.748 [Alignment]"
"ENSTGET00000004360.1","ENSTGEG00000002970","1","1191","Forward","14:29912607-30048216 [Sequence]","Forward","tr|A0A2R8Y4D1|A0A2R8Y4D1_HUMAN","1","397","Forward","397 [Sequence]","707","0.0","99.748 [Alignment]"
"ENSTGET00000004369.1","ENSTGEG00000002970","1","1191","Forward","14:29912607-30048216 [Sequence]","Forward","tr|A0A2R8Y4D1|A0A2R8Y4D1_HUMAN","1","397","Forward","397 [Sequence]","706","0.0","99.748 [Alignment]"
"ENSTGET00000004353.1","ENSTGEG00000002970","4","1179","Forward","14:29911636-30048216 [Sequence]","Forward","tr|A0A2R8Y4D1|A0A2R8Y4D1_HUMAN","6","397","Forward","392 [Sequence]","697","0.0","99.745 [Alignment]"
"ENSTGET00000004373.1","ENSTGEG00000002970","121","1299","Forward","14:30012509-30048216 [Sequence]","Forward","tr|A0A2R8Y4D1|A0A2R8Y4D1_HUMAN","5","397","Forward","393 [Sequence]","695","0.0","99.237 [Alignment]"
"ENSTGET00000004372.1","ENSTGEG00000002970","10","1182","Forward","14:30017560-30048216 [Sequence]","Forward","tr|A0A2R8Y4D1|A0A2R8Y4D1_HUMAN","7","397","Forward","391 [Sequence]","695","0.0","99.744 [Alignment]"
"ENSTGET00000004370.1","ENSTGEG00000002970","34","1206","Forward","14:30017560-30048216 [Sequence]","Forward","tr|A0A2R8Y4D1|A0A2R8Y4D1_HUMAN","7","397","Forward","391 [Sequence]","695","0.0","99.744 [Alignment]"
"ENSTGET00000004364.1","ENSTGEG00000002970","1","891","Forward","14:29912607-30048150 [Sequence]","Forward","tr|A0A2R8Y4D1|A0A2R8Y4D1_HUMAN","1","295","Forward","297 [Sequence]","502","3.96e-165","96.633 [Alignment]"
"ENSTGET00000031499.1","ENSTGEG00000021311","43","1092","Forward","15:77258084-77339799 [Sequence]","Reverse","tr|A0A2R8Y4D1|A0A2R8Y4D1_HUMAN","41","397","Forward","363 [Sequence]","283","3.27e-82","52.617 [Alignment]"
"ENSTGET00000011946.1","ENSTGEG00000008149","157","1269","Forward","19:14595788-14615379 [Sequence]","Reverse","tr|A0A2R8Y4D1|A0A2R8Y4D1_HUMAN","41","397","Forward","375 [Sequence]","264","2.64e-75","46.933 [Alignment]"
"ENSTGET00000011339.1","ENSTGEG00000007717","133","1194","Forward","6:36201289-36274952 [Sequence]","Forward","tr|A0A2R8Y4D1|A0A2R8Y4D1_HUMAN","41","397","Forward","360 [Sequence]","262","5.11e-75","52.500 [Alignment]"
"ENSTGET00000011325.1","ENSTGEG00000007717","376","1437","Forward","6:36201289-36274952 [Sequence]","Forward","tr|A0A2R8Y4D1|A0A2R8Y4D1_HUMAN","41","397","Forward","360 [Sequence]","262","1.15e-73","52.500 [Alignment]"
"ENSTGET00000011342.1","ENSTGEG00000007717","196","1056","Forward","6:36265512-36274952 [Sequence]","Forward","tr|A0A2R8Y4D1|A0A2R8Y4D1_HUMAN","109","397","Forward","292 [Sequence]","252","1.74e-71","53.425 [Alignment]"
"ENSTGET00000011941.1","ENSTGEG00000008149","355","1077","Forward","19:14595788-14614365 [Sequence]","Reverse","tr|A0A2R8Y4D1|A0A2R8Y4D1_HUMAN","173","397","Forward","243 [Sequence]","210","7.51e-57","47.737 [Alignment]"
"ENSTGET00000009325.1","ENSTGEG00000006339","214","915","Forward","1:81026007-81068853 [Sequence]","Reverse","tr|A0A2R8Y4D1|A0A2R8Y4D1_HUMAN","173","397","Forward","236 [Sequence]","185","1.21e-48","45.339 [Alignment]"
"ENSTGET00000014943.1","ENSTGEG00000010141","522","1556","Forward","13:85635124-85662786 [Sequence]","Forward","tr|A0A2R8Y4D1|A0A2R8Y4D1_HUMAN","36","397","Forward","368 [Sequence]","184","7.46e-48","42.935 [Alignment]"
"ENSTGET00000009323.1","ENSTGEG00000006339","34","1029","Forward","1:81027865-81076860 [Sequence]","Reverse","tr|A0A2R8Y4D1|A0A2R8Y4D1_HUMAN","39","363","Forward","336 [Sequence]","183","1.11e-47","42.857 [Alignment]"
"ENSTGET00000034265.1","ENSTGEG00000023133","544","1158","Forward","19:23940977-23952170 [Sequence]","Reverse","tr|A0A2R8Y4D1|A0A2R8Y4D1_HUMAN","165","397","Forward","233 [Sequence]","176","2.11e-45","40.343 [Alignment]"
"ENSTGET00000034266.1","ENSTGEG00000023133","40","549","Forward","19:23940977-23948786 [Sequence]","Reverse","tr|A0A2R8Y4D1|A0A2R8Y4D1_HUMAN","226","397","Forward","172 [Sequence]","153","1.31e-38","43.023 [Alignment]"
"ENSTGET00000011343.1","ENSTGEG00000007717","517","858","Forward","6:36265695-36274952 [Sequence]","Forward","tr|A0A2R8Y4D1|A0A2R8Y4D1_HUMAN","284","397","Forward","114 [Sequence]","141","2.03e-34","64.912 [Alignment]"
"ENSTGET00000011947.1","ENSTGEG00000008149","157","969","Forward","19:14595854-14615379 [Sequence]","Reverse","tr|A0A2R8Y4D1|A0A2R8Y4D1_HUMAN","41","295","Forward","275 [Sequence]","128","1.77e-30","39.273 [Alignment]"
"ENSTGET00000004364.1","ENSTGEG00000002970","859","957","Forward","14:30048118-30048216 [Sequence]","Forward","tr|A0A2R8Y4D1|A0A2R8Y4D1_HUMAN","365","397","Forward","33 [Sequence]","75.3","8.95e-14","100.000 [Alignment]"
"ENSTGET00000011947.1","ENSTGEG00000008149","883","1035","Forward","19:14595788-14603685 [Sequence]","Reverse","tr|A0A2R8Y4D1|A0A2R8Y4D1_HUMAN","347","397","Forward","51 [Sequence]","67.7","1.80e-11","56.863 [Alignment]"
"ENSTGET00000009323.1","ENSTGEG00000006339","1180","1308","Forward","1:81026007-81026135 [Sequence]","Reverse","tr|A0A2R8Y4D1|A0A2R8Y4D1_HUMAN","355","397","Forward","43 [Sequence]","57.7","2.16e-08","58.140 [Alignment]"
"ENSTGET00000009326.1","ENSTGEG00000006339","34","435","Forward","1:81043221-81076860 [Sequence]","Reverse","tr|A0A2R8Y4D1|A0A2R8Y4D1_HUMAN","39","174","Forward","136 [Sequence]","55.6","3.86e-08","43.382 [Alignment]"
"ENSTGET00000014948.1","ENSTGEG00000010141","88","240","Forward","13:85656427-85662786 [Sequence]","Forward","tr|A0A2R8Y4D1|A0A2R8Y4D1_HUMAN","347","397","Forward","51 [Sequence]","54.4","1.65e-07","43.137 [Alignment]"
"ENSTGET00000011343.1","ENSTGEG00000007717","133","525","Forward","6:36201289-36274089 [Sequence]","Forward","tr|A0A2R8Y4D1|A0A2R8Y4D1_HUMAN","41","173","Forward","133 [Sequence]","51.4","2.12e-06","51.880 [Alignment]"
"ENSTGET00000014948.1","ENSTGEG00000010141","1","153","Forward","13:85656340-85662699 [Sequence]","Forward","tr|A0A2R8Y4D1|A0A2R8Y4D1_HUMAN","240","290","Forward","51 [Sequence]","46.8","3.99e-05","43.137 [Alignment]"
