"Subject name","Gene hit","Subject start","Subject end","Subject ori","Genomic Location","Orientation","Query name","Query start","Query end","Query ori","Length","Score","E-val","%ID"
"ENSOART00020066946.1","SLC1A2","502","1692","Forward","15:64608782-64740105 [Sequence]","Reverse","tr|A0A2R8Y4D1|A0A2R8Y4D1_HUMAN","1","397","Forward","397 [Sequence]","679","0.0","95.718 [Alignment]"
"ENSOART00020024889.2","SLC1A2","502","1692","Forward","15:64608782-64740105 [Sequence]","Reverse","tr|A0A2R8Y4D1|A0A2R8Y4D1_HUMAN","1","397","Forward","397 [Sequence]","679","0.0","95.718 [Alignment]"
"ENSOART00020024939.2","SLC1A2","502","1692","Forward","15:64608782-64740105 [Sequence]","Reverse","tr|A0A2R8Y4D1|A0A2R8Y4D1_HUMAN","1","397","Forward","397 [Sequence]","677","0.0","95.718 [Alignment]"
"ENSOART00020024194.2","SLC1A2","4","1179","Forward","15:64608782-64741137 [Sequence]","Reverse","tr|A0A2R8Y4D1|A0A2R8Y4D1_HUMAN","6","397","Forward","392 [Sequence]","669","0.0","95.663 [Alignment]"
"ENSOART00020024427.2","SLC1A2","314","1501","Forward","15:64608782-64723421 [Sequence]","Reverse","tr|A0A2R8Y4D1|A0A2R8Y4D1_HUMAN","2","397","Forward","396 [Sequence]","669","0.0","94.949 [Alignment]"
"ENSOART00020024983.2","SLC1A2","293","1477","Forward","15:64608782-64712544 [Sequence]","Reverse","tr|A0A2R8Y4D1|A0A2R8Y4D1_HUMAN","3","397","Forward","395 [Sequence]","668","0.0","94.937 [Alignment]"
"ENSOART00020024510.2","SLC1A2","392","1564","Forward","15:64608782-64642082 [Sequence]","Reverse","tr|A0A2R8Y4D1|A0A2R8Y4D1_HUMAN","7","397","Forward","391 [Sequence]","667","0.0","95.652 [Alignment]"
"ENSOART00020024558.2","SLC1A2","209","1381","Forward","15:64608782-64642082 [Sequence]","Reverse","tr|A0A2R8Y4D1|A0A2R8Y4D1_HUMAN","7","397","Forward","391 [Sequence]","667","0.0","95.652 [Alignment]"
"ENSOART00020024811.2","SLC1A2","100","1272","Forward","15:64608782-64642082 [Sequence]","Reverse","tr|A0A2R8Y4D1|A0A2R8Y4D1_HUMAN","7","397","Forward","391 [Sequence]","666","0.0","95.652 [Alignment]"
"ENSOART00020024495.2","SLC1A2","502","1392","Forward","15:64608848-64740105 [Sequence]","Reverse","tr|A0A2R8Y4D1|A0A2R8Y4D1_HUMAN","1","295","Forward","297 [Sequence]","476","3.36e-151","92.256 [Alignment]"
"ENSOART00020011214.2","SLC1A1","224","1297","Forward","2:72836492-72900530 [Sequence]","Forward","tr|A0A2R8Y4D1|A0A2R8Y4D1_HUMAN","38","397","Forward","363 [Sequence]","284","1.03e-80","50.964 [Alignment]"
"ENSOART00020021309.2","SLC1A3","353","1414","Forward","16:37725126-37798785 [Sequence]","Reverse","tr|A0A2R8Y4D1|A0A2R8Y4D1_HUMAN","41","397","Forward","360 [Sequence]","265","4.55e-75","52.778 [Alignment]"
"ENSOART00020021203.2","SLC1A3","353","1414","Forward","16:37725126-37798785 [Sequence]","Reverse","tr|A0A2R8Y4D1|A0A2R8Y4D1_HUMAN","41","397","Forward","360 [Sequence]","264","4.17e-74","52.778 [Alignment]"
"ENSOART00020006457.2","SLC1A6","279","1391","Forward","5:8025523-8037402 [Sequence]","Forward","tr|A0A2R8Y4D1|A0A2R8Y4D1_HUMAN","41","397","Forward","373 [Sequence]","258","3.99e-72","46.113 [Alignment]"
"ENSOART00020021394.2","SLC1A3","196","1056","Forward","16:37725126-37735944 [Sequence]","Reverse","tr|A0A2R8Y4D1|A0A2R8Y4D1_HUMAN","109","397","Forward","292 [Sequence]","255","7.48e-71","53.767 [Alignment]"
"ENSOART00020066856.1","SLC1A6","419","1330","Forward","5:8028538-8037402 [Sequence]","Forward","tr|A0A2R8Y4D1|A0A2R8Y4D1_HUMAN","109","397","Forward","305 [Sequence]","253","8.54e-71","46.885 [Alignment]"
"ENSOART00020008339.2","SLC1A7","34","1131","Forward","1:27619456-27667680 [Sequence]","Reverse","tr|A0A2R8Y4D1|A0A2R8Y4D1_HUMAN","39","397","Forward","371 [Sequence]","235","2.49e-64","45.822 [Alignment]"
"ENSOART00020001216.2","SLC1A4","333","1406","Forward","3:43312032-43334491 [Sequence]","Reverse","tr|A0A2R8Y4D1|A0A2R8Y4D1_HUMAN","24","397","Forward","382 [Sequence]","206","1.51e-54","42.147 [Alignment]"
"ENSOART00020016329.2","SLC1A5","916","1716","Forward","14:53641429-53649251 [Sequence]","Reverse","tr|A0A2R8Y4D1|A0A2R8Y4D1_HUMAN","109","397","Forward","294 [Sequence]","183","4.37e-47","38.776 [Alignment]"
"ENSOART00020021339.2","SLC1A3","737","1078","Forward","16:37725126-37735761 [Sequence]","Reverse","tr|A0A2R8Y4D1|A0A2R8Y4D1_HUMAN","284","397","Forward","114 [Sequence]","143","2.60e-34","65.789 [Alignment]"
"ENSOART00020006474.2","SLC1A6","279","1091","Forward","5:8025523-8037336 [Sequence]","Forward","tr|A0A2R8Y4D1|A0A2R8Y4D1_HUMAN","41","295","Forward","273 [Sequence]","120","2.09e-27","38.095 [Alignment]"
"ENSOART00020024495.2","SLC1A2","1360","1458","Forward","15:64608782-64608880 [Sequence]","Reverse","tr|A0A2R8Y4D1|A0A2R8Y4D1_HUMAN","365","397","Forward","33 [Sequence]","75.3","2.57e-13","100.000 [Alignment]"
"ENSOART00020006474.2","SLC1A6","1005","1157","Forward","5:8030829-8037402 [Sequence]","Forward","tr|A0A2R8Y4D1|A0A2R8Y4D1_HUMAN","347","397","Forward","51 [Sequence]","68.2","4.11e-11","56.863 [Alignment]"
"ENSOART00020067691.1","SLC1A4","94","240","Forward","3:43312032-43319685 [Sequence]","Reverse","tr|A0A2R8Y4D1|A0A2R8Y4D1_HUMAN","343","397","Forward","55 [Sequence]","54.8","5.88e-07","41.818 [Alignment]"
"ENSOART00020021339.2","SLC1A3","353","745","Forward","16:37726064-37798785 [Sequence]","Reverse","tr|A0A2R8Y4D1|A0A2R8Y4D1_HUMAN","41","173","Forward","133 [Sequence]","51.9","4.37e-06","51.880 [Alignment]"
"ENSOART00020067691.1","SLC1A4","1","153","Forward","3:43312119-43319778 [Sequence]","Reverse","tr|A0A2R8Y4D1|A0A2R8Y4D1_HUMAN","240","290","Forward","51 [Sequence]","45.6","3.59e-04","41.176 [Alignment]"
