"Subject name","Gene hit","Subject start","Subject end","Subject ori","Genomic Location","Orientation","Query name","Query start","Query end","Query ori","Length","Score","E-val","%ID"
"ENSSSCT00000051003.3","SLC1A2","413","1603","Forward","2:25605563-25741477 [Sequence]","Forward","tr|A0A2R8Y4D1|A0A2R8Y4D1_HUMAN","1","397","Forward","397 [Sequence]","677","0.0","95.970 [Alignment]"
"ENSSSCT00000048330.2","SLC1A2","564","1754","Forward","2:25605563-25741477 [Sequence]","Forward","tr|A0A2R8Y4D1|A0A2R8Y4D1_HUMAN","1","397","Forward","397 [Sequence]","677","0.0","95.970 [Alignment]"
"ENSSSCT00000014522.5","SLC1A2","890","2062","Forward","2:25707090-25741477 [Sequence]","Forward","tr|A0A2R8Y4D1|A0A2R8Y4D1_HUMAN","7","397","Forward","391 [Sequence]","667","0.0","95.908 [Alignment]"
"ENSSSCT00000051921.3","SLC1A2","136","1323","Forward","2:25657593-25741477 [Sequence]","Forward","tr|A0A2R8Y4D1|A0A2R8Y4D1_HUMAN","2","397","Forward","396 [Sequence]","667","0.0","95.202 [Alignment]"
"ENSSSCT00000053521.3","SLC1A2","28","1200","Forward","2:25707090-25741477 [Sequence]","Forward","tr|A0A2R8Y4D1|A0A2R8Y4D1_HUMAN","7","397","Forward","391 [Sequence]","666","0.0","95.908 [Alignment]"
"ENSSSCT00000098717.1","SLC1A2","246","1418","Forward","2:25707090-25741477 [Sequence]","Forward","tr|A0A2R8Y4D1|A0A2R8Y4D1_HUMAN","7","397","Forward","391 [Sequence]","666","0.0","95.908 [Alignment]"
"ENSSSCT00000092276.1","SLC1A2","413","1303","Forward","2:25605563-25741411 [Sequence]","Forward","tr|A0A2R8Y4D1|A0A2R8Y4D1_HUMAN","1","295","Forward","297 [Sequence]","475","3.00e-146","92.593 [Alignment]"
"ENSSSCT00000005755.4","SLC1A1","233","1366","Forward","1:217378053-217441442 [Sequence]","Reverse","tr|A0A2R8Y4D1|A0A2R8Y4D1_HUMAN","11","397","Forward","387 [Sequence]","284","1.13e-80","48.579 [Alignment]"
"ENSSSCT00000051657.2","SLC1A3","275","1336","Forward","16:21875654-21954217 [Sequence]","Forward","tr|A0A2R8Y4D1|A0A2R8Y4D1_HUMAN","41","397","Forward","360 [Sequence]","265","1.89e-75","52.778 [Alignment]"
"ENSSSCT00000063429.3","SLC1A3","275","1336","Forward","16:21875654-21954217 [Sequence]","Forward","tr|A0A2R8Y4D1|A0A2R8Y4D1_HUMAN","41","397","Forward","360 [Sequence]","265","2.42e-75","52.778 [Alignment]"
"ENSSSCT00000018338.3","SLC1A3","351","1412","Forward","16:21875654-21954217 [Sequence]","Forward","tr|A0A2R8Y4D1|A0A2R8Y4D1_HUMAN","41","397","Forward","360 [Sequence]","266","6.06e-75","52.778 [Alignment]"
"ENSSSCT00000106508.1","SLC1A3","275","1336","Forward","16:21875654-21954217 [Sequence]","Forward","tr|A0A2R8Y4D1|A0A2R8Y4D1_HUMAN","41","397","Forward","360 [Sequence]","266","1.34e-74","52.778 [Alignment]"
"ENSSSCT00000015111.5","SLC1A6","665","1777","Forward","2:62609076-62619469 [Sequence]","Forward","tr|A0A2R8Y4D1|A0A2R8Y4D1_HUMAN","41","397","Forward","375 [Sequence]","259","2.07e-72","45.867 [Alignment]"
"ENSSSCT00000061959.1","SLC1A3","414","1274","Forward","16:21943075-21954217 [Sequence]","Forward","tr|A0A2R8Y4D1|A0A2R8Y4D1_HUMAN","109","397","Forward","292 [Sequence]","256","1.45e-71","53.767 [Alignment]"
"ENSSSCT00000004264.5","SLC1A7","205","1311","Forward","6:159106265-159150523 [Sequence]","Forward","tr|A0A2R8Y4D1|A0A2R8Y4D1_HUMAN","36","397","Forward","374 [Sequence]","236","7.33e-65","45.722 [Alignment]"
"ENSSSCT00000072841.1","SLC1A1","233","1303","Forward","1:217378053-217441442 [Sequence]","Reverse","tr|A0A2R8Y4D1|A0A2R8Y4D1_HUMAN","11","397","Forward","387 [Sequence]","226","2.13e-61","43.669 [Alignment]"
"ENSSSCT00000083818.2","SLC1A6","378","1100","Forward","2:62610018-62619469 [Sequence]","Forward","tr|A0A2R8Y4D1|A0A2R8Y4D1_HUMAN","173","397","Forward","243 [Sequence]","208","8.16e-56","47.325 [Alignment]"
"ENSSSCT00000029680.4","SLC1A4","1195","2115","Forward","3:76944509-76965977 [Sequence]","Reverse","tr|A0A2R8Y4D1|A0A2R8Y4D1_HUMAN","75","397","Forward","329 [Sequence]","189","5.85e-49","42.553 [Alignment]"
"ENSSSCT00000003444.4","SLC1A5","1010","1810","Forward","6:52651272-52660450 [Sequence]","Reverse","tr|A0A2R8Y4D1|A0A2R8Y4D1_HUMAN","109","397","Forward","294 [Sequence]","182","4.45e-47","40.136 [Alignment]"
"ENSSSCT00000090461.2","SLC1A5","361","1128","Forward","6:52651272-52660450 [Sequence]","Reverse","tr|A0A2R8Y4D1|A0A2R8Y4D1_HUMAN","109","397","Forward","294 [Sequence]","158","2.55e-39","37.075 [Alignment]"
"ENSSSCT00000042489.1","SLC1A3","735","1076","Forward","16:21943258-21954217 [Sequence]","Forward","tr|A0A2R8Y4D1|A0A2R8Y4D1_HUMAN","284","397","Forward","114 [Sequence]","142","2.99e-34","64.912 [Alignment]"
"ENSSSCT00000062502.3","SLC1A6","665","1477","Forward","2:62609076-62619403 [Sequence]","Forward","tr|A0A2R8Y4D1|A0A2R8Y4D1_HUMAN","41","295","Forward","275 [Sequence]","122","7.20e-28","38.182 [Alignment]"
"ENSSSCT00000092276.1","SLC1A2","1271","1369","Forward","2:25741379-25741477 [Sequence]","Forward","tr|A0A2R8Y4D1|A0A2R8Y4D1_HUMAN","365","397","Forward","33 [Sequence]","74.9","3.50e-13","100.000 [Alignment]"
"ENSSSCT00000062502.3","SLC1A6","1391","1543","Forward","2:62613380-62619469 [Sequence]","Forward","tr|A0A2R8Y4D1|A0A2R8Y4D1_HUMAN","347","397","Forward","51 [Sequence]","68.2","3.59e-11","56.863 [Alignment]"
"ENSSSCT00000090917.1","SLC1A7","205","615","Forward","6:159106265-159138369 [Sequence]","Forward","tr|A0A2R8Y4D1|A0A2R8Y4D1_HUMAN","36","174","Forward","139 [Sequence]","53.9","5.25e-07","42.446 [Alignment]"
"ENSSSCT00000071206.2","SLC1A4","94","240","Forward","3:76944509-76951444 [Sequence]","Reverse","tr|A0A2R8Y4D1|A0A2R8Y4D1_HUMAN","343","397","Forward","55 [Sequence]","53.1","1.31e-06","40.000 [Alignment]"
"ENSSSCT00000042489.1","SLC1A3","351","743","Forward","16:21875654-21953383 [Sequence]","Forward","tr|A0A2R8Y4D1|A0A2R8Y4D1_HUMAN","41","173","Forward","133 [Sequence]","51.9","3.00e-06","51.128 [Alignment]"
"ENSSSCT00000071206.2","SLC1A4","1","153","Forward","3:76944596-76951537 [Sequence]","Reverse","tr|A0A2R8Y4D1|A0A2R8Y4D1_HUMAN","240","290","Forward","51 [Sequence]","45.6","3.09e-04","41.176 [Alignment]"
