"Subject name","Gene hit","Subject start","Subject end","Subject ori","Genomic Location","Orientation","Query name","Query start","Query end","Query ori","Length","Score","E-val","%ID"
"ENSMMUT00000006147.4","SLC1A2","748","1734","Forward","14:30169017-30210119 [Sequence]","Forward","tr|A0A2R8Y4N0|A0A2R8Y4N0_HUMAN","2","330","Forward","329 [Sequence]","675","0.0","100.000 [Alignment]"
"ENSMMUT00000096837.1","SLC1A2","782","1768","Forward","14:30169017-30210119 [Sequence]","Forward","tr|A0A2R8Y4N0|A0A2R8Y4N0_HUMAN","2","330","Forward","329 [Sequence]","675","0.0","100.000 [Alignment]"
"ENSMMUT00000094689.1","SLC1A2","727","1713","Forward","14:30169017-30210119 [Sequence]","Forward","tr|A0A2R8Y4N0|A0A2R8Y4N0_HUMAN","2","330","Forward","329 [Sequence]","675","0.0","100.000 [Alignment]"
"ENSMMUT00000109509.1","SLC1A2","1325","2311","Forward","14:30169017-30210119 [Sequence]","Forward","tr|A0A2R8Y4N0|A0A2R8Y4N0_HUMAN","2","330","Forward","329 [Sequence]","675","0.0","100.000 [Alignment]"
"ENSMMUT00000090431.1","SLC1A2","862","1848","Forward","14:30169017-30210119 [Sequence]","Forward","tr|A0A2R8Y4N0|A0A2R8Y4N0_HUMAN","2","330","Forward","329 [Sequence]","675","0.0","100.000 [Alignment]"
"ENSMMUT00000044087.3","SLC1A2","1322","2419","Forward","14:30169017-30210119 [Sequence]","Forward","tr|A0A2R8Y4N0|A0A2R8Y4N0_HUMAN","2","330","Forward","366 [Sequence]","655","0.0","89.891 [Alignment]"
"ENSMMUT00000084836.1","SLC1A2","1304","1933","Forward","14:30183637-30210119 [Sequence]","Forward","tr|A0A2R8Y4N0|A0A2R8Y4N0_HUMAN","121","330","Forward","210 [Sequence]","456","7.11e-146","100.000 [Alignment]"
"ENSMMUT00000041841.3","SLC1A3","956","1825","Forward","6:36493952-36503428 [Sequence]","Forward","tr|A0A2R8Y4N0|A0A2R8Y4N0_HUMAN","4","290","Forward","290 [Sequence]","346","2.10e-103","60.345 [Alignment]"
"ENSMMUT00000072923.2","SLC1A3","840","1709","Forward","6:36493952-36503428 [Sequence]","Forward","tr|A0A2R8Y4N0|A0A2R8Y4N0_HUMAN","4","290","Forward","290 [Sequence]","346","2.32e-103","60.345 [Alignment]"
"ENSMMUT00000008674.3","SLC1A3","970","1758","Forward","6:36493952-36505505 [Sequence]","Forward","tr|A0A2R8Y4N0|A0A2R8Y4N0_HUMAN","4","274","Forward","271 [Sequence]","340","3.71e-102","61.993 [Alignment]"
"ENSMMUT00000002449.4","SLC1A6","972","1751","Forward","19:14538969-14551614 [Sequence]","Reverse","tr|A0A2R8Y4N0|A0A2R8Y4N0_HUMAN","4","263","Forward","260 [Sequence]","330","4.81e-99","60.769 [Alignment]"
"ENSMMUT00000102306.1","SLC1A6","1032","1811","Forward","19:14538969-14551614 [Sequence]","Reverse","tr|A0A2R8Y4N0|A0A2R8Y4N0_HUMAN","4","263","Forward","260 [Sequence]","330","6.84e-99","60.769 [Alignment]"
"ENSMMUT00000101610.1","SLC1A6","1092","1871","Forward","19:14538969-14551614 [Sequence]","Reverse","tr|A0A2R8Y4N0|A0A2R8Y4N0_HUMAN","4","263","Forward","260 [Sequence]","330","9.53e-99","60.769 [Alignment]"
"ENSMMUT00000093010.1","SLC1A6","1118","1897","Forward","19:14538969-14551614 [Sequence]","Reverse","tr|A0A2R8Y4N0|A0A2R8Y4N0_HUMAN","4","263","Forward","260 [Sequence]","330","1.07e-98","60.769 [Alignment]"
"ENSMMUT00000110288.1","SLC1A6","1253","2032","Forward","19:14538969-14551614 [Sequence]","Reverse","tr|A0A2R8Y4N0|A0A2R8Y4N0_HUMAN","4","263","Forward","260 [Sequence]","330","1.88e-98","60.769 [Alignment]"
"ENSMMUT00000056448.2","SLC1A6","988","1767","Forward","19:14538969-14551614 [Sequence]","Reverse","tr|A0A2R8Y4N0|A0A2R8Y4N0_HUMAN","4","263","Forward","260 [Sequence]","330","5.20e-98","60.769 [Alignment]"
"ENSMMUT00000096585.1","SLC1A1","818","1612","Forward","15:79240128-79253564 [Sequence]","Reverse","tr|A0A2R8Y4N0|A0A2R8Y4N0_HUMAN","2","267","Forward","266 [Sequence]","325","2.90e-96","61.278 [Alignment]"
"ENSMMUT00000000192.4","SLC1A1","583","1299","Forward","15:79240128-79258701 [Sequence]","Reverse","tr|A0A2R8Y4N0|A0A2R8Y4N0_HUMAN","23","267","Forward","245 [Sequence]","287","3.21e-85","61.633 [Alignment]"
"ENSMMUT00000014365.3","SLC1A4","667","1503","Forward","13:43745411-43755574 [Sequence]","Reverse","tr|A0A2R8Y4N0|A0A2R8Y4N0_HUMAN","4","289","Forward","286 [Sequence]","266","5.84e-77","47.902 [Alignment]"
"ENSMMUT00000060644.2","SLC1A4","685","1674","Forward","13:43745258-43755574 [Sequence]","Reverse","tr|A0A2R8Y4N0|A0A2R8Y4N0_HUMAN","4","328","Forward","330 [Sequence]","267","2.61e-76","43.939 [Alignment]"
"ENSMMUT00000091204.1","SLC1A3","840","1574","Forward","6:36493952-36503428 [Sequence]","Forward","tr|A0A2R8Y4N0|A0A2R8Y4N0_HUMAN","4","290","Forward","290 [Sequence]","253","1.15e-71","49.310 [Alignment]"
"ENSMMUT00000071380.2","SLC1A5","1259","2173","Forward","19:46787565-46795895 [Sequence]","Reverse","tr|A0A2R8Y4N0|A0A2R8Y4N0_HUMAN","4","302","Forward","305 [Sequence]","251","8.49e-71","43.279 [Alignment]"
"ENSMMUT00000082720.1","SLC1A5","1335","2249","Forward","19:46787565-46795895 [Sequence]","Reverse","tr|A0A2R8Y4N0|A0A2R8Y4N0_HUMAN","4","302","Forward","305 [Sequence]","251","9.68e-71","43.279 [Alignment]"
"ENSMMUT00000000191.4","SLC1A1","646","1305","Forward","15:79240128-79253564 [Sequence]","Reverse","tr|A0A2R8Y4N0|A0A2R8Y4N0_HUMAN","2","267","Forward","266 [Sequence]","233","8.65e-66","49.624 [Alignment]"
"ENSMMUT00000080064.1","SLC1A6","1157","1639","Forward","19:14538969-14551551 [Sequence]","Reverse","tr|A0A2R8Y4N0|A0A2R8Y4N0_HUMAN","103","263","Forward","161 [Sequence]","220","1.70e-60","62.733 [Alignment]"
"ENSMMUT00000010641.4","SLC1A7","1180","1620","Forward","1:171321574-171323493 [Sequence]","Forward","tr|A0A2R8Y4N0|A0A2R8Y4N0_HUMAN","111","257","Forward","147 [Sequence]","203","8.80e-55","63.265 [Alignment]"
"ENSMMUT00000031172.4","SLC1A5","679","1545","Forward","19:46787565-46795895 [Sequence]","Reverse","tr|A0A2R8Y4N0|A0A2R8Y4N0_HUMAN","4","302","Forward","306 [Sequence]","185","4.14e-49","37.255 [Alignment]"
"ENSMMUT00000010641.4","SLC1A7","673","1029","Forward","1:171309337-171319772 [Sequence]","Forward","tr|A0A2R8Y4N0|A0A2R8Y4N0_HUMAN","2","119","Forward","119 [Sequence]","97.5","1.63e-20","48.739 [Alignment]"
"ENSMMUT00000084836.1","SLC1A2","1181","1336","Forward","14:30169017-30183669 [Sequence]","Forward","tr|A0A2R8Y4N0|A0A2R8Y4N0_HUMAN","2","51","Forward","52 [Sequence]","89.1","8.19e-18","82.692 [Alignment]"
"ENSMMUT00000080064.1","SLC1A6","1094","1243","Forward","19:14543769-14551614 [Sequence]","Reverse","tr|A0A2R8Y4N0|A0A2R8Y4N0_HUMAN","4","51","Forward","50 [Sequence]","41.4","0.004","38.000 [Alignment]"
