"Subject name","Gene hit","Subject start","Subject end","Subject ori","Genomic Location","Orientation","Query name","Query start","Query end","Query ori","Length","Score","E-val","%ID"
"ENSGALT00010061191.1","SLC1A2","71","1297","Forward","5:18572870-18636322 [Sequence]","Reverse","tr|C9J9N5|C9J9N5_HUMAN","1","409","Forward","409 [Sequence]","614","0.0","87.531 [Alignment]"
"ENSGALT00010061182.1","SLC1A2","200","1426","Forward","5:18572870-18636322 [Sequence]","Reverse","tr|C9J9N5|C9J9N5_HUMAN","1","409","Forward","409 [Sequence]","614","0.0","87.531 [Alignment]"
"ENSGALT00010061200.1","SLC1A2","143","1363","Forward","5:18572870-18636086 [Sequence]","Reverse","tr|C9J9N5|C9J9N5_HUMAN","3","409","Forward","407 [Sequence]","605","0.0","86.978 [Alignment]"
"ENSGALT00010061203.1","SLC1A2","227","1444","Forward","5:18572870-18637406 [Sequence]","Reverse","tr|C9J9N5|C9J9N5_HUMAN","4","409","Forward","406 [Sequence]","604","0.0","86.700 [Alignment]"
"ENSGALT00010061209.1","SLC1A2","299","1522","Forward","5:18572870-18634534 [Sequence]","Reverse","tr|C9J9N5|C9J9N5_HUMAN","2","409","Forward","408 [Sequence]","604","0.0","86.520 [Alignment]"
"ENSGALT00010061205.1","SLC1A2","464","1687","Forward","5:18572870-18634593 [Sequence]","Reverse","tr|C9J9N5|C9J9N5_HUMAN","2","409","Forward","408 [Sequence]","603","0.0","86.520 [Alignment]"
"ENSGALT00010061185.1","SLC1A2","509","1732","Forward","5:18572870-18634593 [Sequence]","Reverse","tr|C9J9N5|C9J9N5_HUMAN","2","409","Forward","408 [Sequence]","600","0.0","86.520 [Alignment]"
"ENSGALT00010028564.1","SLC1A1","293","1393","Forward","Z:27568324-27623627 [Sequence]","Forward","tr|C9J9N5|C9J9N5_HUMAN","41","409","Forward","375 [Sequence]","298","2.60e-85","53.333 [Alignment]"
"ENSGALT00010028562.1","SLC1A1","293","1447","Forward","Z:27568324-27623627 [Sequence]","Forward","tr|C9J9N5|C9J9N5_HUMAN","41","409","Forward","391 [Sequence]","295","2.72e-84","51.918 [Alignment]"
"ENSGALT00010032793.1","SLC1A3","405","1499","Forward","Z:11724251-11781371 [Sequence]","Forward","tr|C9J9N5|C9J9N5_HUMAN","43","409","Forward","373 [Sequence]","294","4.81e-84","54.155 [Alignment]"
"ENSGALT00010032783.1","SLC1A3","345","1439","Forward","Z:11724251-11781371 [Sequence]","Forward","tr|C9J9N5|C9J9N5_HUMAN","43","409","Forward","373 [Sequence]","294","6.20e-84","54.155 [Alignment]"
"ENSGALT00010066978.1","SLC1A6","567","1706","Forward","28:1116591-1125096 [Sequence]","Reverse","tr|C9J9N5|C9J9N5_HUMAN","43","409","Forward","386 [Sequence]","285","2.22e-81","47.668 [Alignment]"
"ENSGALT00010066975.1","SLC1A6","567","1706","Forward","28:1116591-1125096 [Sequence]","Reverse","tr|C9J9N5|C9J9N5_HUMAN","43","409","Forward","386 [Sequence]","285","5.58e-81","47.668 [Alignment]"
"ENSGALT00010066968.1","SLC1A6","533","1672","Forward","28:1116591-1125096 [Sequence]","Reverse","tr|C9J9N5|C9J9N5_HUMAN","43","409","Forward","386 [Sequence]","285","6.59e-81","47.668 [Alignment]"
"ENSGALT00010066980.1","SLC1A6","463","1602","Forward","28:1116591-1125096 [Sequence]","Reverse","tr|C9J9N5|C9J9N5_HUMAN","43","409","Forward","386 [Sequence]","285","6.61e-81","47.668 [Alignment]"
"ENSGALT00010032770.1","SLC1A3","243","1142","Forward","Z:11768320-11781371 [Sequence]","Forward","tr|C9J9N5|C9J9N5_HUMAN","109","409","Forward","307 [Sequence]","285","8.87e-81","55.700 [Alignment]"
"ENSGALT00010068031.1","ENSGALG00010028077","209","1405","Forward","28:1327782-1332204 [Sequence]","Forward","tr|C9J9N5|C9J9N5_HUMAN","17","409","Forward","408 [Sequence]","255","7.10e-71","45.588 [Alignment]"
"ENSGALT00010061196.1","SLC1A7","116","1255","Forward","8:24285135-24318326 [Sequence]","Reverse","tr|C9J9N5|C9J9N5_HUMAN","36","409","Forward","382 [Sequence]","253","4.43e-70","45.026 [Alignment]"
"ENSGALT00010046550.1","SLC1A4","194","1246","Forward","3:10107537-10126093 [Sequence]","Forward","tr|C9J9N5|C9J9N5_HUMAN","41","409","Forward","374 [Sequence]","217","3.24e-58","41.444 [Alignment]"
