"Subject name","Gene hit","Subject start","Subject end","Subject ori","Genomic Location","Orientation","Query name","Query start","Query end","Query ori","Length","Score","E-val","%ID"
"C12D12.2b.1","glt-1","19","1047","Forward","X:3496642-3498265 [Sequence]","Forward","tr|A0A2R8Y4D1|A0A2R8Y4D1_HUMAN","43","397","Forward","355 [Sequence]","327","1.95e-97","57.183 [Alignment]"
"C12D12.2a.1","glt-1","116","1144","Forward","X:3496642-3498265 [Sequence]","Forward","tr|A0A2R8Y4D1|A0A2R8Y4D1_HUMAN","43","397","Forward","355 [Sequence]","327","3.93e-97","57.183 [Alignment]"
"R05G6.6.1","glt-6","15","1061","Forward","IV:7503636-7505616 [Sequence]","Forward","tr|A0A2R8Y4D1|A0A2R8Y4D1_HUMAN","27","397","Forward","372 [Sequence]","256","2.63e-72","42.742 [Alignment]"
"K08F4.4.1","glt-3","131","1165","Forward","IV:10130387-10132257 [Sequence]","Forward","tr|A0A2R8Y4D1|A0A2R8Y4D1_HUMAN","38","396","Forward","364 [Sequence]","247","5.56e-69","48.901 [Alignment]"
"Y53C12A.2.1","glt-5","36","1043","Forward","II:9707461-9708850 [Sequence]","Reverse","tr|A0A2R8Y4D1|A0A2R8Y4D1_HUMAN","36","397","Forward","364 [Sequence]","245","2.74e-68","45.330 [Alignment]"
"T22E5.2b.1","glt-4","15","1073","Forward","X:6403436-6405972 [Sequence]","Forward","tr|A0A2R8Y4D1|A0A2R8Y4D1_HUMAN","40","397","Forward","366 [Sequence]","189","6.24e-50","41.803 [Alignment]"
"T22E5.2a.1","glt-4","15","1073","Forward","X:6403436-6405972 [Sequence]","Forward","tr|A0A2R8Y4D1|A0A2R8Y4D1_HUMAN","40","397","Forward","366 [Sequence]","189","9.60e-50","41.803 [Alignment]"
"W03G1.1.1","glt-7","13","1032","Forward","IV:532147-534211 [Sequence]","Forward","tr|A0A2R8Y4D1|A0A2R8Y4D1_HUMAN","40","397","Forward","365 [Sequence]","184","2.15e-48","36.164 [Alignment]"
