"Subject name","Gene hit","Subject start","Subject end","Subject ori","Genomic Location","Orientation","Query name","Query start","Query end","Query ori","Length","Score","E-val","%ID"
"C12D12.2b.1","glt-1","19","1083","Forward","X:3496642-3498301 [Sequence]","Forward","tr|C9J9N5|C9J9N5_HUMAN","43","409","Forward","367 [Sequence]","352","1.92e-106","58.583 [Alignment]"
"C12D12.2a.1","glt-1","116","1180","Forward","X:3496642-3498301 [Sequence]","Forward","tr|C9J9N5|C9J9N5_HUMAN","43","409","Forward","367 [Sequence]","352","5.13e-106","58.583 [Alignment]"
"R05G6.6.1","glt-6","15","1094","Forward","IV:7503636-7505649 [Sequence]","Forward","tr|C9J9N5|C9J9N5_HUMAN","27","408","Forward","383 [Sequence]","278","1.30e-79","44.125 [Alignment]"
"K08F4.4.1","glt-3","131","1201","Forward","IV:10130387-10132293 [Sequence]","Forward","tr|C9J9N5|C9J9N5_HUMAN","38","408","Forward","376 [Sequence]","270","7.68e-77","50.266 [Alignment]"
"Y53C12A.2.1","glt-5","36","1079","Forward","II:9707383-9708850 [Sequence]","Reverse","tr|C9J9N5|C9J9N5_HUMAN","36","409","Forward","376 [Sequence]","266","1.14e-75","46.543 [Alignment]"
"T22E5.2b.1","glt-4","15","1109","Forward","X:6403436-6406008 [Sequence]","Forward","tr|C9J9N5|C9J9N5_HUMAN","40","409","Forward","378 [Sequence]","214","8.99e-58","43.651 [Alignment]"
"T22E5.2a.1","glt-4","15","1109","Forward","X:6403436-6406008 [Sequence]","Forward","tr|C9J9N5|C9J9N5_HUMAN","40","409","Forward","378 [Sequence]","214","9.19e-58","43.651 [Alignment]"
"W03G1.1.1","glt-7","13","1065","Forward","IV:532147-534331 [Sequence]","Forward","tr|C9J9N5|C9J9N5_HUMAN","40","408","Forward","376 [Sequence]","206","3.22e-55","37.766 [Alignment]"
