"Subject name","Gene hit","Subject start","Subject end","Subject ori","Genomic Location","Orientation","Query name","Query start","Query end","Query ori","Length","Score","E-val","%ID"
"ENST00000647076.1","SLC1A2","2","463","Forward","11:35260897-35286917 [Sequence]","Reverse","tr|A0A2R8YHI4|A0A2R8YHI4_HUMAN","2","155","Forward","154 [Sequence]","335","8.13e-114","100.000 [Alignment]"
"ENST00000647104.1","SLC1A2","1278","1874","Forward","11:35260897-35286917 [Sequence]","Reverse","tr|A0A2R8YHI4|A0A2R8YHI4_HUMAN","2","155","Forward","199 [Sequence]","315","5.96e-98","76.884 [Alignment]"
"ENST00000646080.1","SLC1A2","1195","1791","Forward","11:35260897-35286917 [Sequence]","Reverse","tr|A0A2R8YHI4|A0A2R8YHI4_HUMAN","2","155","Forward","199 [Sequence]","315","7.49e-98","76.884 [Alignment]"
"ENST00000643522.1","SLC1A2","1388","1984","Forward","11:35260897-35286917 [Sequence]","Reverse","tr|A0A2R8YHI4|A0A2R8YHI4_HUMAN","2","155","Forward","199 [Sequence]","315","2.97e-97","76.884 [Alignment]"
"ENST00000642448.1","SLC1A2","1218","1814","Forward","11:35260897-35286917 [Sequence]","Reverse","tr|A0A2R8YHI4|A0A2R8YHI4_HUMAN","2","155","Forward","199 [Sequence]","315","3.23e-97","76.884 [Alignment]"
"ENST00000645194.1","SLC1A2","1170","1766","Forward","11:35260897-35286917 [Sequence]","Reverse","tr|A0A2R8YHI4|A0A2R8YHI4_HUMAN","2","155","Forward","199 [Sequence]","315","4.05e-97","76.884 [Alignment]"
"ENST00000644299.1","SLC1A2","1271","1867","Forward","11:35260897-35286917 [Sequence]","Reverse","tr|A0A2R8YHI4|A0A2R8YHI4_HUMAN","2","155","Forward","199 [Sequence]","315","4.18e-97","76.884 [Alignment]"
"ENST00000643000.1","SLC1A2","1214","1810","Forward","11:35260897-35286917 [Sequence]","Reverse","tr|A0A2R8YHI4|A0A2R8YHI4_HUMAN","2","155","Forward","199 [Sequence]","315","4.19e-97","76.884 [Alignment]"
"ENST00000645634.1","SLC1A2","1421","2017","Forward","11:35260897-35286917 [Sequence]","Reverse","tr|A0A2R8YHI4|A0A2R8YHI4_HUMAN","2","155","Forward","199 [Sequence]","315","4.21e-97","76.884 [Alignment]"
"ENST00000645303.1","SLC1A2","1430","2026","Forward","11:35260897-35286917 [Sequence]","Reverse","tr|A0A2R8YHI4|A0A2R8YHI4_HUMAN","2","155","Forward","199 [Sequence]","315","4.24e-97","76.884 [Alignment]"
"ENST00000644050.1","SLC1A2","1565","2161","Forward","11:35260897-35286917 [Sequence]","Reverse","tr|A0A2R8YHI4|A0A2R8YHI4_HUMAN","2","155","Forward","199 [Sequence]","315","4.25e-97","76.884 [Alignment]"
"ENST00000644779.1","SLC1A2","2064","2660","Forward","11:35260897-35286917 [Sequence]","Reverse","tr|A0A2R8YHI4|A0A2R8YHI4_HUMAN","2","155","Forward","199 [Sequence]","315","4.28e-97","76.884 [Alignment]"
"ENST00000479543.2","SLC1A2","678","1274","Forward","11:35260897-35286917 [Sequence]","Reverse","tr|A0A2R8YHI4|A0A2R8YHI4_HUMAN","2","155","Forward","199 [Sequence]","315","4.32e-97","76.884 [Alignment]"
"ENST00000395750.6","SLC1A2","1232","1828","Forward","11:35260897-35286917 [Sequence]","Reverse","tr|A0A2R8YHI4|A0A2R8YHI4_HUMAN","2","155","Forward","199 [Sequence]","315","4.34e-97","76.884 [Alignment]"
"ENST00000395753.6","SLC1A2","1259","1855","Forward","11:35260897-35286917 [Sequence]","Reverse","tr|A0A2R8YHI4|A0A2R8YHI4_HUMAN","2","155","Forward","199 [Sequence]","315","4.34e-97","76.884 [Alignment]"
"ENST00000278379.9","SLC1A2","1718","2314","Forward","11:35260897-35286917 [Sequence]","Reverse","tr|A0A2R8YHI4|A0A2R8YHI4_HUMAN","2","155","Forward","199 [Sequence]","315","4.44e-97","76.884 [Alignment]"
"ENST00000642769.1","SLC1A2","392","988","Forward","11:35260897-35286917 [Sequence]","Reverse","tr|A0A2R8YHI4|A0A2R8YHI4_HUMAN","2","155","Forward","199 [Sequence]","314","7.10e-97","76.884 [Alignment]"
"ENST00000606205.6","SLC1A2","1258","1653","Forward","11:35265524-35286917 [Sequence]","Reverse","tr|A0A2R8YHI4|A0A2R8YHI4_HUMAN","2","133","Forward","132 [Sequence]","288","5.10e-89","100.000 [Alignment]"
"ENST00000646167.1","SLC1A2","742","1272","Forward","11:35265524-35286917 [Sequence]","Reverse","tr|A0A2R8YHI4|A0A2R8YHI4_HUMAN","2","133","Forward","177 [Sequence]","265","1.52e-81","74.011 [Alignment]"
"ENST00000642578.1","SLC1A2","1226","1756","Forward","11:35265524-35286917 [Sequence]","Reverse","tr|A0A2R8YHI4|A0A2R8YHI4_HUMAN","2","133","Forward","177 [Sequence]","264","1.05e-79","74.011 [Alignment]"
"ENST00000647372.1","SLC1A2","1214","1744","Forward","11:35265524-35286917 [Sequence]","Reverse","tr|A0A2R8YHI4|A0A2R8YHI4_HUMAN","2","133","Forward","177 [Sequence]","264","1.05e-79","74.011 [Alignment]"
"ENST00000646099.1","SLC1A2","1198","1728","Forward","11:35265524-35286917 [Sequence]","Reverse","tr|A0A2R8YHI4|A0A2R8YHI4_HUMAN","2","133","Forward","177 [Sequence]","264","1.10e-79","74.011 [Alignment]"
"ENST00000643454.1","SLC1A2","1155","1685","Forward","11:35265524-35286917 [Sequence]","Reverse","tr|A0A2R8YHI4|A0A2R8YHI4_HUMAN","2","133","Forward","177 [Sequence]","264","1.19e-79","74.011 [Alignment]"
"ENST00000643305.1","SLC1A2","1713","2243","Forward","11:35265524-35286917 [Sequence]","Reverse","tr|A0A2R8YHI4|A0A2R8YHI4_HUMAN","2","133","Forward","177 [Sequence]","264","1.24e-79","74.011 [Alignment]"
"ENST00000531628.2","SLC1A2","1126","1659","Forward","11:35261880-35286917 [Sequence]","Reverse","tr|A0A2R8YHI4|A0A2R8YHI4_HUMAN","2","134","Forward","178 [Sequence]","263","1.31e-79","73.596 [Alignment]"
"ENST00000644868.1","SLC1A2","1117","1644","Forward","11:35265527-35286917 [Sequence]","Reverse","tr|A0A2R8YHI4|A0A2R8YHI4_HUMAN","2","132","Forward","176 [Sequence]","263","2.23e-79","73.864 [Alignment]"
"ENST00000643134.1","SLC1A2","1515","2042","Forward","11:35265527-35286917 [Sequence]","Reverse","tr|A0A2R8YHI4|A0A2R8YHI4_HUMAN","2","132","Forward","176 [Sequence]","263","2.96e-79","73.864 [Alignment]"
"ENST00000642171.1","SLC1A2","1373","1900","Forward","11:35265527-35286917 [Sequence]","Reverse","tr|A0A2R8YHI4|A0A2R8YHI4_HUMAN","2","132","Forward","176 [Sequence]","263","4.79e-79","73.864 [Alignment]"
"ENST00000644459.1","SLC1A2","1718","2245","Forward","11:35265527-35286917 [Sequence]","Reverse","tr|A0A2R8YHI4|A0A2R8YHI4_HUMAN","2","132","Forward","176 [Sequence]","263","4.81e-79","73.864 [Alignment]"
"ENST00000464522.2","SLC1A2","1","219","Forward","11:35265527-35265745 [Sequence]","Reverse","tr|A0A2R8YHI4|A0A2R8YHI4_HUMAN","60","132","Forward","73 [Sequence]","159","2.52e-45","100.000 [Alignment]"
"ENST00000681926.1","SLC1A3","1442","1741","Forward","5:36680429-36686203 [Sequence]","Forward","tr|A0A2R8YHI4|A0A2R8YHI4_HUMAN","2","99","Forward","100 [Sequence]","160","3.30e-43","68.000 [Alignment]"
"ENST00000680125.1","SLC1A3","1495","1794","Forward","5:36680429-36686203 [Sequence]","Forward","tr|A0A2R8YHI4|A0A2R8YHI4_HUMAN","2","99","Forward","100 [Sequence]","160","3.30e-43","68.000 [Alignment]"
"ENST00000680878.1","SLC1A3","4310","4609","Forward","5:36680429-36686203 [Sequence]","Forward","tr|A0A2R8YHI4|A0A2R8YHI4_HUMAN","2","99","Forward","100 [Sequence]","160","3.43e-43","68.000 [Alignment]"
"ENST00000680232.1","SLC1A3","1636","2070","Forward","5:36680429-36686203 [Sequence]","Forward","tr|A0A2R8YHI4|A0A2R8YHI4_HUMAN","2","99","Forward","145 [Sequence]","135","1.35e-34","46.207 [Alignment]"
"ENST00000612708.5","SLC1A3","1159","1593","Forward","5:36680429-36686203 [Sequence]","Forward","tr|A0A2R8YHI4|A0A2R8YHI4_HUMAN","2","99","Forward","145 [Sequence]","135","1.64e-34","46.207 [Alignment]"
"ENST00000422398.1","SLC1A1","320","592","Forward","9:4576603-4585423 [Sequence]","Forward","tr|A0A2R8YHI4|A0A2R8YHI4_HUMAN","2","92","Forward","91 [Sequence]","132","1.65e-34","68.132 [Alignment]"
"ENST00000681909.1","SLC1A3","1467","1901","Forward","5:36680429-36686203 [Sequence]","Forward","tr|A0A2R8YHI4|A0A2R8YHI4_HUMAN","2","99","Forward","145 [Sequence]","133","3.77e-34","46.207 [Alignment]"
"ENST00000381918.4","SLC1A3","1272","1706","Forward","5:36680429-36686203 [Sequence]","Forward","tr|A0A2R8YHI4|A0A2R8YHI4_HUMAN","2","99","Forward","145 [Sequence]","133","4.02e-34","46.207 [Alignment]"
"ENST00000613445.5","SLC1A3","1280","1714","Forward","5:36680429-36686203 [Sequence]","Forward","tr|A0A2R8YHI4|A0A2R8YHI4_HUMAN","2","99","Forward","145 [Sequence]","133","4.02e-34","46.207 [Alignment]"
"ENST00000680318.1","SLC1A3","1315","1749","Forward","5:36680429-36686203 [Sequence]","Forward","tr|A0A2R8YHI4|A0A2R8YHI4_HUMAN","2","99","Forward","145 [Sequence]","133","4.03e-34","46.207 [Alignment]"
"ENST00000679992.1","SLC1A3","1346","1780","Forward","5:36680429-36686203 [Sequence]","Forward","tr|A0A2R8YHI4|A0A2R8YHI4_HUMAN","2","99","Forward","145 [Sequence]","133","4.03e-34","46.207 [Alignment]"
"ENST00000265113.9","SLC1A3","1354","1788","Forward","5:36680429-36686203 [Sequence]","Forward","tr|A0A2R8YHI4|A0A2R8YHI4_HUMAN","2","99","Forward","145 [Sequence]","133","4.03e-34","46.207 [Alignment]"
"ENST00000680655.1","SLC1A3","1466","1900","Forward","5:36680429-36686203 [Sequence]","Forward","tr|A0A2R8YHI4|A0A2R8YHI4_HUMAN","2","99","Forward","145 [Sequence]","133","4.04e-34","46.207 [Alignment]"
"ENST00000679784.1","SLC1A3","1666","2100","Forward","5:36680429-36686203 [Sequence]","Forward","tr|A0A2R8YHI4|A0A2R8YHI4_HUMAN","2","99","Forward","145 [Sequence]","133","4.06e-34","46.207 [Alignment]"
"ENST00000679983.1","SLC1A3","1904","2338","Forward","5:36680429-36686203 [Sequence]","Forward","tr|A0A2R8YHI4|A0A2R8YHI4_HUMAN","2","99","Forward","145 [Sequence]","133","4.08e-34","46.207 [Alignment]"
"ENST00000680048.1","SLC1A3","2259","2693","Forward","5:36680429-36686203 [Sequence]","Forward","tr|A0A2R8YHI4|A0A2R8YHI4_HUMAN","2","99","Forward","145 [Sequence]","133","4.10e-34","46.207 [Alignment]"
"ENST00000624112.2","SLC1A3","4122","4556","Forward","5:36680429-36686203 [Sequence]","Forward","tr|A0A2R8YHI4|A0A2R8YHI4_HUMAN","2","99","Forward","145 [Sequence]","133","4.18e-34","46.207 [Alignment]"
"ENST00000680876.1","SLC1A3","4310","4744","Forward","5:36680429-36686203 [Sequence]","Forward","tr|A0A2R8YHI4|A0A2R8YHI4_HUMAN","2","99","Forward","145 [Sequence]","133","4.19e-34","46.207 [Alignment]"
"ENST00000681633.1","SLC1A3","3937","4371","Forward","5:36680429-36686203 [Sequence]","Forward","tr|A0A2R8YHI4|A0A2R8YHI4_HUMAN","2","99","Forward","145 [Sequence]","133","5.30e-34","46.207 [Alignment]"
"ENST00000262352.8","SLC1A1","1245","1634","Forward","9:4576603-4585405 [Sequence]","Forward","tr|A0A2R8YHI4|A0A2R8YHI4_HUMAN","2","86","Forward","130 [Sequence]","123","1.15e-30","46.154 [Alignment]"
"ENST00000647193.1","SLC1A2","252","413","Forward","11:35286756-35286917 [Sequence]","Reverse","tr|A0A2R8YHI4|A0A2R8YHI4_HUMAN","2","55","Forward","54 [Sequence]","116","2.74e-28","100.000 [Alignment]"
"ENST00000642216.1","SLC1A2","674","835","Forward","11:35286756-35286917 [Sequence]","Reverse","tr|A0A2R8YHI4|A0A2R8YHI4_HUMAN","2","55","Forward","54 [Sequence]","116","2.76e-28","100.000 [Alignment]"
"ENST00000506178.1","SLC1A3","83","517","Forward","5:36680429-36686203 [Sequence]","Forward","tr|A0A2R8YHI4|A0A2R8YHI4_HUMAN","2","99","Forward","145 [Sequence]","112","4.86e-28","46.207 [Alignment]"
"ENST00000644351.1","SLC1A2","1714","1872","Forward","11:35286759-35286917 [Sequence]","Reverse","tr|A0A2R8YHI4|A0A2R8YHI4_HUMAN","2","54","Forward","53 [Sequence]","115","1.42e-27","100.000 [Alignment]"
"ENST00000611397.5","SLC1A7","1008","1394","Forward","1:53088886-53090769 [Sequence]","Reverse","tr|A0A2R8YHI4|A0A2R8YHI4_HUMAN","3","84","Forward","129 [Sequence]","110","7.29e-26","41.860 [Alignment]"
"ENST00000620347.5","SLC1A7","1374","1760","Forward","1:53088886-53090769 [Sequence]","Reverse","tr|A0A2R8YHI4|A0A2R8YHI4_HUMAN","3","84","Forward","129 [Sequence]","110","7.29e-26","41.860 [Alignment]"
"ENST00000371494.9","SLC1A7","1258","1644","Forward","1:53088886-53090769 [Sequence]","Reverse","tr|A0A2R8YHI4|A0A2R8YHI4_HUMAN","3","84","Forward","129 [Sequence]","110","7.39e-26","41.860 [Alignment]"
"ENST00000649098.1","SLC1A7","1224","1610","Forward","1:53088886-53090769 [Sequence]","Reverse","tr|A0A2R8YHI4|A0A2R8YHI4_HUMAN","3","84","Forward","129 [Sequence]","107","3.66e-25","41.860 [Alignment]"
"ENST00000234256.4","SLC1A4","1314","1682","Forward","2:65018105-65020984 [Sequence]","Forward","tr|A0A2R8YHI4|A0A2R8YHI4_HUMAN","2","79","Forward","123 [Sequence]","104","3.45e-24","38.211 [Alignment]"
"ENST00000480594.1","SLC1A4","2542","2910","Forward","2:65018105-65020984 [Sequence]","Forward","tr|A0A2R8YHI4|A0A2R8YHI4_HUMAN","2","79","Forward","123 [Sequence]","104","5.62e-24","38.211 [Alignment]"
"ENST00000600144.5","SLC1A6","1244","1624","Forward","19:14950306-14954295 [Sequence]","Reverse","tr|A0A2R8YHI4|A0A2R8YHI4_HUMAN","2","83","Forward","127 [Sequence]","100","1.04e-22","43.307 [Alignment]"
"ENST00000221742.7","SLC1A6","1212","1592","Forward","19:14950306-14954295 [Sequence]","Reverse","tr|A0A2R8YHI4|A0A2R8YHI4_HUMAN","2","83","Forward","127 [Sequence]","99","1.39e-22","43.307 [Alignment]"
"ENST00000430939.6","SLC1A6","1142","1522","Forward","19:14950306-14954295 [Sequence]","Reverse","tr|A0A2R8YHI4|A0A2R8YHI4_HUMAN","2","83","Forward","127 [Sequence]","99","1.45e-22","43.307 [Alignment]"
"ENST00000594383.2","SLC1A6","1767","2147","Forward","19:14950306-14954295 [Sequence]","Reverse","tr|A0A2R8YHI4|A0A2R8YHI4_HUMAN","2","83","Forward","127 [Sequence]","99","1.53e-22","43.307 [Alignment]"
"ENST00000679487.1","SLC1A3","184","342","Forward","5:36680429-36680587 [Sequence]","Forward","tr|A0A2R8YHI4|A0A2R8YHI4_HUMAN","2","54","Forward","53 [Sequence]","92.0","2.40e-21","79.245 [Alignment]"
"ENST00000681814.1","SLC1A3","1244","1417","Forward","5:36680429-36680602 [Sequence]","Forward","tr|A0A2R8YHI4|A0A2R8YHI4_HUMAN","2","59","Forward","58 [Sequence]","95.4","6.08e-21","75.862 [Alignment]"
"ENST00000680890.1","SLC1A3","328","486","Forward","5:36680429-36680587 [Sequence]","Forward","tr|A0A2R8YHI4|A0A2R8YHI4_HUMAN","2","54","Forward","53 [Sequence]","92.0","1.07e-20","79.245 [Alignment]"
"ENST00000680064.1","SLC1A3","3937","4110","Forward","5:36680429-36680602 [Sequence]","Forward","tr|A0A2R8YHI4|A0A2R8YHI4_HUMAN","2","59","Forward","58 [Sequence]","94.5","1.32e-20","75.862 [Alignment]"
"ENST00000681480.1","SLC1A3","434","625","Forward","5:36680429-36683894 [Sequence]","Forward","tr|A0A2R8YHI4|A0A2R8YHI4_HUMAN","2","71","Forward","70 [Sequence]","91.6","6.17e-20","65.714 [Alignment]"
"ENST00000680835.1","SLC1A3","312","503","Forward","5:36680429-36683894 [Sequence]","Forward","tr|A0A2R8YHI4|A0A2R8YHI4_HUMAN","2","71","Forward","70 [Sequence]","90.8","7.83e-20","65.714 [Alignment]"
"ENST00000531327.5","SLC1A4","439","807","Forward","2:65018105-65020984 [Sequence]","Forward","tr|A0A2R8YHI4|A0A2R8YHI4_HUMAN","2","79","Forward","123 [Sequence]","89.1","6.38e-19","38.211 [Alignment]"
"ENST00000488036.5","SLC1A7","214","372","Forward","1:53090611-53090769 [Sequence]","Reverse","tr|A0A2R8YHI4|A0A2R8YHI4_HUMAN","3","55","Forward","53 [Sequence]","88.7","1.01e-18","77.358 [Alignment]"
"ENST00000449068.2","SLC1A2","1212","1313","Forward","11:35286816-35286917 [Sequence]","Reverse","tr|A0A2R8YHI4|A0A2R8YHI4_HUMAN","2","35","Forward","34 [Sequence]","75.7","2.15e-14","100.000 [Alignment]"
"ENST00000645892.1","SLC1A2","1231","1332","Forward","11:35286816-35286917 [Sequence]","Reverse","tr|A0A2R8YHI4|A0A2R8YHI4_HUMAN","2","35","Forward","34 [Sequence]","75.7","2.16e-14","100.000 [Alignment]"
"ENST00000642183.1","SLC1A2","1154","1255","Forward","11:35286816-35286917 [Sequence]","Reverse","tr|A0A2R8YHI4|A0A2R8YHI4_HUMAN","2","35","Forward","34 [Sequence]","75.7","2.21e-14","100.000 [Alignment]"
"ENST00000642224.1","SLC1A2","1288","1389","Forward","11:35286816-35286917 [Sequence]","Reverse","tr|A0A2R8YHI4|A0A2R8YHI4_HUMAN","2","35","Forward","34 [Sequence]","74.9","3.92e-14","100.000 [Alignment]"
"ENST00000646585.1","SLC1A2","1281","1379","Forward","11:35286819-35286917 [Sequence]","Reverse","tr|A0A2R8YHI4|A0A2R8YHI4_HUMAN","2","34","Forward","33 [Sequence]","74.0","7.96e-14","100.000 [Alignment]"
"ENST00000593713.1","SLC1A5","614","772","Forward","19:46777213-46777371 [Sequence]","Reverse","tr|A0A2R8YHI4|A0A2R8YHI4_HUMAN","2","54","Forward","53 [Sequence]","69.0","2.76e-12","54.717 [Alignment]"
"ENST00000594991.5","SLC1A5","873","1031","Forward","19:46777213-46777371 [Sequence]","Reverse","tr|A0A2R8YHI4|A0A2R8YHI4_HUMAN","2","54","Forward","53 [Sequence]","69.0","3.92e-12","54.717 [Alignment]"
"ENST00000542575.6","SLC1A5","1722","1880","Forward","19:46777213-46777371 [Sequence]","Reverse","tr|A0A2R8YHI4|A0A2R8YHI4_HUMAN","2","54","Forward","53 [Sequence]","68.6","5.03e-12","54.717 [Alignment]"
"ENST00000412532.6","SLC1A5","631","789","Forward","19:46777213-46777371 [Sequence]","Reverse","tr|A0A2R8YHI4|A0A2R8YHI4_HUMAN","2","54","Forward","53 [Sequence]","68.6","5.19e-12","54.717 [Alignment]"
"ENST00000434726.6","SLC1A5","714","872","Forward","19:46777213-46777371 [Sequence]","Reverse","tr|A0A2R8YHI4|A0A2R8YHI4_HUMAN","2","54","Forward","53 [Sequence]","68.6","5.36e-12","54.717 [Alignment]"
"ENST00000645542.1","SLC1A2","330","428","Forward","11:35260897-35261699 [Sequence]","Reverse","tr|A0A2R8YHI4|A0A2R8YHI4_HUMAN","123","155","Forward","33 [Sequence]","59.8","2.48e-09","78.788 [Alignment]"
"ENST00000644459.1","SLC1A2","2409","2507","Forward","11:35260897-35261699 [Sequence]","Reverse","tr|A0A2R8YHI4|A0A2R8YHI4_HUMAN","123","155","Forward","33 [Sequence]","59.0","8.35e-09","78.788 [Alignment]"
"ENST00000644868.1","SLC1A2","1686","1784","Forward","11:35260897-35261699 [Sequence]","Reverse","tr|A0A2R8YHI4|A0A2R8YHI4_HUMAN","123","155","Forward","33 [Sequence]","58.5","1.18e-08","78.788 [Alignment]"
"ENST00000642171.1","SLC1A2","1942","2040","Forward","11:35260897-35261699 [Sequence]","Reverse","tr|A0A2R8YHI4|A0A2R8YHI4_HUMAN","123","155","Forward","33 [Sequence]","58.5","1.32e-08","78.788 [Alignment]"
"ENST00000646847.1","SLC1A2","1285","1350","Forward","11:35286852-35286917 [Sequence]","Reverse","tr|A0A2R8YHI4|A0A2R8YHI4_HUMAN","2","23","Forward","22 [Sequence]","51.0","3.07e-06","100.000 [Alignment]"
"ENST00000679852.1","SLC1A3","233","424","Forward","5:36679859-36686254 [Sequence]","Forward","tr|A0A2R8YHI4|A0A2R8YHI4_HUMAN","55","115","Forward","64 [Sequence]","50.6","4.57e-06","46.875 [Alignment]"
"ENST00000679958.1","SLC1A3","543","683","Forward","5:36629586-36686203 [Sequence]","Forward","tr|A0A2R8YHI4|A0A2R8YHI4_HUMAN","55","99","Forward","47 [Sequence]","49.8","7.42e-06","55.319 [Alignment]"
"ENST00000681440.1","SLC1A3","180","368","Forward","5:36686066-36686254 [Sequence]","Forward","tr|A0A2R8YHI4|A0A2R8YHI4_HUMAN","56","115","Forward","63 [Sequence]","47.7","1.27e-05","46.032 [Alignment]"
"ENST00000680568.1","SLC1A3","654","842","Forward","5:36686066-36686254 [Sequence]","Forward","tr|A0A2R8YHI4|A0A2R8YHI4_HUMAN","56","115","Forward","63 [Sequence]","48.5","1.95e-05","46.032 [Alignment]"
"ENST00000643134.1","SLC1A2","2036","2098","Forward","11:35260897-35265533 [Sequence]","Reverse","tr|A0A2R8YHI4|A0A2R8YHI4_HUMAN","135","155","Forward","21 [Sequence]","46.0","1.30e-04","90.476 [Alignment]"
