"Subject name","Gene hit","Subject start","Subject end","Subject ori","Genomic Location","Orientation","Query name","Query start","Query end","Query ori","Length","Score","E-val","%ID"
"ENSOART00020024495.2","SLC1A2","652","1923","Forward","15:64583795-64641950 [Sequence]","Reverse","tr|A0A2R8Y642|A0A2R8Y642_HUMAN","1","424","Forward","424 [Sequence]","776","0.0","97.170 [Alignment]"
"ENSOART00020024194.2","SLC1A2","1081","1644","Forward","15:64583795-64608880 [Sequence]","Reverse","tr|A0A2R8Y642|A0A2R8Y642_HUMAN","237","424","Forward","188 [Sequence]","402","7.33e-124","99.468 [Alignment]"
"ENSOART00020024811.2","SLC1A2","1174","1737","Forward","15:64583795-64608880 [Sequence]","Reverse","tr|A0A2R8Y642|A0A2R8Y642_HUMAN","237","424","Forward","188 [Sequence]","402","4.05e-123","99.468 [Alignment]"
"ENSOART00020024558.2","SLC1A2","1283","1846","Forward","15:64583795-64608880 [Sequence]","Reverse","tr|A0A2R8Y642|A0A2R8Y642_HUMAN","237","424","Forward","188 [Sequence]","402","6.68e-123","99.468 [Alignment]"
"ENSOART00020024983.2","SLC1A2","1379","1942","Forward","15:64583795-64608880 [Sequence]","Reverse","tr|A0A2R8Y642|A0A2R8Y642_HUMAN","237","424","Forward","188 [Sequence]","403","1.08e-122","99.468 [Alignment]"
"ENSOART00020024427.2","SLC1A2","1403","1966","Forward","15:64583795-64608880 [Sequence]","Reverse","tr|A0A2R8Y642|A0A2R8Y642_HUMAN","237","424","Forward","188 [Sequence]","402","1.68e-122","99.468 [Alignment]"
"ENSOART00020024510.2","SLC1A2","1466","2029","Forward","15:64583795-64608880 [Sequence]","Reverse","tr|A0A2R8Y642|A0A2R8Y642_HUMAN","237","424","Forward","188 [Sequence]","402","3.22e-122","99.468 [Alignment]"
"ENSOART00020066946.1","SLC1A2","1594","2157","Forward","15:64583795-64608880 [Sequence]","Reverse","tr|A0A2R8Y642|A0A2R8Y642_HUMAN","237","424","Forward","188 [Sequence]","402","8.33e-122","99.468 [Alignment]"
"ENSOART00020024889.2","SLC1A2","1594","2166","Forward","15:64584561-64608880 [Sequence]","Reverse","tr|A0A2R8Y642|A0A2R8Y642_HUMAN","237","426","Forward","191 [Sequence]","401","1.37e-121","97.906 [Alignment]"
"ENSOART00020024194.2","SLC1A2","139","873","Forward","15:64616047-64641950 [Sequence]","Reverse","tr|A0A2R8Y642|A0A2R8Y642_HUMAN","1","247","Forward","247 [Sequence]","374","1.81e-113","91.903 [Alignment]"
"ENSOART00020024811.2","SLC1A2","232","966","Forward","15:64616047-64641950 [Sequence]","Reverse","tr|A0A2R8Y642|A0A2R8Y642_HUMAN","1","247","Forward","247 [Sequence]","374","8.41e-113","91.903 [Alignment]"
"ENSOART00020024558.2","SLC1A2","341","1075","Forward","15:64616047-64641950 [Sequence]","Reverse","tr|A0A2R8Y642|A0A2R8Y642_HUMAN","1","247","Forward","247 [Sequence]","374","1.21e-112","91.903 [Alignment]"
"ENSOART00020024983.2","SLC1A2","437","1171","Forward","15:64616047-64641950 [Sequence]","Reverse","tr|A0A2R8Y642|A0A2R8Y642_HUMAN","1","247","Forward","247 [Sequence]","375","1.64e-112","91.903 [Alignment]"
"ENSOART00020024427.2","SLC1A2","461","1195","Forward","15:64616047-64641950 [Sequence]","Reverse","tr|A0A2R8Y642|A0A2R8Y642_HUMAN","1","247","Forward","247 [Sequence]","375","2.28e-112","91.903 [Alignment]"
"ENSOART00020024510.2","SLC1A2","524","1258","Forward","15:64616047-64641950 [Sequence]","Reverse","tr|A0A2R8Y642|A0A2R8Y642_HUMAN","1","247","Forward","247 [Sequence]","374","5.06e-112","91.903 [Alignment]"
"ENSOART00020024939.2","SLC1A2","652","1386","Forward","15:64616047-64641950 [Sequence]","Reverse","tr|A0A2R8Y642|A0A2R8Y642_HUMAN","1","247","Forward","247 [Sequence]","373","5.38e-112","91.903 [Alignment]"
"ENSOART00020066946.1","SLC1A2","652","1386","Forward","15:64616047-64641950 [Sequence]","Reverse","tr|A0A2R8Y642|A0A2R8Y642_HUMAN","1","247","Forward","247 [Sequence]","374","9.70e-112","91.903 [Alignment]"
"ENSOART00020024889.2","SLC1A2","652","1386","Forward","15:64616047-64641950 [Sequence]","Reverse","tr|A0A2R8Y642|A0A2R8Y642_HUMAN","1","247","Forward","247 [Sequence]","374","1.49e-111","91.903 [Alignment]"
"ENSOART00020006474.2","SLC1A6","480","1487","Forward","5:8028538-8042462 [Sequence]","Forward","tr|A0A2R8Y642|A0A2R8Y642_HUMAN","59","379","Forward","341 [Sequence]","332","2.34e-98","51.026 [Alignment]"
"ENSOART00020024939.2","SLC1A2","1594","2055","Forward","15:64587660-64608880 [Sequence]","Reverse","tr|A0A2R8Y642|A0A2R8Y642_HUMAN","237","435","Forward","199 [Sequence]","313","1.80e-90","75.879 [Alignment]"
"ENSOART00020021339.2","SLC1A3","383","1447","Forward","16:37722208-37798755 [Sequence]","Reverse","tr|A0A2R8Y642|A0A2R8Y642_HUMAN","1","390","Forward","393 [Sequence]","233","3.13e-63","47.074 [Alignment]"
"ENSOART00020021394.2","SLC1A3","955","1425","Forward","16:37722208-37725832 [Sequence]","Reverse","tr|A0A2R8Y642|A0A2R8Y642_HUMAN","236","390","Forward","157 [Sequence]","228","2.13e-61","67.516 [Alignment]"
"ENSOART00020021203.2","SLC1A3","1313","1783","Forward","16:37722208-37725832 [Sequence]","Reverse","tr|A0A2R8Y642|A0A2R8Y642_HUMAN","236","390","Forward","157 [Sequence]","227","2.50e-61","67.516 [Alignment]"
"ENSOART00020067691.1","SLC1A4","1","627","Forward","3:43309404-43319778 [Sequence]","Reverse","tr|A0A2R8Y642|A0A2R8Y642_HUMAN","190","405","Forward","216 [Sequence]","224","5.03e-60","47.222 [Alignment]"
"ENSOART00020006457.2","SLC1A6","1290","1721","Forward","5:8036048-8042462 [Sequence]","Forward","tr|A0A2R8Y642|A0A2R8Y642_HUMAN","236","379","Forward","144 [Sequence]","217","6.96e-58","67.361 [Alignment]"
"ENSOART00020066856.1","SLC1A6","1229","1660","Forward","5:8036048-8042462 [Sequence]","Forward","tr|A0A2R8Y642|A0A2R8Y642_HUMAN","236","379","Forward","144 [Sequence]","216","8.44e-58","67.361 [Alignment]"
"ENSOART00020011214.2","SLC1A1","1199","1639","Forward","2:72900432-72908826 [Sequence]","Forward","tr|A0A2R8Y642|A0A2R8Y642_HUMAN","237","383","Forward","147 [Sequence]","216","1.56e-57","67.347 [Alignment]"
"ENSOART00020008339.2","SLC1A7","922","1596","Forward","1:27617199-27621976 [Sequence]","Reverse","tr|A0A2R8Y642|A0A2R8Y642_HUMAN","189","427","Forward","242 [Sequence]","202","4.41e-53","46.281 [Alignment]"
"ENSOART00020001216.2","SLC1A4","1314","1793","Forward","3:43309404-43312124 [Sequence]","Reverse","tr|A0A2R8Y642|A0A2R8Y642_HUMAN","239","405","Forward","167 [Sequence]","177","8.14e-45","48.503 [Alignment]"
"ENSOART00020011214.2","SLC1A1","272","967","Forward","2:72836540-72897811 [Sequence]","Forward","tr|A0A2R8Y642|A0A2R8Y642_HUMAN","1","236","Forward","236 [Sequence]","162","2.87e-40","46.610 [Alignment]"
"ENSOART00020016329.2","SLC1A5","1618","2061","Forward","14:53639507-53641527 [Sequence]","Reverse","tr|A0A2R8Y642|A0A2R8Y642_HUMAN","237","388","Forward","152 [Sequence]","157","1.74e-38","50.000 [Alignment]"
"ENSOART00020021309.2","SLC1A3","1313","1648","Forward","16:37722208-37725832 [Sequence]","Reverse","tr|A0A2R8Y642|A0A2R8Y642_HUMAN","236","390","Forward","157 [Sequence]","135","5.50e-32","47.134 [Alignment]"
"ENSOART00020021309.2","SLC1A3","383","1105","Forward","16:37726040-37798755 [Sequence]","Reverse","tr|A0A2R8Y642|A0A2R8Y642_HUMAN","1","244","Forward","247 [Sequence]","119","7.84e-27","45.344 [Alignment]"
"ENSOART00020021203.2","SLC1A3","383","1105","Forward","16:37726040-37798755 [Sequence]","Reverse","tr|A0A2R8Y642|A0A2R8Y642_HUMAN","1","244","Forward","247 [Sequence]","118","1.38e-26","45.344 [Alignment]"
"ENSOART00020066856.1","SLC1A6","419","1021","Forward","5:8028538-8035840 [Sequence]","Forward","tr|A0A2R8Y642|A0A2R8Y642_HUMAN","59","244","Forward","204 [Sequence]","115","1.19e-25","36.765 [Alignment]"
"ENSOART00020006457.2","SLC1A6","390","1082","Forward","5:8026751-8035840 [Sequence]","Forward","tr|A0A2R8Y642|A0A2R8Y642_HUMAN","29","244","Forward","236 [Sequence]","115","1.50e-25","41.102 [Alignment]"
"ENSOART00020008339.2","SLC1A7","70","783","Forward","1:27622767-27667644 [Sequence]","Reverse","tr|A0A2R8Y642|A0A2R8Y642_HUMAN","1","231","Forward","243 [Sequence]","115","2.15e-25","41.975 [Alignment]"
"ENSOART00020021394.2","SLC1A3","196","747","Forward","16:37726040-37735944 [Sequence]","Reverse","tr|A0A2R8Y642|A0A2R8Y642_HUMAN","59","244","Forward","189 [Sequence]","114","2.82e-25","43.915 [Alignment]"
"ENSOART00020001216.2","SLC1A4","417","1070","Forward","3:43319641-43334407 [Sequence]","Reverse","tr|A0A2R8Y642|A0A2R8Y642_HUMAN","1","235","Forward","241 [Sequence]","94.1","5.73e-19","37.759 [Alignment]"
"ENSOART00020016329.2","SLC1A5","916","1407","Forward","14:53642463-53649251 [Sequence]","Reverse","tr|A0A2R8Y642|A0A2R8Y642_HUMAN","59","244","Forward","191 [Sequence]","87.4","6.09e-17","33.508 [Alignment]"
"ENSOART00020072998.1","SLC1A3","541","621","Forward","16:37722265-37722345 [Sequence]","Reverse","tr|A0A2R8Y642|A0A2R8Y642_HUMAN","347","373","Forward","27 [Sequence]","46.0","1.99e-04","70.370 [Alignment]"
"ENSOART00020005582.2","HACE1","408","521","Forward","8:32391399-32391512 [Sequence]","Forward","tr|A0A2R8Y642|A0A2R8Y642_HUMAN","188","225","Forward","38 [Sequence]","37.6","0.095","39.474 [Alignment]"
