"Subject name","Gene hit","Subject start","Subject end","Subject ori","Genomic Location","Orientation","Query name","Query start","Query end","Query ori","Length","Score","E-val","%ID"
"ENSGALT00010061209.1","SLC1A2","1031","2020","Forward","5:18561952-18578868 [Sequence]","Reverse","tr|A0A2R8Y4N0|A0A2R8Y4N0_HUMAN","2","330","Forward","330 [Sequence]","635","0.0","93.030 [Alignment]"
"ENSGALT00010061205.1","SLC1A2","1196","2185","Forward","5:18561952-18578868 [Sequence]","Reverse","tr|A0A2R8Y4N0|A0A2R8Y4N0_HUMAN","2","330","Forward","330 [Sequence]","635","0.0","93.030 [Alignment]"
"ENSGALT00010061203.1","SLC1A2","953","1942","Forward","5:18561952-18578868 [Sequence]","Reverse","tr|A0A2R8Y4N0|A0A2R8Y4N0_HUMAN","2","330","Forward","330 [Sequence]","635","0.0","93.030 [Alignment]"
"ENSGALT00010061200.1","SLC1A2","872","1861","Forward","5:18561952-18578868 [Sequence]","Reverse","tr|A0A2R8Y4N0|A0A2R8Y4N0_HUMAN","2","330","Forward","330 [Sequence]","635","0.0","93.030 [Alignment]"
"ENSGALT00010061185.1","SLC1A2","1241","2230","Forward","5:18561952-18578868 [Sequence]","Reverse","tr|A0A2R8Y4N0|A0A2R8Y4N0_HUMAN","2","330","Forward","330 [Sequence]","635","0.0","93.030 [Alignment]"
"ENSGALT00010061191.1","SLC1A2","806","1738","Forward","5:18562956-18578868 [Sequence]","Reverse","tr|A0A2R8Y4N0|A0A2R8Y4N0_HUMAN","2","312","Forward","311 [Sequence]","598","0.0","92.926 [Alignment]"
"ENSGALT00010061182.1","SLC1A2","935","1855","Forward","5:18565031-18578868 [Sequence]","Reverse","tr|A0A2R8Y4N0|A0A2R8Y4N0_HUMAN","2","308","Forward","307 [Sequence]","598","0.0","94.137 [Alignment]"
"ENSGALT00010066978.1","SLC1A6","1221","2000","Forward","28:1114906-1120164 [Sequence]","Reverse","tr|A0A2R8Y4N0|A0A2R8Y4N0_HUMAN","4","263","Forward","260 [Sequence]","343","1.50e-103","63.462 [Alignment]"
"ENSGALT00010032770.1","SLC1A3","657","1526","Forward","Z:11777707-11784231 [Sequence]","Forward","tr|A0A2R8Y4N0|A0A2R8Y4N0_HUMAN","4","290","Forward","290 [Sequence]","345","4.06e-103","60.345 [Alignment]"
"ENSGALT00010066975.1","SLC1A6","1221","2000","Forward","28:1114906-1120164 [Sequence]","Reverse","tr|A0A2R8Y4N0|A0A2R8Y4N0_HUMAN","4","263","Forward","260 [Sequence]","343","5.09e-103","63.462 [Alignment]"
"ENSGALT00010032793.1","SLC1A3","1014","1883","Forward","Z:11777707-11784231 [Sequence]","Forward","tr|A0A2R8Y4N0|A0A2R8Y4N0_HUMAN","4","290","Forward","290 [Sequence]","345","5.09e-103","60.345 [Alignment]"
"ENSGALT00010066980.1","SLC1A6","1117","1896","Forward","28:1114906-1120164 [Sequence]","Reverse","tr|A0A2R8Y4N0|A0A2R8Y4N0_HUMAN","4","263","Forward","260 [Sequence]","343","2.30e-102","63.462 [Alignment]"
"ENSGALT00010066968.1","SLC1A6","1187","1966","Forward","28:1114906-1120164 [Sequence]","Reverse","tr|A0A2R8Y4N0|A0A2R8Y4N0_HUMAN","4","263","Forward","260 [Sequence]","343","2.31e-102","63.462 [Alignment]"
"ENSGALT00010028564.1","SLC1A1","905","1699","Forward","Z:27615249-27625812 [Sequence]","Forward","tr|A0A2R8Y4N0|A0A2R8Y4N0_HUMAN","2","267","Forward","266 [Sequence]","327","6.79e-97","62.782 [Alignment]"
"ENSGALT00010028562.1","SLC1A1","959","1753","Forward","Z:27615249-27625812 [Sequence]","Forward","tr|A0A2R8Y4N0|A0A2R8Y4N0_HUMAN","2","267","Forward","266 [Sequence]","327","9.31e-97","62.782 [Alignment]"
"ENSGALT00010032783.1","SLC1A3","954","1640","Forward","Z:11777707-11783513 [Sequence]","Forward","tr|A0A2R8Y4N0|A0A2R8Y4N0_HUMAN","4","232","Forward","229 [Sequence]","295","8.25e-88","64.192 [Alignment]"
"ENSGALT00010032783.1","SLC1A3","1700","1837","Forward","Z:11784043-11784180 [Sequence]","Forward","tr|A0A2R8Y4N0|A0A2R8Y4N0_HUMAN","231","274","Forward","46 [Sequence]","49.8","8.25e-88","54.348 [Alignment]"
"ENSGALT00010061196.1","SLC1A7","770","1531","Forward","8:24277920-24293301 [Sequence]","Reverse","tr|A0A2R8Y4N0|A0A2R8Y4N0_HUMAN","4","257","Forward","254 [Sequence]","295","7.82e-86","56.693 [Alignment]"
"ENSGALT00010068031.1","ENSGALG00010028077","920","1723","Forward","28:1330682-1333498 [Sequence]","Forward","tr|A0A2R8Y4N0|A0A2R8Y4N0_HUMAN","4","271","Forward","268 [Sequence]","291","7.91e-85","54.851 [Alignment]"
"ENSGALT00010046550.1","SLC1A4","761","1657","Forward","3:10121286-10130465 [Sequence]","Forward","tr|A0A2R8Y4N0|A0A2R8Y4N0_HUMAN","4","300","Forward","299 [Sequence]","245","5.15e-69","44.147 [Alignment]"
"ENSGALT00010061191.1","SLC1A2","1755","1826","Forward","5:18561955-18562939 [Sequence]","Reverse","tr|A0A2R8Y4N0|A0A2R8Y4N0_HUMAN","307","329","Forward","24 [Sequence]","41.8","0.003","83.333 [Alignment]"
