"Subject name","Gene hit","Subject start","Subject end","Subject ori","Genomic Location","Orientation","Query name","Query start","Query end","Query ori","Length","Score","E-val","%ID"
"ENSTGET00000004360.1","ENSTGEG00000002970","1","1722","Forward","14:29912607-30074271 [Sequence]","Forward","sp|P43004|EAA2_HUMAN","1","574","Forward","574 [Sequence]","1091","0.0","99.826 [Alignment]"
"ENSTGET00000004353.1","ENSTGEG00000002970","4","1710","Forward","14:29911636-30074271 [Sequence]","Forward","sp|P43004|EAA2_HUMAN","6","574","Forward","569 [Sequence]","1080","0.0","99.824 [Alignment]"
"ENSTGET00000004370.1","ENSTGEG00000002970","34","1737","Forward","14:30017560-30074271 [Sequence]","Forward","sp|P43004|EAA2_HUMAN","7","574","Forward","568 [Sequence]","1077","0.0","99.824 [Alignment]"
"ENSTGET00000004373.1","ENSTGEG00000002970","121","1830","Forward","14:30012509-30074271 [Sequence]","Forward","sp|P43004|EAA2_HUMAN","5","574","Forward","570 [Sequence]","1077","0.0","99.474 [Alignment]"
"ENSTGET00000004372.1","ENSTGEG00000002970","10","1713","Forward","14:30017560-30074271 [Sequence]","Forward","sp|P43004|EAA2_HUMAN","7","574","Forward","568 [Sequence]","1077","0.0","99.824 [Alignment]"
"ENSTGET00000004367.1","ENSTGEG00000002970","1","1653","Forward","14:29912607-30069918 [Sequence]","Forward","sp|P43004|EAA2_HUMAN","1","551","Forward","551 [Sequence]","1039","0.0","99.819 [Alignment]"
"ENSTGET00000004369.1","ENSTGEG00000002970","1","1521","Forward","14:29912607-30069921 [Sequence]","Forward","sp|P43004|EAA2_HUMAN","1","552","Forward","552 [Sequence]","926","0.0","91.486 [Alignment]"
"ENSTGET00000004364.1","ENSTGEG00000002970","1","891","Forward","14:29912607-30048150 [Sequence]","Forward","sp|P43004|EAA2_HUMAN","1","295","Forward","297 [Sequence]","504","6.38e-162","96.633 [Alignment]"
"ENSTGET00000004364.1","ENSTGEG00000002970","859","1488","Forward","14:30048118-30074271 [Sequence]","Forward","sp|P43004|EAA2_HUMAN","365","574","Forward","210 [Sequence]","455","7.02e-143","100.000 [Alignment]"
"ENSTGET00000031499.1","ENSTGEG00000021311","43","1434","Forward","15:77249329-77339799 [Sequence]","Reverse","sp|P43004|EAA2_HUMAN","41","511","Forward","477 [Sequence]","441","3.41e-137","55.556 [Alignment]"
"ENSTGET00000011342.1","ENSTGEG00000007717","196","1476","Forward","6:36265512-36281041 [Sequence]","Forward","sp|P43004|EAA2_HUMAN","109","534","Forward","432 [Sequence]","418","4.55e-129","55.324 [Alignment]"
"ENSTGET00000011946.1","ENSTGEG00000008149","157","1599","Forward","19:14591212-14615379 [Sequence]","Reverse","sp|P43004|EAA2_HUMAN","41","507","Forward","485 [Sequence]","420","1.45e-128","51.340 [Alignment]"
"ENSTGET00000011325.1","ENSTGEG00000007717","376","1857","Forward","6:36201289-36281041 [Sequence]","Forward","sp|P43004|EAA2_HUMAN","41","534","Forward","500 [Sequence]","427","9.65e-127","54.400 [Alignment]"
"ENSTGET00000011941.1","ENSTGEG00000008149","355","1407","Forward","19:14591212-14614365 [Sequence]","Reverse","sp|P43004|EAA2_HUMAN","173","507","Forward","353 [Sequence]","364","4.12e-109","53.541 [Alignment]"
"ENSTGET00000011339.1","ENSTGEG00000007717","133","1479","Forward","6:36201289-36281041 [Sequence]","Forward","sp|P43004|EAA2_HUMAN","41","534","Forward","500 [Sequence]","335","1.68e-98","48.000 [Alignment]"
"ENSTGET00000009325.1","ENSTGEG00000006339","214","1227","Forward","1:81024216-81068853 [Sequence]","Reverse","sp|P43004|EAA2_HUMAN","173","501","Forward","341 [Sequence]","333","3.20e-98","51.613 [Alignment]"
"ENSTGET00000011343.1","ENSTGEG00000007717","517","1278","Forward","6:36265695-36281041 [Sequence]","Forward","sp|P43004|EAA2_HUMAN","284","534","Forward","254 [Sequence]","305","7.06e-89","61.811 [Alignment]"
"ENSTGET00000014943.1","ENSTGEG00000010141","522","2090","Forward","13:85635124-85665831 [Sequence]","Forward","sp|P43004|EAA2_HUMAN","36","570","Forward","546 [Sequence]","309","8.12e-87","41.575 [Alignment]"
"ENSTGET00000034265.1","ENSTGEG00000023133","544","1623","Forward","19:23939127-23952170 [Sequence]","Reverse","sp|P43004|EAA2_HUMAN","165","546","Forward","388 [Sequence]","282","2.19e-79","41.237 [Alignment]"
"ENSTGET00000034266.1","ENSTGEG00000023133","40","1014","Forward","19:23939127-23948786 [Sequence]","Reverse","sp|P43004|EAA2_HUMAN","226","546","Forward","327 [Sequence]","259","5.05e-74","42.813 [Alignment]"
"ENSTGET00000011947.1","ENSTGEG00000008149","883","1365","Forward","19:14591212-14603685 [Sequence]","Reverse","sp|P43004|EAA2_HUMAN","347","507","Forward","161 [Sequence]","220","3.64e-59","62.733 [Alignment]"
"ENSTGET00000009323.1","ENSTGEG00000006339","1180","1620","Forward","1:81024216-81026135 [Sequence]","Reverse","sp|P43004|EAA2_HUMAN","355","501","Forward","147 [Sequence]","203","3.54e-53","63.265 [Alignment]"
"ENSTGET00000014948.1","ENSTGEG00000010141","88","543","Forward","13:85656427-85665600 [Sequence]","Forward","sp|P43004|EAA2_HUMAN","347","498","Forward","152 [Sequence]","179","1.84e-48","51.974 [Alignment]"
"ENSTGET00000009323.1","ENSTGEG00000006339","34","1029","Forward","1:81027865-81076860 [Sequence]","Reverse","sp|P43004|EAA2_HUMAN","39","363","Forward","337 [Sequence]","184","2.67e-47","43.027 [Alignment]"
"ENSTGET00000011947.1","ENSTGEG00000008149","157","969","Forward","19:14595854-14615379 [Sequence]","Reverse","sp|P43004|EAA2_HUMAN","41","295","Forward","275 [Sequence]","130","1.33e-30","39.636 [Alignment]"
"ENSTGET00000009326.1","ENSTGEG00000006339","34","435","Forward","1:81043221-81076860 [Sequence]","Reverse","sp|P43004|EAA2_HUMAN","39","174","Forward","136 [Sequence]","56.0","4.59e-08","43.382 [Alignment]"
"ENSTGET00000011343.1","ENSTGEG00000007717","133","525","Forward","6:36201289-36274089 [Sequence]","Forward","sp|P43004|EAA2_HUMAN","41","173","Forward","133 [Sequence]","51.9","2.52e-06","51.880 [Alignment]"
"ENSTGET00000014948.1","ENSTGEG00000010141","1","153","Forward","13:85656340-85662699 [Sequence]","Forward","sp|P43004|EAA2_HUMAN","240","290","Forward","51 [Sequence]","46.8","5.92e-05","43.137 [Alignment]"
