"Subject name","Gene hit","Subject start","Subject end","Subject ori","Genomic Location","Orientation","Query name","Query start","Query end","Query ori","Length","Score","E-val","%ID"
"ENSSSCT00000051003.3","SLC1A2","413","2134","Forward","2:25605563-25762463 [Sequence]","Forward","sp|P43004|EAA2_HUMAN","1","574","Forward","574 [Sequence]","1056","0.0","96.864 [Alignment]"
"ENSSSCT00000098717.1","SLC1A2","246","1949","Forward","2:25707090-25762463 [Sequence]","Forward","sp|P43004|EAA2_HUMAN","7","574","Forward","568 [Sequence]","1045","0.0","96.831 [Alignment]"
"ENSSSCT00000048330.2","SLC1A2","564","2219","Forward","2:25605563-25757665 [Sequence]","Forward","sp|P43004|EAA2_HUMAN","1","552","Forward","552 [Sequence]","1008","0.0","96.920 [Alignment]"
"ENSSSCT00000051921.3","SLC1A2","136","1788","Forward","2:25657593-25757665 [Sequence]","Forward","sp|P43004|EAA2_HUMAN","2","552","Forward","551 [Sequence]","999","0.0","96.370 [Alignment]"
"ENSSSCT00000053521.3","SLC1A2","28","1665","Forward","2:25707090-25757665 [Sequence]","Forward","sp|P43004|EAA2_HUMAN","7","552","Forward","546 [Sequence]","997","0.0","96.886 [Alignment]"
"ENSSSCT00000014522.5","SLC1A2","890","2389","Forward","2:25707090-25843988 [Sequence]","Forward","sp|P43004|EAA2_HUMAN","7","506","Forward","500 [Sequence]","883","0.0","95.800 [Alignment]"
"ENSSSCT00000092276.1","SLC1A2","413","1303","Forward","2:25605563-25741411 [Sequence]","Forward","sp|P43004|EAA2_HUMAN","1","295","Forward","297 [Sequence]","479","1.80e-143","92.593 [Alignment]"
"ENSSSCT00000092276.1","SLC1A2","1271","1900","Forward","2:25741379-25762463 [Sequence]","Forward","sp|P43004|EAA2_HUMAN","365","574","Forward","210 [Sequence]","449","5.21e-133","99.048 [Alignment]"
"ENSSSCT00000005755.4","SLC1A1","233","1708","Forward","1:217368881-217441442 [Sequence]","Reverse","sp|P43004|EAA2_HUMAN","11","511","Forward","504 [Sequence]","442","1.07e-130","52.183 [Alignment]"
"ENSSSCT00000106508.1","SLC1A3","275","1705","Forward","16:21875654-21963400 [Sequence]","Forward","sp|P43004|EAA2_HUMAN","41","518","Forward","483 [Sequence]","430","3.55e-127","55.694 [Alignment]"
"ENSSSCT00000061959.1","SLC1A3","414","1643","Forward","16:21943075-21963400 [Sequence]","Forward","sp|P43004|EAA2_HUMAN","109","518","Forward","415 [Sequence]","420","1.92e-126","56.867 [Alignment]"
"ENSSSCT00000063429.3","SLC1A3","275","1612","Forward","16:21875654-21964963 [Sequence]","Forward","sp|P43004|EAA2_HUMAN","41","489","Forward","452 [Sequence]","406","1.99e-123","56.195 [Alignment]"
"ENSSSCT00000015111.5","SLC1A6","665","2107","Forward","2:62609076-62623133 [Sequence]","Forward","sp|P43004|EAA2_HUMAN","41","507","Forward","485 [Sequence]","412","1.46e-122","50.515 [Alignment]"
"ENSSSCT00000051657.2","SLC1A3","275","1567","Forward","16:21875654-21961444 [Sequence]","Forward","sp|P43004|EAA2_HUMAN","41","474","Forward","437 [Sequence]","382","8.71e-115","55.835 [Alignment]"
"ENSSSCT00000004264.5","SLC1A7","205","1623","Forward","6:159106265-159151975 [Sequence]","Forward","sp|P43004|EAA2_HUMAN","36","501","Forward","478 [Sequence]","383","2.13e-111","50.000 [Alignment]"
"ENSSSCT00000072841.1","SLC1A1","233","1645","Forward","1:217368881-217441442 [Sequence]","Reverse","sp|P43004|EAA2_HUMAN","11","511","Forward","504 [Sequence]","384","3.45e-111","48.413 [Alignment]"
"ENSSSCT00000083818.2","SLC1A6","378","1430","Forward","2:62610018-62623133 [Sequence]","Forward","sp|P43004|EAA2_HUMAN","173","507","Forward","353 [Sequence]","362","3.61e-107","52.975 [Alignment]"
"ENSSSCT00000018338.3","SLC1A3","351","1646","Forward","16:21875654-21963400 [Sequence]","Forward","sp|P43004|EAA2_HUMAN","41","518","Forward","483 [Sequence]","337","8.70e-97","49.068 [Alignment]"
"ENSSSCT00000029680.4","SLC1A4","1195","2502","Forward","3:76940871-76965977 [Sequence]","Reverse","sp|P43004|EAA2_HUMAN","75","533","Forward","465 [Sequence]","315","3.15e-88","43.226 [Alignment]"
"ENSSSCT00000042489.1","SLC1A3","735","1445","Forward","16:21943258-21963400 [Sequence]","Forward","sp|P43004|EAA2_HUMAN","284","518","Forward","237 [Sequence]","305","3.09e-86","64.557 [Alignment]"
"ENSSSCT00000003444.4","SLC1A5","881","2206","Forward","6:52648078-52660579 [Sequence]","Reverse","sp|P43004|EAA2_HUMAN","57","533","Forward","482 [Sequence]","294","1.34e-81","42.116 [Alignment]"
"ENSSSCT00000090461.2","SLC1A5","232","1524","Forward","6:52648078-52660579 [Sequence]","Reverse","sp|P43004|EAA2_HUMAN","57","533","Forward","482 [Sequence]","270","6.98e-74","40.249 [Alignment]"
"ENSSSCT00000062502.3","SLC1A6","1391","1873","Forward","2:62613380-62623133 [Sequence]","Forward","sp|P43004|EAA2_HUMAN","347","507","Forward","161 [Sequence]","221","3.05e-58","62.733 [Alignment]"
"ENSSSCT00000071206.2","SLC1A4","94","627","Forward","3:76940871-76951444 [Sequence]","Reverse","sp|P43004|EAA2_HUMAN","343","533","Forward","191 [Sequence]","178","1.08e-44","43.455 [Alignment]"
"ENSSSCT00000062502.3","SLC1A6","665","1477","Forward","2:62609076-62619403 [Sequence]","Forward","sp|P43004|EAA2_HUMAN","41","295","Forward","275 [Sequence]","122","9.15e-28","38.545 [Alignment]"
"ENSSSCT00000090917.1","SLC1A7","205","615","Forward","6:159106265-159138369 [Sequence]","Forward","sp|P43004|EAA2_HUMAN","36","174","Forward","139 [Sequence]","53.9","8.38e-07","42.446 [Alignment]"
"ENSSSCT00000042489.1","SLC1A3","351","743","Forward","16:21875654-21953383 [Sequence]","Forward","sp|P43004|EAA2_HUMAN","41","173","Forward","133 [Sequence]","52.3","4.05e-06","51.128 [Alignment]"
"ENSSSCT00000071206.2","SLC1A4","1","153","Forward","3:76944596-76951537 [Sequence]","Reverse","sp|P43004|EAA2_HUMAN","240","290","Forward","51 [Sequence]","45.6","4.24e-04","41.176 [Alignment]"
