"Subject name","Gene hit","Subject start","Subject end","Subject ori","Genomic Location","Orientation","Query name","Query start","Query end","Query ori","Length","Score","E-val","%ID"
"ENSMMUT00000109509.1","SLC1A2","590","1780","Forward","14:30048416-30183735 [Sequence]","Forward","tr|A0A2R8Y4D1|A0A2R8Y4D1_HUMAN","1","397","Forward","397 [Sequence]","708","0.0","99.748 [Alignment]"
"ENSMMUT00000044087.3","SLC1A2","587","1777","Forward","14:30048416-30183735 [Sequence]","Forward","tr|A0A2R8Y4D1|A0A2R8Y4D1_HUMAN","1","397","Forward","397 [Sequence]","708","0.0","99.748 [Alignment]"
"ENSMMUT00000090431.1","SLC1A2","142","1317","Forward","14:30047475-30183735 [Sequence]","Forward","tr|A0A2R8Y4D1|A0A2R8Y4D1_HUMAN","6","397","Forward","392 [Sequence]","697","0.0","99.745 [Alignment]"
"ENSMMUT00000096837.1","SLC1A2","53","1237","Forward","14:30152058-30183735 [Sequence]","Forward","tr|A0A2R8Y4D1|A0A2R8Y4D1_HUMAN","3","397","Forward","395 [Sequence]","696","0.0","98.987 [Alignment]"
"ENSMMUT00000094689.1","SLC1A2","10","1182","Forward","14:30153027-30183735 [Sequence]","Forward","tr|A0A2R8Y4D1|A0A2R8Y4D1_HUMAN","7","397","Forward","391 [Sequence]","695","0.0","99.744 [Alignment]"
"ENSMMUT00000006147.4","SLC1A2","31","1203","Forward","14:30153027-30183735 [Sequence]","Forward","tr|A0A2R8Y4D1|A0A2R8Y4D1_HUMAN","7","397","Forward","391 [Sequence]","694","0.0","99.744 [Alignment]"
"ENSMMUT00000084836.1","SLC1A2","446","1336","Forward","14:30048416-30183669 [Sequence]","Forward","tr|A0A2R8Y4D1|A0A2R8Y4D1_HUMAN","1","295","Forward","297 [Sequence]","502","1.69e-161","96.633 [Alignment]"
"ENSMMUT00000000191.4","SLC1A1","43","1098","Forward","15:79249083-79329590 [Sequence]","Reverse","tr|A0A2R8Y4D1|A0A2R8Y4D1_HUMAN","41","397","Forward","363 [Sequence]","287","7.18e-84","52.617 [Alignment]"
"ENSMMUT00000096585.1","SLC1A1","215","1270","Forward","15:79249083-79329590 [Sequence]","Reverse","tr|A0A2R8Y4D1|A0A2R8Y4D1_HUMAN","41","397","Forward","363 [Sequence]","286","1.15e-81","52.617 [Alignment]"
"ENSMMUT00000008674.3","SLC1A3","358","1419","Forward","6:36423238-36497355 [Sequence]","Forward","tr|A0A2R8Y4D1|A0A2R8Y4D1_HUMAN","41","397","Forward","360 [Sequence]","263","5.07e-74","52.500 [Alignment]"
"ENSMMUT00000091204.1","SLC1A3","228","1289","Forward","6:36423238-36497355 [Sequence]","Forward","tr|A0A2R8Y4D1|A0A2R8Y4D1_HUMAN","41","397","Forward","360 [Sequence]","263","1.07e-73","52.500 [Alignment]"
"ENSMMUT00000041841.3","SLC1A3","344","1405","Forward","6:36423238-36497355 [Sequence]","Forward","tr|A0A2R8Y4D1|A0A2R8Y4D1_HUMAN","41","397","Forward","360 [Sequence]","263","1.22e-73","52.500 [Alignment]"
"ENSMMUT00000072923.2","SLC1A3","228","1289","Forward","6:36423238-36497355 [Sequence]","Forward","tr|A0A2R8Y4D1|A0A2R8Y4D1_HUMAN","41","397","Forward","360 [Sequence]","263","1.39e-73","52.500 [Alignment]"
"ENSMMUT00000002449.4","SLC1A6","309","1421","Forward","19:14543703-14562587 [Sequence]","Reverse","tr|A0A2R8Y4D1|A0A2R8Y4D1_HUMAN","41","397","Forward","375 [Sequence]","262","1.55e-73","46.667 [Alignment]"
"ENSMMUT00000102306.1","SLC1A6","369","1481","Forward","19:14543703-14562587 [Sequence]","Reverse","tr|A0A2R8Y4D1|A0A2R8Y4D1_HUMAN","41","397","Forward","375 [Sequence]","262","1.72e-73","46.667 [Alignment]"
"ENSMMUT00000101610.1","SLC1A6","429","1541","Forward","19:14543703-14562587 [Sequence]","Reverse","tr|A0A2R8Y4D1|A0A2R8Y4D1_HUMAN","41","397","Forward","375 [Sequence]","262","1.88e-73","46.667 [Alignment]"
"ENSMMUT00000093010.1","SLC1A6","455","1567","Forward","19:14543703-14562587 [Sequence]","Reverse","tr|A0A2R8Y4D1|A0A2R8Y4D1_HUMAN","41","397","Forward","375 [Sequence]","262","1.94e-73","46.667 [Alignment]"
"ENSMMUT00000110288.1","SLC1A6","590","1702","Forward","19:14543703-14562587 [Sequence]","Reverse","tr|A0A2R8Y4D1|A0A2R8Y4D1_HUMAN","41","397","Forward","375 [Sequence]","262","2.18e-73","46.667 [Alignment]"
"ENSMMUT00000056448.2","SLC1A6","325","1437","Forward","19:14543703-14562587 [Sequence]","Reverse","tr|A0A2R8Y4D1|A0A2R8Y4D1_HUMAN","41","397","Forward","375 [Sequence]","262","2.79e-73","46.667 [Alignment]"
"ENSMMUT00000000192.4","SLC1A1","43","957","Forward","15:79249083-79329590 [Sequence]","Reverse","tr|A0A2R8Y4D1|A0A2R8Y4D1_HUMAN","41","397","Forward","357 [Sequence]","219","7.98e-60","47.619 [Alignment]"
"ENSMMUT00000060644.2","SLC1A4","100","1134","Forward","13:43748309-43777812 [Sequence]","Reverse","tr|A0A2R8Y4D1|A0A2R8Y4D1_HUMAN","36","397","Forward","368 [Sequence]","184","1.28e-47","42.935 [Alignment]"
"ENSMMUT00000010641.4","SLC1A7","34","1029","Forward","1:171270108-171319772 [Sequence]","Forward","tr|A0A2R8Y4D1|A0A2R8Y4D1_HUMAN","39","363","Forward","336 [Sequence]","183","2.48e-47","42.857 [Alignment]"
"ENSMMUT00000071380.2","SLC1A5","1091","1708","Forward","19:46789413-46801559 [Sequence]","Reverse","tr|A0A2R8Y4D1|A0A2R8Y4D1_HUMAN","165","397","Forward","233 [Sequence]","180","3.07e-46","43.348 [Alignment]"
"ENSMMUT00000082720.1","SLC1A5","1167","1784","Forward","19:46789413-46801559 [Sequence]","Reverse","tr|A0A2R8Y4D1|A0A2R8Y4D1_HUMAN","165","397","Forward","233 [Sequence]","179","3.82e-46","43.348 [Alignment]"
"ENSMMUT00000014365.3","SLC1A4","100","1116","Forward","13:43748309-43777812 [Sequence]","Reverse","tr|A0A2R8Y4D1|A0A2R8Y4D1_HUMAN","36","397","Forward","368 [Sequence]","164","2.09e-41","40.761 [Alignment]"
"ENSMMUT00000031172.4","SLC1A5","616","1128","Forward","19:46789413-46798159 [Sequence]","Reverse","tr|A0A2R8Y4D1|A0A2R8Y4D1_HUMAN","226","397","Forward","172 [Sequence]","157","4.40e-39","47.093 [Alignment]"
"ENSMMUT00000080064.1","SLC1A6","431","1243","Forward","19:14543769-14562587 [Sequence]","Reverse","tr|A0A2R8Y4D1|A0A2R8Y4D1_HUMAN","41","295","Forward","275 [Sequence]","125","3.75e-29","38.909 [Alignment]"
"ENSMMUT00000084836.1","SLC1A2","1304","1402","Forward","14:30183637-30183735 [Sequence]","Forward","tr|A0A2R8Y4D1|A0A2R8Y4D1_HUMAN","365","397","Forward","33 [Sequence]","75.3","2.31e-13","100.000 [Alignment]"
"ENSMMUT00000080064.1","SLC1A6","1157","1309","Forward","19:14543703-14551551 [Sequence]","Reverse","tr|A0A2R8Y4D1|A0A2R8Y4D1_HUMAN","347","397","Forward","51 [Sequence]","67.3","4.90e-11","56.863 [Alignment]"
"ENSMMUT00000010641.4","SLC1A7","1180","1308","Forward","1:171321574-171321702 [Sequence]","Forward","tr|A0A2R8Y4D1|A0A2R8Y4D1_HUMAN","355","397","Forward","43 [Sequence]","57.7","4.36e-08","58.140 [Alignment]"
