"Subject name","Gene hit","Subject start","Subject end","Subject ori","Genomic Location","Orientation","Query name","Query start","Query end","Query ori","Length","Score","E-val","%ID"
"ENSTGET00000004364.1","ENSTGEG00000002970","151","1422","Forward","14:30017692-30074205 [Sequence]","Forward","tr|A0A2R8Y642|A0A2R8Y642_HUMAN","1","424","Forward","424 [Sequence]","798","0.0","100.000 [Alignment]"
"ENSTGET00000004372.1","ENSTGEG00000002970","1084","1647","Forward","14:30048118-30074205 [Sequence]","Forward","tr|A0A2R8Y642|A0A2R8Y642_HUMAN","237","424","Forward","188 [Sequence]","404","2.44e-125","100.000 [Alignment]"
"ENSTGET00000004353.1","ENSTGEG00000002970","1081","1644","Forward","14:30048118-30074205 [Sequence]","Forward","tr|A0A2R8Y642|A0A2R8Y642_HUMAN","237","424","Forward","188 [Sequence]","404","2.49e-125","100.000 [Alignment]"
"ENSTGET00000004360.1","ENSTGEG00000002970","1093","1656","Forward","14:30048118-30074205 [Sequence]","Forward","tr|A0A2R8Y642|A0A2R8Y642_HUMAN","237","424","Forward","188 [Sequence]","404","2.97e-125","100.000 [Alignment]"
"ENSTGET00000004370.1","ENSTGEG00000002970","1108","1671","Forward","14:30048118-30074205 [Sequence]","Forward","tr|A0A2R8Y642|A0A2R8Y642_HUMAN","237","424","Forward","188 [Sequence]","404","4.71e-125","100.000 [Alignment]"
"ENSTGET00000004367.1","ENSTGEG00000002970","1093","1665","Forward","14:30048118-30073418 [Sequence]","Forward","tr|A0A2R8Y642|A0A2R8Y642_HUMAN","237","426","Forward","191 [Sequence]","402","6.83e-125","98.429 [Alignment]"
"ENSTGET00000004373.1","ENSTGEG00000002970","1201","1764","Forward","14:30048118-30074205 [Sequence]","Forward","tr|A0A2R8Y642|A0A2R8Y642_HUMAN","237","424","Forward","188 [Sequence]","402","3.64e-124","100.000 [Alignment]"
"ENSTGET00000004369.1","ENSTGEG00000002970","151","885","Forward","14:30017692-30042628 [Sequence]","Forward","tr|A0A2R8Y642|A0A2R8Y642_HUMAN","1","247","Forward","247 [Sequence]","394","2.23e-122","96.356 [Alignment]"
"ENSTGET00000004367.1","ENSTGEG00000002970","151","885","Forward","14:30017692-30042628 [Sequence]","Forward","tr|A0A2R8Y642|A0A2R8Y642_HUMAN","1","247","Forward","247 [Sequence]","394","8.11e-122","96.356 [Alignment]"
"ENSTGET00000004353.1","ENSTGEG00000002970","139","873","Forward","14:30017692-30042628 [Sequence]","Forward","tr|A0A2R8Y642|A0A2R8Y642_HUMAN","1","247","Forward","247 [Sequence]","394","9.70e-122","96.356 [Alignment]"
"ENSTGET00000004372.1","ENSTGEG00000002970","142","876","Forward","14:30017692-30042628 [Sequence]","Forward","tr|A0A2R8Y642|A0A2R8Y642_HUMAN","1","247","Forward","247 [Sequence]","394","9.73e-122","96.356 [Alignment]"
"ENSTGET00000004360.1","ENSTGEG00000002970","151","885","Forward","14:30017692-30042628 [Sequence]","Forward","tr|A0A2R8Y642|A0A2R8Y642_HUMAN","1","247","Forward","247 [Sequence]","394","1.06e-121","96.356 [Alignment]"
"ENSTGET00000004370.1","ENSTGEG00000002970","166","900","Forward","14:30017692-30042628 [Sequence]","Forward","tr|A0A2R8Y642|A0A2R8Y642_HUMAN","1","247","Forward","247 [Sequence]","394","1.75e-121","96.356 [Alignment]"
"ENSTGET00000004373.1","ENSTGEG00000002970","259","993","Forward","14:30017692-30042628 [Sequence]","Forward","tr|A0A2R8Y642|A0A2R8Y642_HUMAN","1","247","Forward","247 [Sequence]","394","6.72e-121","96.356 [Alignment]"
"ENSTGET00000011947.1","ENSTGEG00000008149","358","1365","Forward","19:14591212-14611063 [Sequence]","Reverse","tr|A0A2R8Y642|A0A2R8Y642_HUMAN","59","379","Forward","341 [Sequence]","337","8.14e-102","51.906 [Alignment]"
"ENSTGET00000004369.1","ENSTGEG00000002970","1093","1554","Forward","14:30048118-30069954 [Sequence]","Forward","tr|A0A2R8Y642|A0A2R8Y642_HUMAN","237","435","Forward","199 [Sequence]","318","2.19e-94","76.884 [Alignment]"
"ENSTGET00000014948.1","ENSTGEG00000010141","1","543","Forward","13:85656340-85665600 [Sequence]","Forward","tr|A0A2R8Y642|A0A2R8Y642_HUMAN","190","370","Forward","181 [Sequence]","225","4.13e-65","54.144 [Alignment]"
"ENSTGET00000011343.1","ENSTGEG00000007717","757","1278","Forward","6:36274321-36281041 [Sequence]","Forward","tr|A0A2R8Y642|A0A2R8Y642_HUMAN","236","406","Forward","174 [Sequence]","229","2.40e-63","63.218 [Alignment]"
"ENSTGET00000011342.1","ENSTGEG00000007717","955","1476","Forward","6:36274321-36281041 [Sequence]","Forward","tr|A0A2R8Y642|A0A2R8Y642_HUMAN","236","406","Forward","174 [Sequence]","229","6.43e-63","63.218 [Alignment]"
"ENSTGET00000011325.1","ENSTGEG00000007717","1336","1857","Forward","6:36274321-36281041 [Sequence]","Forward","tr|A0A2R8Y642|A0A2R8Y642_HUMAN","236","406","Forward","174 [Sequence]","229","3.62e-62","63.218 [Alignment]"
"ENSTGET00000011946.1","ENSTGEG00000008149","1168","1599","Forward","19:14591212-14598103 [Sequence]","Reverse","tr|A0A2R8Y642|A0A2R8Y642_HUMAN","236","379","Forward","144 [Sequence]","217","1.86e-58","67.361 [Alignment]"
"ENSTGET00000031499.1","ENSTGEG00000021311","994","1434","Forward","15:77249329-77258182 [Sequence]","Reverse","tr|A0A2R8Y642|A0A2R8Y642_HUMAN","237","383","Forward","147 [Sequence]","216","1.91e-58","67.347 [Alignment]"
"ENSTGET00000011941.1","ENSTGEG00000008149","976","1407","Forward","19:14591212-14598103 [Sequence]","Reverse","tr|A0A2R8Y642|A0A2R8Y642_HUMAN","236","379","Forward","144 [Sequence]","215","2.76e-58","67.361 [Alignment]"
"ENSTGET00000009325.1","ENSTGEG00000006339","706","1227","Forward","1:81024216-81027972 [Sequence]","Reverse","tr|A0A2R8Y642|A0A2R8Y642_HUMAN","189","373","Forward","185 [Sequence]","200","1.96e-53","55.135 [Alignment]"
"ENSTGET00000009323.1","ENSTGEG00000006339","1210","1620","Forward","1:81024216-81026105 [Sequence]","Reverse","tr|A0A2R8Y642|A0A2R8Y642_HUMAN","237","373","Forward","137 [Sequence]","200","4.78e-53","66.423 [Alignment]"
"ENSTGET00000014943.1","ENSTGEG00000010141","1458","1859","Forward","13:85662688-85665600 [Sequence]","Forward","tr|A0A2R8Y642|A0A2R8Y642_HUMAN","237","370","Forward","134 [Sequence]","176","4.24e-45","56.716 [Alignment]"
"ENSTGET00000031499.1","ENSTGEG00000021311","73","786","Forward","15:77260798-77339769 [Sequence]","Reverse","tr|A0A2R8Y642|A0A2R8Y642_HUMAN","1","244","Forward","250 [Sequence]","160","3.02e-40","47.600 [Alignment]"
"ENSTGET00000034266.1","ENSTGEG00000023133","451","1014","Forward","19:23939127-23941075 [Sequence]","Reverse","tr|A0A2R8Y642|A0A2R8Y642_HUMAN","237","418","Forward","188 [Sequence]","151","3.86e-38","40.957 [Alignment]"
"ENSTGET00000034265.1","ENSTGEG00000023133","1066","1623","Forward","19:23939127-23941069 [Sequence]","Reverse","tr|A0A2R8Y642|A0A2R8Y642_HUMAN","239","418","Forward","186 [Sequence]","151","2.10e-37","41.398 [Alignment]"
"ENSTGET00000011339.1","ENSTGEG00000007717","1093","1479","Forward","6:36274321-36281041 [Sequence]","Forward","tr|A0A2R8Y642|A0A2R8Y642_HUMAN","236","406","Forward","174 [Sequence]","135","1.37e-32","44.828 [Alignment]"
"ENSTGET00000011946.1","ENSTGEG00000008149","358","960","Forward","19:14598311-14611063 [Sequence]","Reverse","tr|A0A2R8Y642|A0A2R8Y642_HUMAN","59","244","Forward","206 [Sequence]","120","1.36e-27","38.350 [Alignment]"
"ENSTGET00000011339.1","ENSTGEG00000007717","163","885","Forward","6:36201319-36274113 [Sequence]","Forward","tr|A0A2R8Y642|A0A2R8Y642_HUMAN","1","244","Forward","247 [Sequence]","116","1.87e-26","44.939 [Alignment]"
"ENSTGET00000011325.1","ENSTGEG00000007717","406","1128","Forward","6:36201319-36274113 [Sequence]","Forward","tr|A0A2R8Y642|A0A2R8Y642_HUMAN","1","244","Forward","247 [Sequence]","116","2.23e-26","44.939 [Alignment]"
"ENSTGET00000009323.1","ENSTGEG00000006339","70","783","Forward","1:81028779-81076824 [Sequence]","Reverse","tr|A0A2R8Y642|A0A2R8Y642_HUMAN","1","231","Forward","243 [Sequence]","114","8.83e-26","41.152 [Alignment]"
"ENSTGET00000011342.1","ENSTGEG00000007717","196","747","Forward","6:36265512-36274113 [Sequence]","Forward","tr|A0A2R8Y642|A0A2R8Y642_HUMAN","59","244","Forward","189 [Sequence]","112","3.91e-25","43.386 [Alignment]"
"ENSTGET00000034265.1","ENSTGEG00000023133","544","852","Forward","19:23942511-23952170 [Sequence]","Reverse","tr|A0A2R8Y642|A0A2R8Y642_HUMAN","115","244","Forward","130 [Sequence]","79.0","7.62e-15","36.923 [Alignment]"
"ENSTGET00000014943.1","ENSTGEG00000010141","636","1220","Forward","13:85635238-85656477 [Sequence]","Forward","tr|A0A2R8Y642|A0A2R8Y642_HUMAN","25","235","Forward","217 [Sequence]","78.2","1.82e-14","38.249 [Alignment]"
"ENSTGET00000011941.1","ENSTGEG00000008149","355","768","Forward","19:14598311-14614365 [Sequence]","Reverse","tr|A0A2R8Y642|A0A2R8Y642_HUMAN","123","244","Forward","140 [Sequence]","74.0","2.94e-13","33.571 [Alignment]"
"ENSTGET00000009325.1","ENSTGEG00000006339","214","567","Forward","1:81028779-81068853 [Sequence]","Reverse","tr|A0A2R8Y642|A0A2R8Y642_HUMAN","123","231","Forward","121 [Sequence]","71.5","1.68e-12","36.364 [Alignment]"
"ENSTGET00000034266.1","ENSTGEG00000023133","40","243","Forward","19:23942511-23948786 [Sequence]","Reverse","tr|A0A2R8Y642|A0A2R8Y642_HUMAN","176","244","Forward","69 [Sequence]","55.6","1.07e-07","40.580 [Alignment]"
"ENSTGET00000009326.1","ENSTGEG00000006339","70","435","Forward","1:81043221-81076824 [Sequence]","Reverse","tr|A0A2R8Y642|A0A2R8Y642_HUMAN","1","124","Forward","124 [Sequence]","48.9","5.60e-06","43.548 [Alignment]"
"ENSTGET00000011343.1","ENSTGEG00000007717","163","525","Forward","6:36201319-36274089 [Sequence]","Forward","tr|A0A2R8Y642|A0A2R8Y642_HUMAN","1","123","Forward","123 [Sequence]","46.4","8.19e-05","52.846 [Alignment]"
