"Subject name","Gene hit","Subject start","Subject end","Subject ori","Genomic Location","Orientation","Query name","Query start","Query end","Query ori","Length","Score","E-val","%ID"
"ENSGGOT00000056432.1","SLC1A2","1093","1656","Forward","11:35402905-35429041 [Sequence]","Reverse","tr|A0A2R8Y642|A0A2R8Y642_HUMAN","237","424","Forward","188 [Sequence]","404","4.67e-125","100.000 [Alignment]"
"ENSGGOT00000048601.1","SLC1A2","1066","1638","Forward","11:35403671-35429041 [Sequence]","Reverse","tr|A0A2R8Y642|A0A2R8Y642_HUMAN","237","426","Forward","191 [Sequence]","402","6.00e-125","98.429 [Alignment]"
"ENSGGOT00000063591.1","SLC1A2","1102","1665","Forward","11:35402905-35429041 [Sequence]","Reverse","tr|A0A2R8Y642|A0A2R8Y642_HUMAN","237","424","Forward","188 [Sequence]","403","7.26e-125","100.000 [Alignment]"
"ENSGGOT00000067669.1","SLC1A2","1102","1662","Forward","11:35407488-35429041 [Sequence]","Reverse","tr|A0A2R8Y642|A0A2R8Y642_HUMAN","237","423","Forward","187 [Sequence]","402","1.75e-124","100.000 [Alignment]"
"ENSGGOT00000054270.1","SLC1A2","1189","1752","Forward","11:35402905-35429041 [Sequence]","Reverse","tr|A0A2R8Y642|A0A2R8Y642_HUMAN","237","424","Forward","188 [Sequence]","403","2.42e-124","100.000 [Alignment]"
"ENSGGOT00000048601.1","SLC1A2","124","858","Forward","11:35434398-35459223 [Sequence]","Reverse","tr|A0A2R8Y642|A0A2R8Y642_HUMAN","1","247","Forward","247 [Sequence]","394","8.13e-122","96.356 [Alignment]"
"ENSGGOT00000067669.1","SLC1A2","160","894","Forward","11:35434398-35459223 [Sequence]","Reverse","tr|A0A2R8Y642|A0A2R8Y642_HUMAN","1","247","Forward","247 [Sequence]","394","1.74e-121","96.356 [Alignment]"
"ENSGGOT00000056432.1","SLC1A2","151","885","Forward","11:35434398-35459223 [Sequence]","Reverse","tr|A0A2R8Y642|A0A2R8Y642_HUMAN","1","247","Forward","247 [Sequence]","394","1.83e-121","96.356 [Alignment]"
"ENSGGOT00000063591.1","SLC1A2","160","894","Forward","11:35434398-35459223 [Sequence]","Reverse","tr|A0A2R8Y642|A0A2R8Y642_HUMAN","1","247","Forward","247 [Sequence]","394","2.87e-121","96.356 [Alignment]"
"ENSGGOT00000054270.1","SLC1A2","247","981","Forward","11:35434398-35459223 [Sequence]","Reverse","tr|A0A2R8Y642|A0A2R8Y642_HUMAN","1","247","Forward","247 [Sequence]","394","5.44e-121","96.356 [Alignment]"
"ENSGGOT00000057293.1","SLC1A6","358","1230","Forward","19:14734428-14753379 [Sequence]","Reverse","tr|A0A2R8Y642|A0A2R8Y642_HUMAN","59","379","Forward","341 [Sequence]","244","1.21e-68","41.935 [Alignment]"
"ENSGGOT00000060326.1","SLC1A4","1","543","Forward","2A:41864539-41874897 [Sequence]","Reverse","tr|A0A2R8Y642|A0A2R8Y642_HUMAN","190","370","Forward","181 [Sequence]","222","4.41e-64","53.591 [Alignment]"
"ENSGGOT00000045834.1","SLC1A3","757","1278","Forward","17:58647799-58654195 [Sequence]","Reverse","tr|A0A2R8Y642|A0A2R8Y642_HUMAN","236","406","Forward","174 [Sequence]","228","3.44e-63","63.218 [Alignment]"
"ENSGGOT00000049873.1","SLC1A3","955","1476","Forward","17:58647799-58654195 [Sequence]","Reverse","tr|A0A2R8Y642|A0A2R8Y642_HUMAN","236","406","Forward","174 [Sequence]","229","8.29e-63","63.218 [Alignment]"
"ENSGGOT00000052635.1","SLC1A3","1078","1599","Forward","17:58647799-58654195 [Sequence]","Reverse","tr|A0A2R8Y642|A0A2R8Y642_HUMAN","236","406","Forward","174 [Sequence]","229","1.39e-62","63.218 [Alignment]"
"ENSGGOT00000004685.3","SLC1A3","1569","2090","Forward","17:58647799-58654195 [Sequence]","Reverse","tr|A0A2R8Y642|A0A2R8Y642_HUMAN","236","406","Forward","174 [Sequence]","229","5.37e-62","63.218 [Alignment]"
"ENSGGOT00000058186.1","SLC1A1","988","1428","Forward","9:45399287-45416676 [Sequence]","Reverse","tr|A0A2R8Y642|A0A2R8Y642_HUMAN","237","383","Forward","147 [Sequence]","217","8.31e-59","68.027 [Alignment]"
"ENSGGOT00000000265.3","SLC1A1","1419","1859","Forward","9:45399287-45416676 [Sequence]","Reverse","tr|A0A2R8Y642|A0A2R8Y642_HUMAN","237","383","Forward","147 [Sequence]","217","3.79e-58","68.027 [Alignment]"
"ENSGGOT00000057874.1","SLC1A3","640","1110","Forward","17:58647799-58657064 [Sequence]","Reverse","tr|A0A2R8Y642|A0A2R8Y642_HUMAN","253","406","Forward","157 [Sequence]","199","1.49e-53","62.420 [Alignment]"
"ENSGGOT00000026438.2","SLC1A7","1105","1626","Forward","1:53690639-53694401 [Sequence]","Reverse","tr|A0A2R8Y642|A0A2R8Y642_HUMAN","189","373","Forward","185 [Sequence]","202","3.91e-53","55.135 [Alignment]"
"ENSGGOT00000067699.1","SLC1A7","1210","1620","Forward","1:53690639-53692542 [Sequence]","Reverse","tr|A0A2R8Y642|A0A2R8Y642_HUMAN","237","373","Forward","137 [Sequence]","201","5.19e-53","66.423 [Alignment]"
"ENSGGOT00000048985.1","SLC1A7","889","1410","Forward","1:53690639-53694401 [Sequence]","Reverse","tr|A0A2R8Y642|A0A2R8Y642_HUMAN","189","373","Forward","185 [Sequence]","201","5.75e-53","55.135 [Alignment]"
"ENSGGOT00000011255.3","SLC1A4","1398","1799","Forward","2A:41864539-41867446 [Sequence]","Reverse","tr|A0A2R8Y642|A0A2R8Y642_HUMAN","237","370","Forward","134 [Sequence]","174","3.20e-44","55.970 [Alignment]"
"ENSGGOT00000005676.3","SLC1A7","922","1365","Forward","1:53691512-53694401 [Sequence]","Reverse","tr|A0A2R8Y642|A0A2R8Y642_HUMAN","189","347","Forward","159 [Sequence]","172","8.64e-44","56.604 [Alignment]"
"ENSGGOT00000000265.3","SLC1A1","492","1211","Forward","9:45419300-45515151 [Sequence]","Reverse","tr|A0A2R8Y642|A0A2R8Y642_HUMAN","1","244","Forward","250 [Sequence]","163","7.15e-41","47.600 [Alignment]"
"ENSGGOT00000064242.1","SLC1A5","454","1017","Forward","19:46023036-46024914 [Sequence]","Reverse","tr|A0A2R8Y642|A0A2R8Y642_HUMAN","237","418","Forward","188 [Sequence]","151","7.90e-38","42.021 [Alignment]"
"ENSGGOT00000066942.1","SLC1A4","988","1425","Forward","2A:41864539-41867446 [Sequence]","Reverse","tr|A0A2R8Y642|A0A2R8Y642_HUMAN","237","370","Forward","146 [Sequence]","153","9.68e-38","49.315 [Alignment]"
"ENSGGOT00000060461.1","SLC1A5","1033","1590","Forward","19:46023036-46024908 [Sequence]","Reverse","tr|A0A2R8Y642|A0A2R8Y642_HUMAN","239","418","Forward","186 [Sequence]","151","3.78e-37","42.473 [Alignment]"
"ENSGGOT00000008831.3","SLC1A5","1713","2270","Forward","19:46023036-46024908 [Sequence]","Reverse","tr|A0A2R8Y642|A0A2R8Y642_HUMAN","239","418","Forward","186 [Sequence]","151","7.08e-37","42.473 [Alignment]"
"ENSGGOT00000047992.1","SLC1A3","1093","1479","Forward","17:58647799-58654195 [Sequence]","Reverse","tr|A0A2R8Y642|A0A2R8Y642_HUMAN","236","406","Forward","174 [Sequence]","136","1.62e-32","44.828 [Alignment]"
"ENSGGOT00000058186.1","SLC1A1","73","780","Forward","9:45419300-45515151 [Sequence]","Reverse","tr|A0A2R8Y642|A0A2R8Y642_HUMAN","1","244","Forward","244 [Sequence]","127","6.64e-30","42.623 [Alignment]"
"ENSGGOT00000029492.2","SLC1A6","769","1272","Forward","19:14734428-14741434 [Sequence]","Reverse","tr|A0A2R8Y642|A0A2R8Y642_HUMAN","178","379","Forward","218 [Sequence]","124","7.48e-29","37.615 [Alignment]"
"ENSGGOT00000013495.3","SLC1A6","358","960","Forward","19:14741435-14753379 [Sequence]","Reverse","tr|A0A2R8Y642|A0A2R8Y642_HUMAN","59","244","Forward","206 [Sequence]","120","1.87e-27","38.350 [Alignment]"
"ENSGGOT00000013495.3","SLC1A6","1168","1524","Forward","19:14734428-14741227 [Sequence]","Reverse","tr|A0A2R8Y642|A0A2R8Y642_HUMAN","236","379","Forward","144 [Sequence]","120","2.17e-27","45.139 [Alignment]"
"ENSGGOT00000067699.1","SLC1A7","70","783","Forward","1:53695208-53749094 [Sequence]","Reverse","tr|A0A2R8Y642|A0A2R8Y642_HUMAN","1","231","Forward","243 [Sequence]","117","1.39e-26","41.975 [Alignment]"
"ENSGGOT00000026438.2","SLC1A7","253","966","Forward","1:53695208-53749094 [Sequence]","Reverse","tr|A0A2R8Y642|A0A2R8Y642_HUMAN","1","231","Forward","243 [Sequence]","117","1.56e-26","41.975 [Alignment]"
"ENSGGOT00000047992.1","SLC1A3","163","885","Forward","17:58654403-58725631 [Sequence]","Reverse","tr|A0A2R8Y642|A0A2R8Y642_HUMAN","1","244","Forward","249 [Sequence]","117","1.61e-26","44.980 [Alignment]"
"ENSGGOT00000005676.3","SLC1A7","70","783","Forward","1:53695208-53749094 [Sequence]","Reverse","tr|A0A2R8Y642|A0A2R8Y642_HUMAN","1","231","Forward","243 [Sequence]","117","1.91e-26","41.975 [Alignment]"
"ENSGGOT00000004685.3","SLC1A3","639","1361","Forward","17:58654403-58725631 [Sequence]","Reverse","tr|A0A2R8Y642|A0A2R8Y642_HUMAN","1","244","Forward","249 [Sequence]","116","3.10e-26","44.980 [Alignment]"
"ENSGGOT00000049873.1","SLC1A3","196","747","Forward","17:58654403-58663161 [Sequence]","Reverse","tr|A0A2R8Y642|A0A2R8Y642_HUMAN","59","244","Forward","191 [Sequence]","112","3.90e-25","43.455 [Alignment]"
"ENSGGOT00000008831.3","SLC1A5","1005","1496","Forward","19:46026408-46035149 [Sequence]","Reverse","tr|A0A2R8Y642|A0A2R8Y642_HUMAN","59","244","Forward","191 [Sequence]","87.4","3.39e-17","35.079 [Alignment]"
"ENSGGOT00000052635.1","SLC1A3","163","870","Forward","17:58654403-58725631 [Sequence]","Reverse","tr|A0A2R8Y642|A0A2R8Y642_HUMAN","1","244","Forward","249 [Sequence]","84.9","1.50e-16","41.365 [Alignment]"
"ENSGGOT00000057874.1","SLC1A3","163","660","Forward","17:58653590-58725631 [Sequence]","Reverse","tr|A0A2R8Y642|A0A2R8Y642_HUMAN","1","171","Forward","171 [Sequence]","79.9","4.61e-15","49.708 [Alignment]"
"ENSGGOT00000011255.3","SLC1A4","576","1160","Forward","2A:41874760-41895623 [Sequence]","Reverse","tr|A0A2R8Y642|A0A2R8Y642_HUMAN","25","235","Forward","217 [Sequence]","77.8","3.08e-14","38.249 [Alignment]"
"ENSGGOT00000048985.1","SLC1A7","397","750","Forward","1:53695208-53740962 [Sequence]","Reverse","tr|A0A2R8Y642|A0A2R8Y642_HUMAN","123","231","Forward","121 [Sequence]","73.6","5.60e-13","38.017 [Alignment]"
"ENSGGOT00000029492.2","SLC1A6","355","768","Forward","19:14741435-14756616 [Sequence]","Reverse","tr|A0A2R8Y642|A0A2R8Y642_HUMAN","123","244","Forward","140 [Sequence]","73.2","5.80e-13","33.571 [Alignment]"
"ENSGGOT00000060461.1","SLC1A5","358","816","Forward","19:46026408-46035149 [Sequence]","Reverse","tr|A0A2R8Y642|A0A2R8Y642_HUMAN","59","244","Forward","191 [Sequence]","59.8","8.16e-09","30.890 [Alignment]"
"ENSGGOT00000064242.1","SLC1A5","40","243","Forward","19:46026408-46031634 [Sequence]","Reverse","tr|A0A2R8Y642|A0A2R8Y642_HUMAN","176","244","Forward","69 [Sequence]","55.6","1.48e-07","40.580 [Alignment]"
"ENSGGOT00000066942.1","SLC1A4","607","750","Forward","2A:41874760-41874903 [Sequence]","Reverse","tr|A0A2R8Y642|A0A2R8Y642_HUMAN","188","235","Forward","48 [Sequence]","49.8","9.38e-06","45.833 [Alignment]"
"ENSGGOT00000049408.1","SLC1A7","253","618","Forward","1:53715258-53749094 [Sequence]","Reverse","tr|A0A2R8Y642|A0A2R8Y642_HUMAN","1","124","Forward","124 [Sequence]","49.8","9.63e-06","43.548 [Alignment]"
"ENSGGOT00000045834.1","SLC1A3","163","525","Forward","17:58654427-58725631 [Sequence]","Reverse","tr|A0A2R8Y642|A0A2R8Y642_HUMAN","1","123","Forward","123 [Sequence]","46.8","6.81e-05","52.846 [Alignment]"
