"Subject name","Gene hit","Subject start","Subject end","Subject ori","Genomic Location","Orientation","Query name","Query start","Query end","Query ori","Length","Score","E-val","%ID"
"ENSNLET00000054650.1","SLC1A2","1453","1671","Forward","15:97235270-97235488 [Sequence]","Reverse","tr|H0YEB1|H0YEB1_HUMAN","1","73","Forward","73 [Sequence]","192","3.69e-57","100.000 [Alignment]"
"ENSNLET00000041986.1","SLC1A2","2027","2245","Forward","15:97235270-97235488 [Sequence]","Reverse","tr|H0YEB1|H0YEB1_HUMAN","1","73","Forward","73 [Sequence]","192","3.86e-57","100.000 [Alignment]"
"ENSNLET00000050156.1","SLC1A2","1408","1626","Forward","15:97235270-97235488 [Sequence]","Reverse","tr|H0YEB1|H0YEB1_HUMAN","1","73","Forward","73 [Sequence]","163","3.92e-47","100.000 [Alignment]"
"ENSNLET00000040490.1","SLC1A2","1453","1671","Forward","15:97235270-97235488 [Sequence]","Reverse","tr|H0YEB1|H0YEB1_HUMAN","1","73","Forward","73 [Sequence]","163","3.94e-47","100.000 [Alignment]"
"ENSNLET00000050937.1","SLC1A3","1777","1902","Forward","6:35221826-35221951 [Sequence]","Forward","tr|H0YEB1|H0YEB1_HUMAN","1","40","Forward","42 [Sequence]","46.4","3.71e-06","52.381 [Alignment]"
"ENSNLET00000020528.2","SLC1A3","1780","1905","Forward","6:35221826-35221951 [Sequence]","Forward","tr|H0YEB1|H0YEB1_HUMAN","1","40","Forward","42 [Sequence]","46.4","3.71e-06","52.381 [Alignment]"
"ENSNLET00000035538.1","SLC1A3","2210","2335","Forward","6:35221826-35221951 [Sequence]","Forward","tr|H0YEB1|H0YEB1_HUMAN","1","40","Forward","42 [Sequence]","46.4","3.72e-06","52.381 [Alignment]"
"ENSNLET00000035523.1","SLC1A3","1740","1865","Forward","6:35221826-35221951 [Sequence]","Forward","tr|H0YEB1|H0YEB1_HUMAN","1","40","Forward","42 [Sequence]","46.4","3.82e-06","52.381 [Alignment]"
"ENSNLET00000035611.1","SLC1A1","1141","1221","Forward","1a:5469660-5469740 [Sequence]","Forward","tr|H0YEB1|H0YEB1_HUMAN","1","27","Forward","27 [Sequence]","42.6","5.67e-05","62.963 [Alignment]"
"ENSNLET00000036200.1","SLC1A3","934","1110","Forward","6:35221826-35222002 [Sequence]","Forward","tr|H0YEB1|H0YEB1_HUMAN","1","56","Forward","59 [Sequence]","41.0","2.41e-04","44.068 [Alignment]"
"ENSNLET00000044558.1","SLC1A3","1423","1599","Forward","6:35221826-35222002 [Sequence]","Forward","tr|H0YEB1|H0YEB1_HUMAN","1","56","Forward","59 [Sequence]","40.6","3.11e-04","44.068 [Alignment]"
"ENSNLET00000035489.1","SLC1A4","1360","1419","Forward","14:33573341-33573400 [Sequence]","Forward","tr|H0YEB1|H0YEB1_HUMAN","1","20","Forward","20 [Sequence]","33.4","0.066","60.000 [Alignment]"
"ENSNLET00000012694.3","SLC1A4","2014","2073","Forward","14:33573341-33573400 [Sequence]","Forward","tr|H0YEB1|H0YEB1_HUMAN","1","20","Forward","20 [Sequence]","33.4","0.073","60.000 [Alignment]"
