"Subject name","Gene hit","Subject start","Subject end","Subject ori","Genomic Location","Orientation","Query name","Query start","Query end","Query ori","Length","Score","E-val","%ID"
"ENSOGAT00000016245.2","SLC1A2","10","1197","Forward","GL873520.1:62048462-62081532 [Sequence]","Reverse","tr|A0A2R8Y4D1|A0A2R8Y4D1_HUMAN","2","397","Forward","396 [Sequence]","666","0.0","94.444 [Alignment]"
"ENSOGAT00000007470.2","SLC1A1","41","1108","Forward","GL873525.1:22343486-22409255 [Sequence]","Reverse","tr|A0A2R8Y4D1|A0A2R8Y4D1_HUMAN","38","397","Forward","361 [Sequence]","291","1.95e-85","52.632 [Alignment]"
"ENSOGAT00000004889.2","SLC1A3","157","1224","Forward","GL873582.1:4668215-4748216 [Sequence]","Forward","tr|A0A2R8Y4D1|A0A2R8Y4D1_HUMAN","39","397","Forward","362 [Sequence]","264","1.72e-75","52.210 [Alignment]"
"ENSOGAT00000034011.1","SLC1A6","90","1283","Forward","GL873624.1:208544-221648 [Sequence]","Reverse","tr|A0A2R8Y4D1|A0A2R8Y4D1_HUMAN","26","397","Forward","405 [Sequence]","258","2.92e-73","44.691 [Alignment]"
"ENSOGAT00000013316.2","SLC1A7","134","1231","Forward","GL873585.1:229368-275453 [Sequence]","Reverse","tr|A0A2R8Y4D1|A0A2R8Y4D1_HUMAN","39","397","Forward","373 [Sequence]","240","4.87e-67","46.649 [Alignment]"
"ENSOGAT00000031519.1","SLC1A5","247","1176","Forward","GL873671.1:3598172-3605526 [Sequence]","Reverse","tr|A0A2R8Y4D1|A0A2R8Y4D1_HUMAN","70","397","Forward","335 [Sequence]","189","5.70e-50","40.896 [Alignment]"
"ENSOGAT00000005686.2","SLC1A4","217","1137","Forward","GL873543.1:21925020-21948975 [Sequence]","Forward","tr|A0A2R8Y4D1|A0A2R8Y4D1_HUMAN","75","397","Forward","329 [Sequence]","187","1.41e-49","42.857 [Alignment]"
