"Subject name","Gene hit","Subject start","Subject end","Subject ori","Genomic Location","Orientation","Query name","Query start","Query end","Query ori","Length","Score","E-val","%ID"
"ENST00000278379.9","SLC1A2","593","2314","Forward","11:35260897-35418966 [Sequence]","Reverse","sp|P43004|EAA2_HUMAN","1","574","Forward","574 [Sequence]","1093","0.0","100.000 [Alignment]"
"ENST00000395753.6","SLC1A2","149","1855","Forward","11:35260897-35419909 [Sequence]","Reverse","sp|P43004|EAA2_HUMAN","6","574","Forward","569 [Sequence]","1082","0.0","100.000 [Alignment]"
"ENST00000395750.6","SLC1A2","122","1828","Forward","11:35260897-35419937 [Sequence]","Reverse","sp|P43004|EAA2_HUMAN","6","574","Forward","569 [Sequence]","1081","0.0","100.000 [Alignment]"
"ENST00000644299.1","SLC1A2","149","1867","Forward","11:35260897-35418493 [Sequence]","Reverse","sp|P43004|EAA2_HUMAN","2","574","Forward","573 [Sequence]","1081","0.0","99.302 [Alignment]"
"ENST00000642448.1","SLC1A2","111","1814","Forward","11:35260897-35317515 [Sequence]","Reverse","sp|P43004|EAA2_HUMAN","7","574","Forward","568 [Sequence]","1080","0.0","100.000 [Alignment]"
"ENST00000645194.1","SLC1A2","63","1766","Forward","11:35260897-35317515 [Sequence]","Reverse","sp|P43004|EAA2_HUMAN","7","574","Forward","568 [Sequence]","1080","0.0","100.000 [Alignment]"
"ENST00000645634.1","SLC1A2","314","2017","Forward","11:35260897-35317515 [Sequence]","Reverse","sp|P43004|EAA2_HUMAN","7","574","Forward","568 [Sequence]","1080","0.0","100.000 [Alignment]"
"ENST00000646080.1","SLC1A2","88","1791","Forward","11:35260897-35317515 [Sequence]","Reverse","sp|P43004|EAA2_HUMAN","7","574","Forward","568 [Sequence]","1079","0.0","100.000 [Alignment]"
"ENST00000644779.1","SLC1A2","951","2660","Forward","11:35260897-35322565 [Sequence]","Reverse","sp|P43004|EAA2_HUMAN","5","574","Forward","570 [Sequence]","1079","0.0","99.649 [Alignment]"
"ENST00000645303.1","SLC1A2","323","2026","Forward","11:35260897-35317515 [Sequence]","Reverse","sp|P43004|EAA2_HUMAN","7","574","Forward","568 [Sequence]","1079","0.0","100.000 [Alignment]"
"ENST00000644050.1","SLC1A2","452","2161","Forward","11:35260897-35322565 [Sequence]","Reverse","sp|P43004|EAA2_HUMAN","5","574","Forward","570 [Sequence]","1078","0.0","99.649 [Alignment]"
"ENST00000647104.1","SLC1A2","165","1874","Forward","11:35260897-35322565 [Sequence]","Reverse","sp|P43004|EAA2_HUMAN","5","574","Forward","570 [Sequence]","1078","0.0","99.649 [Alignment]"
"ENST00000643000.1","SLC1A2","107","1810","Forward","11:35260897-35317515 [Sequence]","Reverse","sp|P43004|EAA2_HUMAN","7","574","Forward","568 [Sequence]","1078","0.0","100.000 [Alignment]"
"ENST00000643305.1","SLC1A2","588","2243","Forward","11:35265524-35418966 [Sequence]","Reverse","sp|P43004|EAA2_HUMAN","1","552","Forward","552 [Sequence]","1043","0.0","100.000 [Alignment]"
"ENST00000643134.1","SLC1A2","390","2042","Forward","11:35265527-35418966 [Sequence]","Reverse","sp|P43004|EAA2_HUMAN","1","551","Forward","551 [Sequence]","1041","0.0","100.000 [Alignment]"
"ENST00000644459.1","SLC1A2","593","2245","Forward","11:35265527-35418966 [Sequence]","Reverse","sp|P43004|EAA2_HUMAN","1","551","Forward","551 [Sequence]","1041","0.0","100.000 [Alignment]"
"ENST00000642171.1","SLC1A2","248","1900","Forward","11:35265527-35418966 [Sequence]","Reverse","sp|P43004|EAA2_HUMAN","1","551","Forward","551 [Sequence]","1041","0.0","100.000 [Alignment]"
"ENST00000531628.2","SLC1A2","1","1659","Forward","11:35261880-35418966 [Sequence]","Reverse","sp|P43004|EAA2_HUMAN","1","553","Forward","553 [Sequence]","1040","0.0","99.819 [Alignment]"
"ENST00000642578.1","SLC1A2","116","1756","Forward","11:35265524-35419909 [Sequence]","Reverse","sp|P43004|EAA2_HUMAN","6","552","Forward","547 [Sequence]","1032","0.0","100.000 [Alignment]"
"ENST00000646099.1","SLC1A2","88","1728","Forward","11:35265524-35419937 [Sequence]","Reverse","sp|P43004|EAA2_HUMAN","6","552","Forward","547 [Sequence]","1031","0.0","100.000 [Alignment]"
"ENST00000643454.1","SLC1A2","48","1685","Forward","11:35265524-35317515 [Sequence]","Reverse","sp|P43004|EAA2_HUMAN","7","552","Forward","546 [Sequence]","1030","0.0","100.000 [Alignment]"
"ENST00000644868.1","SLC1A2","10","1644","Forward","11:35265527-35317515 [Sequence]","Reverse","sp|P43004|EAA2_HUMAN","7","551","Forward","545 [Sequence]","1028","0.0","100.000 [Alignment]"
"ENST00000647372.1","SLC1A2","107","1744","Forward","11:35265524-35317515 [Sequence]","Reverse","sp|P43004|EAA2_HUMAN","7","552","Forward","546 [Sequence]","1027","0.0","100.000 [Alignment]"
"ENST00000606205.6","SLC1A2","133","1653","Forward","11:35265524-35418966 [Sequence]","Reverse","sp|P43004|EAA2_HUMAN","1","552","Forward","552 [Sequence]","929","0.0","91.667 [Alignment]"
"ENST00000644351.1","SLC1A2","589","2010","Forward","11:35280866-35418966 [Sequence]","Reverse","sp|P43004|EAA2_HUMAN","1","474","Forward","474 [Sequence]","868","0.0","100.000 [Alignment]"
"ENST00000479543.2","SLC1A2","111","1274","Forward","11:35260897-35307165 [Sequence]","Reverse","sp|P43004|EAA2_HUMAN","187","574","Forward","388 [Sequence]","795","0.0","100.000 [Alignment]"
"ENST00000449068.2","SLC1A2","87","1313","Forward","11:35286816-35418966 [Sequence]","Reverse","sp|P43004|EAA2_HUMAN","1","409","Forward","409 [Sequence]","736","0.0","100.000 [Alignment]"
"ENST00000645892.1","SLC1A2","124","1332","Forward","11:35286816-35317515 [Sequence]","Reverse","sp|P43004|EAA2_HUMAN","7","409","Forward","403 [Sequence]","724","0.0","100.000 [Alignment]"
"ENST00000646585.1","SLC1A2","171","1379","Forward","11:35286819-35404320 [Sequence]","Reverse","sp|P43004|EAA2_HUMAN","6","408","Forward","403 [Sequence]","723","0.0","100.000 [Alignment]"
"ENST00000646847.1","SLC1A2","160","1350","Forward","11:35286852-35418966 [Sequence]","Reverse","sp|P43004|EAA2_HUMAN","1","397","Forward","397 [Sequence]","713","0.0","100.000 [Alignment]"
"ENST00000642769.1","SLC1A2","2","988","Forward","11:35260897-35301640 [Sequence]","Reverse","sp|P43004|EAA2_HUMAN","246","574","Forward","329 [Sequence]","673","0.0","100.000 [Alignment]"
"ENST00000643154.1","SLC1A2","581","1696","Forward","11:35292262-35418966 [Sequence]","Reverse","sp|P43004|EAA2_HUMAN","1","372","Forward","372 [Sequence]","643","0.0","98.387 [Alignment]"
"ENST00000646112.1","SLC1A2","95","1198","Forward","11:35292262-35360052 [Sequence]","Reverse","sp|P43004|EAA2_HUMAN","5","372","Forward","368 [Sequence]","630","0.0","98.098 [Alignment]"
"ENST00000642183.1","SLC1A2","281","1153","Forward","11:35286918-35317515 [Sequence]","Reverse","sp|P43004|EAA2_HUMAN","7","295","Forward","291 [Sequence]","494","5.51e-159","96.907 [Alignment]"
"ENST00000643522.1","SLC1A2","497","1387","Forward","11:35286918-35418966 [Sequence]","Reverse","sp|P43004|EAA2_HUMAN","1","295","Forward","297 [Sequence]","508","7.94e-153","96.970 [Alignment]"
"ENST00000642216.1","SLC1A2","107","832","Forward","11:35286759-35307165 [Sequence]","Reverse","sp|P43004|EAA2_HUMAN","187","428","Forward","242 [Sequence]","479","4.66e-151","100.000 [Alignment]"
"ENST00000643522.1","SLC1A2","1355","1984","Forward","11:35260897-35286950 [Sequence]","Reverse","sp|P43004|EAA2_HUMAN","365","574","Forward","210 [Sequence]","454","1.33e-134","100.000 [Alignment]"
"ENST00000262352.8","SLC1A1","255","1652","Forward","9:4490722-4585423 [Sequence]","Forward","sp|P43004|EAA2_HUMAN","41","511","Forward","477 [Sequence]","445","1.48e-131","55.556 [Alignment]"
"ENST00000221742.7","SLC1A6","165","1607","Forward","19:14950291-14972754 [Sequence]","Reverse","sp|P43004|EAA2_HUMAN","41","507","Forward","485 [Sequence]","415","4.81e-126","51.340 [Alignment]"
"ENST00000381918.4","SLC1A3","276","1757","Forward","5:36608556-36686254 [Sequence]","Forward","sp|P43004|EAA2_HUMAN","41","534","Forward","500 [Sequence]","427","1.61e-125","54.400 [Alignment]"
"ENST00000680318.1","SLC1A3","319","1800","Forward","5:36608556-36686254 [Sequence]","Forward","sp|P43004|EAA2_HUMAN","41","534","Forward","500 [Sequence]","427","1.63e-125","54.400 [Alignment]"
"ENST00000679992.1","SLC1A3","350","1831","Forward","5:36608556-36686254 [Sequence]","Forward","sp|P43004|EAA2_HUMAN","41","534","Forward","500 [Sequence]","427","1.64e-125","54.400 [Alignment]"
"ENST00000265113.9","SLC1A3","358","1839","Forward","5:36608556-36686254 [Sequence]","Forward","sp|P43004|EAA2_HUMAN","41","534","Forward","500 [Sequence]","427","1.64e-125","54.400 [Alignment]"
"ENST00000679983.1","SLC1A3","908","2389","Forward","5:36608556-36686254 [Sequence]","Forward","sp|P43004|EAA2_HUMAN","41","534","Forward","500 [Sequence]","427","1.77e-125","54.400 [Alignment]"
"ENST00000642224.1","SLC1A2","308","1021","Forward","11:35292519-35317515 [Sequence]","Reverse","sp|P43004|EAA2_HUMAN","7","244","Forward","238 [Sequence]","407","4.30e-125","100.000 [Alignment]"
"ENST00000681909.1","SLC1A3","672","1952","Forward","5:36671043-36686254 [Sequence]","Forward","sp|P43004|EAA2_HUMAN","109","534","Forward","432 [Sequence]","418","2.98e-124","55.324 [Alignment]"
"ENST00000646167.1","SLC1A2","709","1272","Forward","11:35265524-35286950 [Sequence]","Reverse","sp|P43004|EAA2_HUMAN","365","552","Forward","188 [Sequence]","404","3.28e-124","100.000 [Alignment]"
"ENST00000594383.2","SLC1A6","720","2162","Forward","19:14950291-14972754 [Sequence]","Reverse","sp|P43004|EAA2_HUMAN","41","507","Forward","485 [Sequence]","416","4.49e-123","51.340 [Alignment]"
"ENST00000613445.5","SLC1A3","485","1765","Forward","5:36671043-36686254 [Sequence]","Forward","sp|P43004|EAA2_HUMAN","109","534","Forward","432 [Sequence]","418","3.59e-122","55.324 [Alignment]"
"ENST00000680655.1","SLC1A3","671","1951","Forward","5:36671043-36686254 [Sequence]","Forward","sp|P43004|EAA2_HUMAN","109","534","Forward","432 [Sequence]","417","4.74e-122","55.324 [Alignment]"
"ENST00000679784.1","SLC1A3","871","2151","Forward","5:36671043-36686254 [Sequence]","Forward","sp|P43004|EAA2_HUMAN","109","534","Forward","432 [Sequence]","417","5.18e-122","55.324 [Alignment]"
"ENST00000680048.1","SLC1A3","1464","2744","Forward","5:36671043-36686254 [Sequence]","Forward","sp|P43004|EAA2_HUMAN","109","534","Forward","432 [Sequence]","417","1.03e-121","55.324 [Alignment]"
"ENST00000624112.2","SLC1A3","3327","4607","Forward","5:36671043-36686254 [Sequence]","Forward","sp|P43004|EAA2_HUMAN","109","534","Forward","432 [Sequence]","416","2.06e-121","55.093 [Alignment]"
"ENST00000646167.1","SLC1A2","1","741","Forward","11:35286918-35317383 [Sequence]","Reverse","sp|P43004|EAA2_HUMAN","51","295","Forward","247 [Sequence]","395","1.13e-120","96.356 [Alignment]"
"ENST00000680232.1","SLC1A3","499","2121","Forward","5:36608556-36686254 [Sequence]","Forward","sp|P43004|EAA2_HUMAN","41","534","Forward","547 [Sequence]","405","7.05e-118","49.726 [Alignment]"
"ENST00000371494.9","SLC1A7","223","1632","Forward","1:53088898-53142416 [Sequence]","Reverse","sp|P43004|EAA2_HUMAN","39","501","Forward","475 [Sequence]","389","5.98e-113","50.316 [Alignment]"
"ENST00000680876.1","SLC1A3","3698","4795","Forward","5:36674041-36686254 [Sequence]","Forward","sp|P43004|EAA2_HUMAN","171","534","Forward","370 [Sequence]","382","5.74e-110","55.135 [Alignment]"
"ENST00000430939.6","SLC1A6","485","1537","Forward","19:14950291-14971738 [Sequence]","Reverse","sp|P43004|EAA2_HUMAN","173","507","Forward","353 [Sequence]","363","2.31e-106","53.541 [Alignment]"
"ENST00000647076.1","SLC1A2","2","463","Forward","11:35260897-35286917 [Sequence]","Reverse","sp|P43004|EAA2_HUMAN","376","574","Forward","199 [Sequence]","315","1.65e-96","76.884 [Alignment]"
"ENST00000611397.5","SLC1A7","369","1382","Forward","1:53088898-53134351 [Sequence]","Reverse","sp|P43004|EAA2_HUMAN","173","501","Forward","341 [Sequence]","335","4.15e-95","52.199 [Alignment]"
"ENST00000681926.1","SLC1A3","446","1792","Forward","5:36608556-36686254 [Sequence]","Forward","sp|P43004|EAA2_HUMAN","41","534","Forward","500 [Sequence]","335","1.46e-94","48.000 [Alignment]"
"ENST00000680125.1","SLC1A3","499","1845","Forward","5:36608556-36686254 [Sequence]","Forward","sp|P43004|EAA2_HUMAN","41","534","Forward","500 [Sequence]","335","1.47e-94","48.000 [Alignment]"
"ENST00000681814.1","SLC1A3","248","1402","Forward","5:36608556-36680587 [Sequence]","Forward","sp|P43004|EAA2_HUMAN","41","428","Forward","391 [Sequence]","309","4.05e-88","53.964 [Alignment]"
"ENST00000681633.1","SLC1A3","3631","4422","Forward","5:36679589-36686254 [Sequence]","Forward","sp|P43004|EAA2_HUMAN","274","534","Forward","264 [Sequence]","308","2.08e-85","60.606 [Alignment]"
"ENST00000234256.4","SLC1A4","345","1682","Forward","2:64989743-65020984 [Sequence]","Forward","sp|P43004|EAA2_HUMAN","36","498","Forward","469 [Sequence]","306","6.87e-85","45.629 [Alignment]"
"ENST00000612708.5","SLC1A3","883","1644","Forward","5:36671226-36686254 [Sequence]","Forward","sp|P43004|EAA2_HUMAN","284","534","Forward","254 [Sequence]","304","1.50e-84","61.811 [Alignment]"
"ENST00000542575.6","SLC1A5","987","2252","Forward","19:46775513-46787608 [Sequence]","Reverse","sp|P43004|EAA2_HUMAN","109","546","Forward","449 [Sequence]","295","1.55e-81","40.757 [Alignment]"
"ENST00000480594.1","SLC1A4","1999","2910","Forward","2:65001446-65020984 [Sequence]","Forward","sp|P43004|EAA2_HUMAN","173","498","Forward","326 [Sequence]","291","7.77e-80","48.160 [Alignment]"
"ENST00000680878.1","SLC1A3","3689","4660","Forward","5:36674032-36686254 [Sequence]","Forward","sp|P43004|EAA2_HUMAN","168","534","Forward","373 [Sequence]","289","3.57e-79","46.381 [Alignment]"
"ENST00000594991.5","SLC1A5","339","1403","Forward","19:46775513-46784567 [Sequence]","Reverse","sp|P43004|EAA2_HUMAN","171","546","Forward","382 [Sequence]","276","1.17e-75","41.623 [Alignment]"
"ENST00000412532.6","SLC1A5","106","1161","Forward","19:46775513-46784558 [Sequence]","Reverse","sp|P43004|EAA2_HUMAN","174","546","Forward","379 [Sequence]","271","1.02e-74","41.425 [Alignment]"
"ENST00000680835.1","SLC1A3","45","605","Forward","5:36679628-36683996 [Sequence]","Forward","sp|P43004|EAA2_HUMAN","287","473","Forward","187 [Sequence]","253","3.99e-74","67.914 [Alignment]"
"ENST00000434726.6","SLC1A5","267","1244","Forward","19:46775513-46784108 [Sequence]","Reverse","sp|P43004|EAA2_HUMAN","226","546","Forward","327 [Sequence]","265","3.43e-72","44.037 [Alignment]"
"ENST00000506178.1","SLC1A3","38","517","Forward","5:36680384-36686203 [Sequence]","Forward","sp|P43004|EAA2_HUMAN","361","518","Forward","160 [Sequence]","229","3.31e-66","67.500 [Alignment]"
"ENST00000681480.1","SLC1A3","314","727","Forward","5:36679775-36683996 [Sequence]","Forward","sp|P43004|EAA2_HUMAN","336","473","Forward","138 [Sequence]","220","1.14e-61","72.464 [Alignment]"
"ENST00000642224.1","SLC1A2","1021","1389","Forward","11:35286816-35292519 [Sequence]","Reverse","sp|P43004|EAA2_HUMAN","287","409","Forward","123 [Sequence]","227","6.10e-61","100.000 [Alignment]"
"ENST00000422398.1","SLC1A1","2","592","Forward","9:4572336-4585423 [Sequence]","Forward","sp|P43004|EAA2_HUMAN","269","511","Forward","243 [Sequence]","211","1.37e-58","50.617 [Alignment]"
"ENST00000600144.5","SLC1A6","1157","1639","Forward","19:14950291-14962054 [Sequence]","Reverse","sp|P43004|EAA2_HUMAN","347","507","Forward","161 [Sequence]","221","3.86e-58","62.733 [Alignment]"
"ENST00000646833.1","SLC1A2","112","408","Forward","11:35301521-35307165 [Sequence]","Reverse","sp|P43004|EAA2_HUMAN","187","285","Forward","99 [Sequence]","208","2.62e-57","100.000 [Alignment]"
"ENST00000593713.1","SLC1A5","83","772","Forward","19:46777213-46784704 [Sequence]","Reverse","sp|P43004|EAA2_HUMAN","172","428","Forward","257 [Sequence]","201","1.04e-54","43.191 [Alignment]"
"ENST00000642196.1","SLC1A2","260","556","Forward","11:35301521-35307012 [Sequence]","Reverse","sp|P43004|EAA2_HUMAN","187","285","Forward","99 [Sequence]","208","1.21e-53","100.000 [Alignment]"
"ENST00000645659.1","SLC1A2","2","442","Forward","11:35312165-35317380 [Sequence]","Reverse","sp|P43004|EAA2_HUMAN","52","199","Forward","148 [Sequence]","190","2.90e-53","94.595 [Alignment]"
"ENST00000620347.5","SLC1A7","1308","1748","Forward","1:53088898-53090835 [Sequence]","Reverse","sp|P43004|EAA2_HUMAN","355","501","Forward","147 [Sequence]","204","1.93e-52","63.265 [Alignment]"
"ENST00000649098.1","SLC1A7","1161","1598","Forward","1:53088898-53092607 [Sequence]","Reverse","sp|P43004|EAA2_HUMAN","352","501","Forward","150 [Sequence]","195","1.31e-49","62.000 [Alignment]"
"ENST00000649098.1","SLC1A7","217","1218","Forward","1:53090775-53142416 [Sequence]","Reverse","sp|P43004|EAA2_HUMAN","39","365","Forward","339 [Sequence]","191","2.62e-48","43.953 [Alignment]"
"ENST00000679487.1","SLC1A3","64","342","Forward","5:36679775-36680587 [Sequence]","Forward","sp|P43004|EAA2_HUMAN","336","428","Forward","93 [Sequence]","172","4.02e-48","74.194 [Alignment]"
"ENST00000620347.5","SLC1A7","162","1157","Forward","1:53092556-53142416 [Sequence]","Reverse","sp|P43004|EAA2_HUMAN","39","363","Forward","337 [Sequence]","189","1.05e-47","43.620 [Alignment]"
"ENST00000680064.1","SLC1A3","3631","4095","Forward","5:36679589-36680587 [Sequence]","Forward","sp|P43004|EAA2_HUMAN","274","428","Forward","155 [Sequence]","189","1.25e-47","63.871 [Alignment]"
"ENST00000531327.5","SLC1A4","352","807","Forward","2:65010711-65020984 [Sequence]","Forward","sp|P43004|EAA2_HUMAN","347","498","Forward","152 [Sequence]","178","4.65e-45","51.316 [Alignment]"
"ENST00000464522.2","SLC1A2","1","219","Forward","11:35265527-35265745 [Sequence]","Reverse","sp|P43004|EAA2_HUMAN","479","551","Forward","73 [Sequence]","163","6.02e-43","100.000 [Alignment]"
"ENST00000647193.1","SLC1A2","3","251","Forward","11:35286918-35306161 [Sequence]","Reverse","sp|P43004|EAA2_HUMAN","215","295","Forward","83 [Sequence]","151","2.55e-37","89.157 [Alignment]"
"ENST00000681701.1","SLC1A3","203","730","Forward","5:36671231-36679858 [Sequence]","Forward","sp|P43004|EAA2_HUMAN","187","363","Forward","180 [Sequence]","128","4.28e-34","45.556 [Alignment]"
"ENST00000681701.1","SLC1A3","15","203","Forward","5:36671043-36671231 [Sequence]","Forward","sp|P43004|EAA2_HUMAN","109","172","Forward","64 [Sequence]","39.3","4.28e-34","54.688 [Alignment]"
"ENST00000647193.1","SLC1A2","219","410","Forward","11:35286759-35286950 [Sequence]","Reverse","sp|P43004|EAA2_HUMAN","365","428","Forward","64 [Sequence]","138","6.41e-33","100.000 [Alignment]"
"ENST00000680064.1","SLC1A3","499","1302","Forward","5:36608556-36677260 [Sequence]","Forward","sp|P43004|EAA2_HUMAN","41","311","Forward","275 [Sequence]","130","1.67e-29","44.727 [Alignment]"
"ENST00000681633.1","SLC1A3","499","1302","Forward","5:36608556-36677260 [Sequence]","Forward","sp|P43004|EAA2_HUMAN","41","311","Forward","275 [Sequence]","130","1.80e-29","44.727 [Alignment]"
"ENST00000681440.1","SLC1A3","42","368","Forward","5:36674090-36686254 [Sequence]","Forward","sp|P43004|EAA2_HUMAN","429","534","Forward","109 [Sequence]","119","2.98e-29","55.963 [Alignment]"
"ENST00000598504.5","SLC1A6","1517","2296","Forward","19:14962001-14972754 [Sequence]","Reverse","sp|P43004|EAA2_HUMAN","41","286","Forward","266 [Sequence]","128","4.94e-29","40.602 [Alignment]"
"ENST00000544886.6","SLC1A6","950","1729","Forward","19:14962001-14972754 [Sequence]","Reverse","sp|P43004|EAA2_HUMAN","41","286","Forward","268 [Sequence]","128","5.43e-29","39.925 [Alignment]"
"ENST00000600144.5","SLC1A6","431","1243","Forward","19:14954296-14972754 [Sequence]","Reverse","sp|P43004|EAA2_HUMAN","41","295","Forward","277 [Sequence]","125","3.34e-28","39.350 [Alignment]"
