"Subject name","Gene hit","Subject start","Subject end","Subject ori","Genomic Location","Orientation","Query name","Query start","Query end","Query ori","Length","Score","E-val","%ID"
"ENSTGET00000004367.1","ENSTGEG00000002970","1","1227","Forward","14:29912607-30048252 [Sequence]","Forward","tr|C9J9N5|C9J9N5_HUMAN","1","409","Forward","409 [Sequence]","733","0.0","99.756 [Alignment]"
"ENSTGET00000004360.1","ENSTGEG00000002970","1","1227","Forward","14:29912607-30048252 [Sequence]","Forward","tr|C9J9N5|C9J9N5_HUMAN","1","409","Forward","409 [Sequence]","733","0.0","99.756 [Alignment]"
"ENSTGET00000004369.1","ENSTGEG00000002970","1","1227","Forward","14:29912607-30048252 [Sequence]","Forward","tr|C9J9N5|C9J9N5_HUMAN","1","409","Forward","409 [Sequence]","731","0.0","99.756 [Alignment]"
"ENSTGET00000004353.1","ENSTGEG00000002970","4","1215","Forward","14:29911636-30048252 [Sequence]","Forward","tr|C9J9N5|C9J9N5_HUMAN","6","409","Forward","404 [Sequence]","723","0.0","99.752 [Alignment]"
"ENSTGET00000004372.1","ENSTGEG00000002970","10","1218","Forward","14:30017560-30048252 [Sequence]","Forward","tr|C9J9N5|C9J9N5_HUMAN","7","409","Forward","403 [Sequence]","721","0.0","99.752 [Alignment]"
"ENSTGET00000004373.1","ENSTGEG00000002970","121","1335","Forward","14:30012509-30048252 [Sequence]","Forward","tr|C9J9N5|C9J9N5_HUMAN","5","409","Forward","405 [Sequence]","720","0.0","99.259 [Alignment]"
"ENSTGET00000004370.1","ENSTGEG00000002970","28","1242","Forward","14:29950258-30048252 [Sequence]","Forward","tr|C9J9N5|C9J9N5_HUMAN","5","409","Forward","405 [Sequence]","720","0.0","99.259 [Alignment]"
"ENSTGET00000004364.1","ENSTGEG00000002970","1","891","Forward","14:29912607-30048150 [Sequence]","Forward","tr|C9J9N5|C9J9N5_HUMAN","1","295","Forward","297 [Sequence]","502","4.21e-165","96.633 [Alignment]"
"ENSTGET00000031499.1","ENSTGEG00000021311","43","1128","Forward","15:77258048-77339799 [Sequence]","Reverse","tr|C9J9N5|C9J9N5_HUMAN","41","409","Forward","375 [Sequence]","307","6.88e-91","54.133 [Alignment]"
"ENSTGET00000011946.1","ENSTGEG00000008149","157","1305","Forward","19:14595752-14615379 [Sequence]","Reverse","tr|C9J9N5|C9J9N5_HUMAN","41","409","Forward","387 [Sequence]","288","1.93e-83","48.320 [Alignment]"
"ENSTGET00000011339.1","ENSTGEG00000007717","133","1230","Forward","6:36201289-36274988 [Sequence]","Forward","tr|C9J9N5|C9J9N5_HUMAN","41","409","Forward","372 [Sequence]","286","2.22e-83","53.763 [Alignment]"
"ENSTGET00000011325.1","ENSTGEG00000007717","376","1473","Forward","6:36201289-36274988 [Sequence]","Forward","tr|C9J9N5|C9J9N5_HUMAN","41","409","Forward","372 [Sequence]","286","1.71e-81","53.763 [Alignment]"
"ENSTGET00000011342.1","ENSTGEG00000007717","196","1092","Forward","6:36265512-36274988 [Sequence]","Forward","tr|C9J9N5|C9J9N5_HUMAN","109","409","Forward","304 [Sequence]","276","1.25e-79","54.934 [Alignment]"
"ENSTGET00000011941.1","ENSTGEG00000008149","355","1113","Forward","19:14595752-14614365 [Sequence]","Reverse","tr|C9J9N5|C9J9N5_HUMAN","173","409","Forward","255 [Sequence]","233","1.17e-64","49.804 [Alignment]"
"ENSTGET00000009325.1","ENSTGEG00000006339","214","951","Forward","1:81025971-81068853 [Sequence]","Reverse","tr|C9J9N5|C9J9N5_HUMAN","173","409","Forward","248 [Sequence]","210","7.93e-57","47.984 [Alignment]"
"ENSTGET00000014943.1","ENSTGEG00000010141","522","1592","Forward","13:85635124-85662822 [Sequence]","Forward","tr|C9J9N5|C9J9N5_HUMAN","36","409","Forward","380 [Sequence]","200","4.54e-53","43.421 [Alignment]"
"ENSTGET00000034265.1","ENSTGEG00000023133","544","1194","Forward","19:23940941-23952170 [Sequence]","Reverse","tr|C9J9N5|C9J9N5_HUMAN","165","409","Forward","245 [Sequence]","193","4.99e-51","44.082 [Alignment]"
"ENSTGET00000009323.1","ENSTGEG00000006339","34","1029","Forward","1:81027865-81076860 [Sequence]","Reverse","tr|C9J9N5|C9J9N5_HUMAN","39","363","Forward","336 [Sequence]","183","1.21e-47","42.857 [Alignment]"
"ENSTGET00000034266.1","ENSTGEG00000023133","40","585","Forward","19:23940941-23948786 [Sequence]","Reverse","tr|C9J9N5|C9J9N5_HUMAN","226","409","Forward","184 [Sequence]","170","1.77e-44","47.826 [Alignment]"
"ENSTGET00000011343.1","ENSTGEG00000007717","517","894","Forward","6:36265695-36274988 [Sequence]","Forward","tr|C9J9N5|C9J9N5_HUMAN","284","409","Forward","126 [Sequence]","164","8.87e-42","67.460 [Alignment]"
"ENSTGET00000011947.1","ENSTGEG00000008149","157","969","Forward","19:14595854-14615379 [Sequence]","Reverse","tr|C9J9N5|C9J9N5_HUMAN","41","295","Forward","275 [Sequence]","129","1.67e-30","39.273 [Alignment]"
"ENSTGET00000004364.1","ENSTGEG00000002970","859","993","Forward","14:30048118-30048252 [Sequence]","Forward","tr|C9J9N5|C9J9N5_HUMAN","365","409","Forward","45 [Sequence]","99","2.23e-21","100.000 [Alignment]"
"ENSTGET00000011947.1","ENSTGEG00000008149","883","1071","Forward","19:14595752-14603685 [Sequence]","Reverse","tr|C9J9N5|C9J9N5_HUMAN","347","409","Forward","63 [Sequence]","91.2","1.17e-18","63.492 [Alignment]"
"ENSTGET00000009323.1","ENSTGEG00000006339","1180","1344","Forward","1:81025971-81026135 [Sequence]","Reverse","tr|C9J9N5|C9J9N5_HUMAN","355","409","Forward","55 [Sequence]","82.4","6.89e-16","67.273 [Alignment]"
"ENSTGET00000014948.1","ENSTGEG00000010141","88","276","Forward","13:85656427-85662822 [Sequence]","Forward","tr|C9J9N5|C9J9N5_HUMAN","347","409","Forward","63 [Sequence]","70.7","1.15e-12","46.032 [Alignment]"
"ENSTGET00000009326.1","ENSTGEG00000006339","34","435","Forward","1:81043221-81076860 [Sequence]","Reverse","tr|C9J9N5|C9J9N5_HUMAN","39","174","Forward","136 [Sequence]","56.0","3.37e-08","43.382 [Alignment]"
"ENSTGET00000011343.1","ENSTGEG00000007717","133","525","Forward","6:36201289-36274089 [Sequence]","Forward","tr|C9J9N5|C9J9N5_HUMAN","41","173","Forward","133 [Sequence]","51.4","2.01e-06","51.880 [Alignment]"
"ENSTGET00000014948.1","ENSTGEG00000010141","1","153","Forward","13:85656340-85662699 [Sequence]","Forward","tr|C9J9N5|C9J9N5_HUMAN","240","290","Forward","51 [Sequence]","46.8","4.03e-05","43.137 [Alignment]"
