"Subject name","Gene hit","Subject start","Subject end","Subject ori","Genomic Location","Orientation","Query name","Query start","Query end","Query ori","Length","Score","E-val","%ID"
"ENSPPYT00000004001.3","SLC1A2","1","1722","Forward","11:31374985-31535805 [Sequence]","Forward","sp|P43004|EAA2_HUMAN","1","574","Forward","574 [Sequence]","1090","0.0","99.652 [Alignment]"
"ENSPPYT00000046941.1","SLC1A2","116","1822","Forward","11:31374044-31535805 [Sequence]","Forward","sp|P43004|EAA2_HUMAN","6","574","Forward","569 [Sequence]","1080","0.0","99.649 [Alignment]"
"ENSPPYT00000004002.2","SLC1A2","10","1713","Forward","11:31479355-31535805 [Sequence]","Forward","sp|P43004|EAA2_HUMAN","7","574","Forward","568 [Sequence]","1078","0.0","99.648 [Alignment]"
"ENSPPYT00000042940.1","SLC1A2","34","1737","Forward","11:31479355-31535805 [Sequence]","Forward","sp|P43004|EAA2_HUMAN","7","574","Forward","568 [Sequence]","1078","0.0","99.648 [Alignment]"
"ENSPPYT00000053916.1","SLC1A2","124","1833","Forward","11:31474306-31535805 [Sequence]","Forward","sp|P43004|EAA2_HUMAN","5","574","Forward","570 [Sequence]","1077","0.0","99.298 [Alignment]"
"ENSPPYT00000037016.1","SLC1A2","1","1653","Forward","11:31374985-31531151 [Sequence]","Forward","sp|P43004|EAA2_HUMAN","1","551","Forward","551 [Sequence]","1038","0.0","99.637 [Alignment]"
"ENSPPYT00000056419.1","SLC1A2","1","1521","Forward","11:31374985-31531154 [Sequence]","Forward","sp|P43004|EAA2_HUMAN","1","552","Forward","552 [Sequence]","927","0.0","91.486 [Alignment]"
"ENSPPYT00000055645.1","SLC1A2","1","891","Forward","11:31374985-31509705 [Sequence]","Forward","sp|P43004|EAA2_HUMAN","1","295","Forward","297 [Sequence]","506","1.07e-161","96.633 [Alignment]"
"ENSPPYT00000055645.1","SLC1A2","859","1488","Forward","11:31509673-31535805 [Sequence]","Forward","sp|P43004|EAA2_HUMAN","365","574","Forward","210 [Sequence]","454","5.38e-142","99.524 [Alignment]"
"ENSPPYT00000022437.3","SLC1A1","107","1504","Forward","9:36538705-36628589 [Sequence]","Reverse","sp|P43004|EAA2_HUMAN","41","511","Forward","477 [Sequence]","446","3.07e-138","55.556 [Alignment]"
"ENSPPYT00000017907.3","SLC1A3","349","1830","Forward","5:36895507-36974063 [Sequence]","Forward","sp|P43004|EAA2_HUMAN","41","534","Forward","500 [Sequence]","430","6.31e-127","54.400 [Alignment]"
"ENSPPYT00000040490.1","SLC1A6","157","1599","Forward","19:15102411-15125326 [Sequence]","Reverse","sp|P43004|EAA2_HUMAN","41","507","Forward","485 [Sequence]","417","2.38e-126","51.546 [Alignment]"
"ENSPPYT00000053469.1","SLC1A3","196","1476","Forward","5:36958898-36974063 [Sequence]","Forward","sp|P43004|EAA2_HUMAN","109","534","Forward","432 [Sequence]","420","1.24e-123","55.324 [Alignment]"
"ENSPPYT00000057048.1","SLC1A6","355","1407","Forward","19:15102411-15124302 [Sequence]","Reverse","sp|P43004|EAA2_HUMAN","173","507","Forward","353 [Sequence]","364","3.25e-108","53.824 [Alignment]"
"ENSPPYT00000035527.1","SLC1A7","214","1227","Forward","1:174505895-174552518 [Sequence]","Forward","sp|P43004|EAA2_HUMAN","173","501","Forward","341 [Sequence]","335","4.36e-99","52.199 [Alignment]"
"ENSPPYT00000001605.2","SLC1A7","34","1620","Forward","1:174497958-174552518 [Sequence]","Forward","sp|P43004|EAA2_HUMAN","39","501","Forward","534 [Sequence]","339","3.35e-98","44.382 [Alignment]"
"ENSPPYT00000041835.1","SLC1A3","398","1744","Forward","5:36895507-36974063 [Sequence]","Forward","sp|P43004|EAA2_HUMAN","41","534","Forward","500 [Sequence]","337","5.42e-98","48.000 [Alignment]"
"ENSPPYT00000042890.1","SLC1A3","733","1494","Forward","5:36959081-36974063 [Sequence]","Forward","sp|P43004|EAA2_HUMAN","284","534","Forward","254 [Sequence]","306","9.25e-86","61.811 [Alignment]"
"ENSPPYT00000046673.1","SLC1A4","214","1668","Forward","2A:43570559-43601926 [Sequence]","Reverse","sp|P43004|EAA2_HUMAN","75","570","Forward","514 [Sequence]","304","2.81e-85","41.245 [Alignment]"
"ENSPPYT00000011806.3","SLC1A5","1062","2459","Forward","19:45067316-45079361 [Sequence]","Reverse","sp|P43004|EAA2_HUMAN","61","546","Forward","497 [Sequence]","294","1.07e-81","40.845 [Alignment]"
"ENSPPYT00000011252.3","SLC1A6","883","1365","Forward","19:15102411-15114655 [Sequence]","Reverse","sp|P43004|EAA2_HUMAN","347","507","Forward","161 [Sequence]","221","7.41e-59","62.733 [Alignment]"
"ENSPPYT00000045603.1","SLC1A4","88","543","Forward","2A:43570790-43581078 [Sequence]","Reverse","sp|P43004|EAA2_HUMAN","347","498","Forward","152 [Sequence]","177","5.83e-45","51.316 [Alignment]"
"ENSPPYT00000011252.3","SLC1A6","157","969","Forward","19:15106419-15125326 [Sequence]","Reverse","sp|P43004|EAA2_HUMAN","41","295","Forward","275 [Sequence]","127","2.23e-29","39.273 [Alignment]"
"ENSPPYT00000042410.1","SLC1A7","34","435","Forward","1:174497958-174531542 [Sequence]","Forward","sp|P43004|EAA2_HUMAN","39","174","Forward","136 [Sequence]","57.3","2.02e-08","43.382 [Alignment]"
"ENSPPYT00000042890.1","SLC1A3","349","741","Forward","5:36895507-36967440 [Sequence]","Forward","sp|P43004|EAA2_HUMAN","41","173","Forward","133 [Sequence]","52.3","2.80e-06","51.880 [Alignment]"
"ENSPPYT00000045603.1","SLC1A4","1","153","Forward","2A:43573691-43581165 [Sequence]","Reverse","sp|P43004|EAA2_HUMAN","240","290","Forward","51 [Sequence]","46.8","1.15e-04","43.137 [Alignment]"
