"Subject name","Gene hit","Subject start","Subject end","Subject ori","Genomic Location","Orientation","Query name","Query start","Query end","Query ori","Length","Score","E-val","%ID"
"ENSPPYT00000053916.1","SLC1A2","847","1833","Forward","11:31495129-31535805 [Sequence]","Forward","tr|A0A2R8Y4N0|A0A2R8Y4N0_HUMAN","2","330","Forward","329 [Sequence]","674","0.0","99.696 [Alignment]"
"ENSPPYT00000004002.2","SLC1A2","727","1713","Forward","11:31495129-31535805 [Sequence]","Forward","tr|A0A2R8Y4N0|A0A2R8Y4N0_HUMAN","2","330","Forward","329 [Sequence]","674","0.0","99.696 [Alignment]"
"ENSPPYT00000042940.1","SLC1A2","751","1737","Forward","11:31495129-31535805 [Sequence]","Forward","tr|A0A2R8Y4N0|A0A2R8Y4N0_HUMAN","2","330","Forward","329 [Sequence]","674","0.0","99.696 [Alignment]"
"ENSPPYT00000004001.3","SLC1A2","736","1722","Forward","11:31495129-31535805 [Sequence]","Forward","tr|A0A2R8Y4N0|A0A2R8Y4N0_HUMAN","2","330","Forward","329 [Sequence]","674","0.0","99.696 [Alignment]"
"ENSPPYT00000046941.1","SLC1A2","836","1822","Forward","11:31495129-31535805 [Sequence]","Forward","tr|A0A2R8Y4N0|A0A2R8Y4N0_HUMAN","2","330","Forward","329 [Sequence]","674","0.0","99.696 [Alignment]"
"ENSPPYT00000037016.1","SLC1A2","736","1653","Forward","11:31495129-31531151 [Sequence]","Forward","tr|A0A2R8Y4N0|A0A2R8Y4N0_HUMAN","2","307","Forward","306 [Sequence]","622","0.0","99.673 [Alignment]"
"ENSPPYT00000056419.1","SLC1A2","736","1521","Forward","11:31495129-31531154 [Sequence]","Forward","tr|A0A2R8Y4N0|A0A2R8Y4N0_HUMAN","2","308","Forward","307 [Sequence]","512","3.29e-170","85.016 [Alignment]"
"ENSPPYT00000055645.1","SLC1A2","859","1488","Forward","11:31509673-31535805 [Sequence]","Forward","tr|A0A2R8Y4N0|A0A2R8Y4N0_HUMAN","121","330","Forward","210 [Sequence]","456","1.81e-148","99.524 [Alignment]"
"ENSPPYT00000053469.1","SLC1A3","607","1476","Forward","5:36964923-36974063 [Sequence]","Forward","tr|A0A2R8Y4N0|A0A2R8Y4N0_HUMAN","4","290","Forward","290 [Sequence]","346","7.89e-104","60.000 [Alignment]"
"ENSPPYT00000017907.3","SLC1A3","961","1830","Forward","5:36964923-36974063 [Sequence]","Forward","tr|A0A2R8Y4N0|A0A2R8Y4N0_HUMAN","4","290","Forward","290 [Sequence]","345","1.67e-103","60.000 [Alignment]"
"ENSPPYT00000057048.1","SLC1A6","628","1407","Forward","19:15102411-15114718 [Sequence]","Reverse","tr|A0A2R8Y4N0|A0A2R8Y4N0_HUMAN","4","263","Forward","260 [Sequence]","332","6.94e-101","61.538 [Alignment]"
"ENSPPYT00000040490.1","SLC1A6","820","1599","Forward","19:15102411-15114718 [Sequence]","Reverse","tr|A0A2R8Y4N0|A0A2R8Y4N0_HUMAN","4","263","Forward","260 [Sequence]","332","3.25e-100","61.538 [Alignment]"
"ENSPPYT00000022437.3","SLC1A1","710","1504","Forward","9:36538705-36551825 [Sequence]","Reverse","tr|A0A2R8Y4N0|A0A2R8Y4N0_HUMAN","2","267","Forward","266 [Sequence]","327","2.24e-99","61.654 [Alignment]"
"ENSPPYT00000042890.1","SLC1A3","733","1494","Forward","5:36959081-36974063 [Sequence]","Forward","tr|A0A2R8Y4N0|A0A2R8Y4N0_HUMAN","40","290","Forward","254 [Sequence]","307","2.58e-90","61.811 [Alignment]"
"ENSPPYT00000035527.1","SLC1A7","457","1227","Forward","1:174536821-174552518 [Sequence]","Forward","tr|A0A2R8Y4N0|A0A2R8Y4N0_HUMAN","2","257","Forward","257 [Sequence]","297","2.32e-89","58.755 [Alignment]"
"ENSPPYT00000046673.1","SLC1A4","685","1668","Forward","2A:43570559-43581141 [Sequence]","Reverse","tr|A0A2R8Y4N0|A0A2R8Y4N0_HUMAN","4","326","Forward","335 [Sequence]","266","3.91e-76","43.582 [Alignment]"
"ENSPPYT00000041835.1","SLC1A3","1010","1744","Forward","5:36964923-36974063 [Sequence]","Forward","tr|A0A2R8Y4N0|A0A2R8Y4N0_HUMAN","4","290","Forward","290 [Sequence]","253","2.83e-72","48.966 [Alignment]"
"ENSPPYT00000001605.2","SLC1A7","673","1620","Forward","1:174536821-174552518 [Sequence]","Forward","tr|A0A2R8Y4N0|A0A2R8Y4N0_HUMAN","2","257","Forward","316 [Sequence]","249","8.26e-71","47.152 [Alignment]"
"ENSPPYT00000011806.3","SLC1A5","1545","2459","Forward","19:45067316-45074256 [Sequence]","Reverse","tr|A0A2R8Y4N0|A0A2R8Y4N0_HUMAN","4","302","Forward","305 [Sequence]","249","1.68e-70","43.934 [Alignment]"
"ENSPPYT00000011252.3","SLC1A6","883","1365","Forward","19:15102411-15114655 [Sequence]","Reverse","tr|A0A2R8Y4N0|A0A2R8Y4N0_HUMAN","103","263","Forward","161 [Sequence]","220","4.48e-61","62.733 [Alignment]"
"ENSPPYT00000045603.1","SLC1A4","88","543","Forward","2A:43570790-43581078 [Sequence]","Reverse","tr|A0A2R8Y4N0|A0A2R8Y4N0_HUMAN","103","254","Forward","152 [Sequence]","177","1.77e-46","51.316 [Alignment]"
"ENSPPYT00000055645.1","SLC1A2","736","891","Forward","11:31495129-31509705 [Sequence]","Forward","tr|A0A2R8Y4N0|A0A2R8Y4N0_HUMAN","2","51","Forward","52 [Sequence]","88.7","5.11e-18","82.692 [Alignment]"
"ENSPPYT00000011252.3","SLC1A6","820","969","Forward","19:15106419-15114718 [Sequence]","Reverse","tr|A0A2R8Y4N0|A0A2R8Y4N0_HUMAN","4","51","Forward","50 [Sequence]","41.4","0.002","38.000 [Alignment]"
"ENSPPYT00000045603.1","SLC1A4","25","153","Forward","2A:43573691-43581141 [Sequence]","Reverse","tr|A0A2R8Y4N0|A0A2R8Y4N0_HUMAN","4","46","Forward","43 [Sequence]","36.4","0.092","39.535 [Alignment]"
