"Subject name","Gene hit","Subject start","Subject end","Subject ori","Genomic Location","Orientation","Query name","Query start","Query end","Query ori","Length","Score","E-val","%ID"
"ENSPPAT00000037484.1","SLC1A2","1","1227","Forward","11:35133856-35265878 [Sequence]","Reverse","tr|C9J9N5|C9J9N5_HUMAN","1","409","Forward","409 [Sequence]","734","0.0","99.756 [Alignment]"
"ENSPPAT00000037503.1","SLC1A2","7","1227","Forward","11:35133856-35167980 [Sequence]","Reverse","tr|C9J9N5|C9J9N5_HUMAN","3","409","Forward","407 [Sequence]","729","0.0","99.509 [Alignment]"
"ENSPPAT00000037493.1","SLC1A2","7","1227","Forward","11:35133856-35167980 [Sequence]","Reverse","tr|C9J9N5|C9J9N5_HUMAN","3","409","Forward","407 [Sequence]","729","0.0","99.509 [Alignment]"
"ENSPPAT00000037489.1","SLC1A2","110","1324","Forward","11:35133856-35169840 [Sequence]","Reverse","tr|C9J9N5|C9J9N5_HUMAN","5","409","Forward","405 [Sequence]","722","0.0","99.259 [Alignment]"
"ENSPPAT00000037500.1","SLC1A2","1","1200","Forward","11:35133856-35164780 [Sequence]","Reverse","tr|C9J9N5|C9J9N5_HUMAN","10","409","Forward","400 [Sequence]","714","0.0","99.750 [Alignment]"
"ENSPPAT00000037481.1","SLC1A2","1","1119","Forward","11:35133856-35265878 [Sequence]","Reverse","tr|C9J9N5|C9J9N5_HUMAN","1","409","Forward","409 [Sequence]","675","0.0","90.954 [Alignment]"
"ENSPPAT00000037513.1","SLC1A2","1","573","Forward","11:35153012-35164780 [Sequence]","Reverse","tr|C9J9N5|C9J9N5_HUMAN","10","200","Forward","191 [Sequence]","297","2.11e-93","97.906 [Alignment]"
"ENSPPAT00000031149.1","SLC1A1","107","1234","Forward","9:4511597-4597582 [Sequence]","Forward","tr|C9J9N5|C9J9N5_HUMAN","29","409","Forward","381 [Sequence]","309","4.89e-89","52.493 [Alignment]"
"ENSPPAT00000042273.1","SLC1A3","133","1230","Forward","5:78968595-79040495 [Sequence]","Reverse","tr|C9J9N5|C9J9N5_HUMAN","41","409","Forward","372 [Sequence]","287","1.25e-83","53.763 [Alignment]"
"ENSPPAT00000042227.1","SLC1A3","608","1705","Forward","5:78968595-79040495 [Sequence]","Reverse","tr|C9J9N5|C9J9N5_HUMAN","41","409","Forward","372 [Sequence]","287","1.07e-81","53.763 [Alignment]"
"ENSPPAT00000063309.1","SLC1A6","1217","2365","Forward","19:15473957-15492865 [Sequence]","Reverse","tr|C9J9N5|C9J9N5_HUMAN","41","409","Forward","387 [Sequence]","284","9.01e-81","48.320 [Alignment]"
"ENSPPAT00000042277.1","SLC1A3","196","1092","Forward","5:78968595-78978054 [Sequence]","Reverse","tr|C9J9N5|C9J9N5_HUMAN","109","409","Forward","304 [Sequence]","276","7.87e-80","54.934 [Alignment]"
"ENSPPAT00000063342.1","SLC1A6","157","1266","Forward","19:15473957-15492865 [Sequence]","Reverse","tr|C9J9N5|C9J9N5_HUMAN","41","409","Forward","374 [Sequence]","257","2.17e-72","46.791 [Alignment]"
"ENSPPAT00000042271.1","SLC1A3","133","1215","Forward","5:78968595-79040495 [Sequence]","Reverse","tr|C9J9N5|C9J9N5_HUMAN","41","409","Forward","371 [Sequence]","253","2.66e-71","51.213 [Alignment]"
"ENSPPAT00000063329.1","SLC1A6","355","1113","Forward","19:15473957-15491845 [Sequence]","Reverse","tr|C9J9N5|C9J9N5_HUMAN","173","409","Forward","255 [Sequence]","232","5.60e-64","50.196 [Alignment]"
"ENSPPAT00000063338.1","SLC1A6","484","1116","Forward","19:15473957-15482360 [Sequence]","Reverse","tr|C9J9N5|C9J9N5_HUMAN","199","409","Forward","213 [Sequence]","212","1.77e-57","53.521 [Alignment]"
"ENSPPAT00000050232.1","SLC1A7","217","1212","Forward","1:53965770-54015180 [Sequence]","Reverse","tr|C9J9N5|C9J9N5_HUMAN","39","363","Forward","336 [Sequence]","186","2.09e-48","43.452 [Alignment]"
"ENSPPAT00000059498.1","SLC1A4","91","1143","Forward","2A:66178221-66206674 [Sequence]","Forward","tr|C9J9N5|C9J9N5_HUMAN","36","409","Forward","380 [Sequence]","179","2.02e-46","41.316 [Alignment]"
"ENSPPAT00000058365.1","SLC1A5","346","1149","Forward","19:52296798-52307171 [Sequence]","Reverse","tr|C9J9N5|C9J9N5_HUMAN","109","409","Forward","306 [Sequence]","177","1.08e-45","39.216 [Alignment]"
"ENSPPAT00000058367.1","SLC1A5","40","588","Forward","19:52296798-52303650 [Sequence]","Reverse","tr|C9J9N5|C9J9N5_HUMAN","226","409","Forward","184 [Sequence]","174","1.69e-45","48.370 [Alignment]"
"ENSPPAT00000042279.1","SLC1A3","517","894","Forward","5:78968595-78977871 [Sequence]","Reverse","tr|C9J9N5|C9J9N5_HUMAN","284","409","Forward","126 [Sequence]","164","8.88e-42","67.460 [Alignment]"
"ENSPPAT00000063344.1","SLC1A6","157","969","Forward","19:15474059-15492865 [Sequence]","Reverse","tr|C9J9N5|C9J9N5_HUMAN","41","295","Forward","275 [Sequence]","124","6.52e-29","38.545 [Alignment]"
"ENSPPAT00000063344.1","SLC1A6","883","1071","Forward","19:15473957-15482150 [Sequence]","Reverse","tr|C9J9N5|C9J9N5_HUMAN","347","409","Forward","63 [Sequence]","91.2","1.49e-18","63.492 [Alignment]"
"ENSPPAT00000042289.1","SLC1A3","133","657","Forward","5:78968664-79040495 [Sequence]","Reverse","tr|C9J9N5|C9J9N5_HUMAN","41","220","Forward","180 [Sequence]","82.8","4.28e-16","49.444 [Alignment]"
"ENSPPAT00000050232.1","SLC1A7","1363","1527","Forward","1:53963885-53964049 [Sequence]","Reverse","tr|C9J9N5|C9J9N5_HUMAN","355","409","Forward","55 [Sequence]","82.8","8.73e-16","67.273 [Alignment]"
"ENSPPAT00000050238.1","SLC1A7","34","474","Forward","1:53978270-54015180 [Sequence]","Reverse","tr|C9J9N5|C9J9N5_HUMAN","39","187","Forward","149 [Sequence]","79.0","1.05e-15","47.651 [Alignment]"
"ENSPPAT00000059500.1","SLC1A4","88","276","Forward","2A:66199196-66206674 [Sequence]","Forward","tr|C9J9N5|C9J9N5_HUMAN","347","409","Forward","63 [Sequence]","70.7","1.59e-12","46.032 [Alignment]"
"ENSPPAT00000042289.1","SLC1A3","532","726","Forward","5:78968595-78975028 [Sequence]","Reverse","tr|C9J9N5|C9J9N5_HUMAN","347","409","Forward","65 [Sequence]","58.5","1.72e-08","49.231 [Alignment]"
"ENSPPAT00000050240.1","SLC1A7","217","618","Forward","1:53981172-54015180 [Sequence]","Reverse","tr|C9J9N5|C9J9N5_HUMAN","39","174","Forward","136 [Sequence]","56.9","5.85e-08","43.382 [Alignment]"
"ENSPPAT00000042279.1","SLC1A3","133","525","Forward","5:78969498-79040495 [Sequence]","Reverse","tr|C9J9N5|C9J9N5_HUMAN","41","173","Forward","133 [Sequence]","52.3","1.55e-06","51.880 [Alignment]"
"ENSPPAT00000059500.1","SLC1A4","1","153","Forward","2A:66199109-66206551 [Sequence]","Forward","tr|C9J9N5|C9J9N5_HUMAN","240","290","Forward","51 [Sequence]","46.8","5.93e-05","43.137 [Alignment]"
