"Subject name","Gene hit","Subject start","Subject end","Subject ori","Genomic Location","Orientation","Query name","Query start","Query end","Query ori","Length","Score","E-val","%ID"
"ENSMUST00000111213.8","Slc1a2","1436","1660","Forward","2:102607785-102608009 [Sequence]","Forward","tr|H0YEB1|H0YEB1_HUMAN","1","76","Forward","76 [Sequence]","183","2.28e-53","92.105 [Alignment]"
"ENSMUST00000005220.11","Slc1a2","1461","1685","Forward","2:102607785-102608009 [Sequence]","Forward","tr|H0YEB1|H0YEB1_HUMAN","1","76","Forward","76 [Sequence]","183","2.28e-53","92.105 [Alignment]"
"ENSMUST00000111212.8","Slc1a2","1461","1676","Forward","2:102607785-102608000 [Sequence]","Forward","tr|H0YEB1|H0YEB1_HUMAN","1","73","Forward","73 [Sequence]","178","1.26e-51","93.151 [Alignment]"
"ENSMUST00000080210.10","Slc1a2","2058","2273","Forward","2:102607785-102608000 [Sequence]","Forward","tr|H0YEB1|H0YEB1_HUMAN","1","73","Forward","73 [Sequence]","178","1.33e-51","93.151 [Alignment]"
"ENSMUST00000154446.2","Slc1a2","186","401","Forward","2:102607785-102608000 [Sequence]","Forward","tr|H0YEB1|H0YEB1_HUMAN","1","73","Forward","73 [Sequence]","150","7.05e-44","93.151 [Alignment]"
"ENSMUST00000136488.2","Slc1a2","443","583","Forward","2:102607785-102607925 [Sequence]","Forward","tr|H0YEB1|H0YEB1_HUMAN","1","47","Forward","47 [Sequence]","99","8.54e-25","95.745 [Alignment]"
"ENSMUST00000005493.14","Slc1a3","1961","2086","Forward","15:8665685-8665810 [Sequence]","Reverse","tr|H0YEB1|H0YEB1_HUMAN","1","40","Forward","42 [Sequence]","46.4","9.83e-06","52.381 [Alignment]"
"ENSMUST00000125997.2","Slc1a3","2835","2960","Forward","15:8665685-8665810 [Sequence]","Reverse","tr|H0YEB1|H0YEB1_HUMAN","1","40","Forward","42 [Sequence]","46.4","9.85e-06","52.381 [Alignment]"
"ENSMUST00000162189.2","Slc1a1","1190","1270","Forward","19:28889067-28889147 [Sequence]","Forward","tr|H0YEB1|H0YEB1_HUMAN","1","27","Forward","27 [Sequence]","43.1","1.13e-04","62.963 [Alignment]"
"ENSMUST00000025875.5","Slc1a1","1507","1587","Forward","19:28889067-28889147 [Sequence]","Forward","tr|H0YEB1|H0YEB1_HUMAN","1","27","Forward","27 [Sequence]","43.1","1.17e-04","62.963 [Alignment]"
"ENSMUST00000160702.8","Slc1a1","2455","2553","Forward","19:28889067-28889165 [Sequence]","Forward","tr|H0YEB1|H0YEB1_HUMAN","1","33","Forward","33 [Sequence]","39.3","0.002","54.545 [Alignment]"
"ENSMUST00000005490.10","Slc1a6","1697","1768","Forward","10:78650267-78650338 [Sequence]","Forward","tr|H0YEB1|H0YEB1_HUMAN","1","24","Forward","24 [Sequence]","36.0","0.034","54.167 [Alignment]"
