"Subject name","Gene hit","Subject start","Subject end","Subject ori","Genomic Location","Orientation","Query name","Query start","Query end","Query ori","Length","Score","E-val","%ID"
"ENST00000643305.1","SLC1A2","588","1814","Forward","11:35286816-35418966 [Sequence]","Reverse","tr|C9J9N5|C9J9N5_HUMAN","1","409","Forward","409 [Sequence]","735","0.0","100.000 [Alignment]"
"ENST00000644459.1","SLC1A2","593","1819","Forward","11:35286816-35418966 [Sequence]","Reverse","tr|C9J9N5|C9J9N5_HUMAN","1","409","Forward","409 [Sequence]","735","0.0","100.000 [Alignment]"
"ENST00000644351.1","SLC1A2","589","1815","Forward","11:35286816-35418966 [Sequence]","Reverse","tr|C9J9N5|C9J9N5_HUMAN","1","409","Forward","409 [Sequence]","735","0.0","100.000 [Alignment]"
"ENST00000278379.9","SLC1A2","593","1819","Forward","11:35286816-35418966 [Sequence]","Reverse","tr|C9J9N5|C9J9N5_HUMAN","1","409","Forward","409 [Sequence]","735","0.0","100.000 [Alignment]"
"ENST00000643134.1","SLC1A2","390","1616","Forward","11:35286816-35418966 [Sequence]","Reverse","tr|C9J9N5|C9J9N5_HUMAN","1","409","Forward","409 [Sequence]","734","0.0","100.000 [Alignment]"
"ENST00000642171.1","SLC1A2","248","1474","Forward","11:35286816-35418966 [Sequence]","Reverse","tr|C9J9N5|C9J9N5_HUMAN","1","409","Forward","409 [Sequence]","734","0.0","100.000 [Alignment]"
"ENST00000531628.2","SLC1A2","1","1227","Forward","11:35286816-35418966 [Sequence]","Reverse","tr|C9J9N5|C9J9N5_HUMAN","1","409","Forward","409 [Sequence]","734","0.0","100.000 [Alignment]"
"ENST00000606205.6","SLC1A2","133","1359","Forward","11:35286816-35418966 [Sequence]","Reverse","tr|C9J9N5|C9J9N5_HUMAN","1","409","Forward","409 [Sequence]","733","0.0","100.000 [Alignment]"
"ENST00000449068.2","SLC1A2","87","1313","Forward","11:35286816-35418966 [Sequence]","Reverse","tr|C9J9N5|C9J9N5_HUMAN","1","409","Forward","409 [Sequence]","732","0.0","100.000 [Alignment]"
"ENST00000395753.6","SLC1A2","149","1360","Forward","11:35286816-35419909 [Sequence]","Reverse","tr|C9J9N5|C9J9N5_HUMAN","6","409","Forward","404 [Sequence]","725","0.0","100.000 [Alignment]"
"ENST00000642578.1","SLC1A2","116","1327","Forward","11:35286816-35419909 [Sequence]","Reverse","tr|C9J9N5|C9J9N5_HUMAN","6","409","Forward","404 [Sequence]","724","0.0","100.000 [Alignment]"
"ENST00000395750.6","SLC1A2","122","1333","Forward","11:35286816-35419937 [Sequence]","Reverse","tr|C9J9N5|C9J9N5_HUMAN","6","409","Forward","404 [Sequence]","724","0.0","100.000 [Alignment]"
"ENST00000646099.1","SLC1A2","88","1299","Forward","11:35286816-35419937 [Sequence]","Reverse","tr|C9J9N5|C9J9N5_HUMAN","6","409","Forward","404 [Sequence]","723","0.0","100.000 [Alignment]"
"ENST00000643454.1","SLC1A2","48","1256","Forward","11:35286816-35317515 [Sequence]","Reverse","tr|C9J9N5|C9J9N5_HUMAN","7","409","Forward","403 [Sequence]","722","0.0","100.000 [Alignment]"
"ENST00000644868.1","SLC1A2","10","1218","Forward","11:35286816-35317515 [Sequence]","Reverse","tr|C9J9N5|C9J9N5_HUMAN","7","409","Forward","403 [Sequence]","722","0.0","100.000 [Alignment]"
"ENST00000646080.1","SLC1A2","88","1296","Forward","11:35286816-35317515 [Sequence]","Reverse","tr|C9J9N5|C9J9N5_HUMAN","7","409","Forward","403 [Sequence]","722","0.0","100.000 [Alignment]"
"ENST00000642448.1","SLC1A2","111","1319","Forward","11:35286816-35317515 [Sequence]","Reverse","tr|C9J9N5|C9J9N5_HUMAN","7","409","Forward","403 [Sequence]","722","0.0","100.000 [Alignment]"
"ENST00000645194.1","SLC1A2","63","1271","Forward","11:35286816-35317515 [Sequence]","Reverse","tr|C9J9N5|C9J9N5_HUMAN","7","409","Forward","403 [Sequence]","722","0.0","100.000 [Alignment]"
"ENST00000645634.1","SLC1A2","314","1522","Forward","11:35286816-35317515 [Sequence]","Reverse","tr|C9J9N5|C9J9N5_HUMAN","7","409","Forward","403 [Sequence]","722","0.0","100.000 [Alignment]"
"ENST00000644779.1","SLC1A2","951","2165","Forward","11:35286816-35322565 [Sequence]","Reverse","tr|C9J9N5|C9J9N5_HUMAN","5","409","Forward","405 [Sequence]","722","0.0","99.506 [Alignment]"
"ENST00000644050.1","SLC1A2","452","1666","Forward","11:35286816-35322565 [Sequence]","Reverse","tr|C9J9N5|C9J9N5_HUMAN","5","409","Forward","405 [Sequence]","722","0.0","99.506 [Alignment]"
"ENST00000645303.1","SLC1A2","323","1531","Forward","11:35286816-35317515 [Sequence]","Reverse","tr|C9J9N5|C9J9N5_HUMAN","7","409","Forward","403 [Sequence]","722","0.0","100.000 [Alignment]"
"ENST00000647104.1","SLC1A2","165","1379","Forward","11:35286816-35322565 [Sequence]","Reverse","tr|C9J9N5|C9J9N5_HUMAN","5","409","Forward","405 [Sequence]","722","0.0","99.506 [Alignment]"
"ENST00000644299.1","SLC1A2","149","1372","Forward","11:35286816-35418493 [Sequence]","Reverse","tr|C9J9N5|C9J9N5_HUMAN","2","409","Forward","408 [Sequence]","722","0.0","99.020 [Alignment]"
"ENST00000643000.1","SLC1A2","107","1315","Forward","11:35286816-35317515 [Sequence]","Reverse","tr|C9J9N5|C9J9N5_HUMAN","7","409","Forward","403 [Sequence]","721","0.0","100.000 [Alignment]"
"ENST00000647372.1","SLC1A2","107","1315","Forward","11:35286816-35317515 [Sequence]","Reverse","tr|C9J9N5|C9J9N5_HUMAN","7","409","Forward","403 [Sequence]","720","0.0","100.000 [Alignment]"
"ENST00000645892.1","SLC1A2","124","1332","Forward","11:35286816-35317515 [Sequence]","Reverse","tr|C9J9N5|C9J9N5_HUMAN","7","409","Forward","403 [Sequence]","720","0.0","100.000 [Alignment]"
"ENST00000646585.1","SLC1A2","171","1379","Forward","11:35286819-35404320 [Sequence]","Reverse","tr|C9J9N5|C9J9N5_HUMAN","6","408","Forward","403 [Sequence]","720","0.0","100.000 [Alignment]"
"ENST00000646847.1","SLC1A2","160","1350","Forward","11:35286852-35418966 [Sequence]","Reverse","tr|C9J9N5|C9J9N5_HUMAN","1","397","Forward","397 [Sequence]","709","0.0","100.000 [Alignment]"
"ENST00000643154.1","SLC1A2","581","1696","Forward","11:35292262-35418966 [Sequence]","Reverse","tr|C9J9N5|C9J9N5_HUMAN","1","372","Forward","372 [Sequence]","639","0.0","98.387 [Alignment]"
"ENST00000646112.1","SLC1A2","95","1198","Forward","11:35292262-35360052 [Sequence]","Reverse","tr|C9J9N5|C9J9N5_HUMAN","5","372","Forward","368 [Sequence]","626","0.0","98.098 [Alignment]"
"ENST00000642183.1","SLC1A2","281","1153","Forward","11:35286918-35317515 [Sequence]","Reverse","tr|C9J9N5|C9J9N5_HUMAN","7","295","Forward","291 [Sequence]","491","8.97e-162","96.907 [Alignment]"
"ENST00000643522.1","SLC1A2","497","1387","Forward","11:35286918-35418966 [Sequence]","Reverse","tr|C9J9N5|C9J9N5_HUMAN","1","295","Forward","297 [Sequence]","504","9.78e-156","96.970 [Alignment]"
"ENST00000642216.1","SLC1A2","107","775","Forward","11:35286816-35307165 [Sequence]","Reverse","tr|C9J9N5|C9J9N5_HUMAN","187","409","Forward","223 [Sequence]","437","6.10e-139","100.000 [Alignment]"
"ENST00000479543.2","SLC1A2","111","779","Forward","11:35286816-35307165 [Sequence]","Reverse","tr|C9J9N5|C9J9N5_HUMAN","187","409","Forward","223 [Sequence]","440","1.61e-133","100.000 [Alignment]"
"ENST00000642224.1","SLC1A2","308","1021","Forward","11:35292519-35317515 [Sequence]","Reverse","tr|C9J9N5|C9J9N5_HUMAN","7","244","Forward","238 [Sequence]","406","6.99e-128","100.000 [Alignment]"
"ENST00000646167.1","SLC1A2","1","741","Forward","11:35286918-35317383 [Sequence]","Reverse","tr|C9J9N5|C9J9N5_HUMAN","51","295","Forward","247 [Sequence]","392","5.00e-123","96.356 [Alignment]"
"ENST00000642769.1","SLC1A2","2","493","Forward","11:35286816-35301640 [Sequence]","Reverse","tr|C9J9N5|C9J9N5_HUMAN","246","409","Forward","164 [Sequence]","317","2.03e-91","100.000 [Alignment]"
"ENST00000262352.8","SLC1A1","255","1346","Forward","9:4490722-4576704 [Sequence]","Forward","tr|C9J9N5|C9J9N5_HUMAN","41","409","Forward","375 [Sequence]","312","1.15e-89","54.133 [Alignment]"
"ENST00000681814.1","SLC1A3","248","1345","Forward","5:36608556-36680530 [Sequence]","Forward","tr|C9J9N5|C9J9N5_HUMAN","41","409","Forward","372 [Sequence]","286","2.99e-82","53.763 [Alignment]"
"ENST00000221742.7","SLC1A6","165","1313","Forward","19:14954194-14972754 [Sequence]","Reverse","tr|C9J9N5|C9J9N5_HUMAN","41","409","Forward","387 [Sequence]","284","3.76e-81","48.320 [Alignment]"
"ENST00000681926.1","SLC1A3","446","1543","Forward","5:36608556-36680530 [Sequence]","Forward","tr|C9J9N5|C9J9N5_HUMAN","41","409","Forward","372 [Sequence]","286","6.69e-81","53.763 [Alignment]"
"ENST00000680125.1","SLC1A3","499","1596","Forward","5:36608556-36680530 [Sequence]","Forward","tr|C9J9N5|C9J9N5_HUMAN","41","409","Forward","372 [Sequence]","286","6.73e-81","53.763 [Alignment]"
"ENST00000381918.4","SLC1A3","276","1373","Forward","5:36608556-36680530 [Sequence]","Forward","tr|C9J9N5|C9J9N5_HUMAN","41","409","Forward","372 [Sequence]","286","8.26e-81","53.763 [Alignment]"
"ENST00000680318.1","SLC1A3","319","1416","Forward","5:36608556-36680530 [Sequence]","Forward","tr|C9J9N5|C9J9N5_HUMAN","41","409","Forward","372 [Sequence]","286","8.30e-81","53.763 [Alignment]"
"ENST00000679992.1","SLC1A3","350","1447","Forward","5:36608556-36680530 [Sequence]","Forward","tr|C9J9N5|C9J9N5_HUMAN","41","409","Forward","372 [Sequence]","286","8.32e-81","53.763 [Alignment]"
"ENST00000265113.9","SLC1A3","358","1455","Forward","5:36608556-36680530 [Sequence]","Forward","tr|C9J9N5|C9J9N5_HUMAN","41","409","Forward","372 [Sequence]","286","8.33e-81","53.763 [Alignment]"
"ENST00000679983.1","SLC1A3","908","2005","Forward","5:36608556-36680530 [Sequence]","Forward","tr|C9J9N5|C9J9N5_HUMAN","41","409","Forward","372 [Sequence]","286","8.69e-81","53.763 [Alignment]"
"ENST00000594383.2","SLC1A6","720","1868","Forward","19:14954194-14972754 [Sequence]","Reverse","tr|C9J9N5|C9J9N5_HUMAN","41","409","Forward","387 [Sequence]","284","3.02e-80","48.320 [Alignment]"
"ENST00000681909.1","SLC1A3","672","1568","Forward","5:36671043-36680530 [Sequence]","Forward","tr|C9J9N5|C9J9N5_HUMAN","109","409","Forward","304 [Sequence]","276","1.74e-77","54.934 [Alignment]"
"ENST00000613445.5","SLC1A3","485","1381","Forward","5:36671043-36680530 [Sequence]","Forward","tr|C9J9N5|C9J9N5_HUMAN","109","409","Forward","304 [Sequence]","276","2.56e-77","54.934 [Alignment]"
"ENST00000679784.1","SLC1A3","871","1767","Forward","5:36671043-36680530 [Sequence]","Forward","tr|C9J9N5|C9J9N5_HUMAN","109","409","Forward","304 [Sequence]","276","2.81e-77","54.934 [Alignment]"
"ENST00000680048.1","SLC1A3","1464","2360","Forward","5:36671043-36680530 [Sequence]","Forward","tr|C9J9N5|C9J9N5_HUMAN","109","409","Forward","304 [Sequence]","275","3.62e-77","54.934 [Alignment]"
"ENST00000680655.1","SLC1A3","671","1567","Forward","5:36671043-36680530 [Sequence]","Forward","tr|C9J9N5|C9J9N5_HUMAN","109","409","Forward","304 [Sequence]","275","3.75e-77","54.934 [Alignment]"
"ENST00000624112.2","SLC1A3","3327","4223","Forward","5:36671043-36680530 [Sequence]","Forward","tr|C9J9N5|C9J9N5_HUMAN","109","409","Forward","304 [Sequence]","275","6.39e-77","54.934 [Alignment]"
"ENST00000371494.9","SLC1A7","223","1356","Forward","1:53090671-53142416 [Sequence]","Reverse","tr|C9J9N5|C9J9N5_HUMAN","39","409","Forward","382 [Sequence]","264","1.39e-73","47.644 [Alignment]"
"ENST00000680232.1","SLC1A3","499","1737","Forward","5:36608556-36680530 [Sequence]","Forward","tr|C9J9N5|C9J9N5_HUMAN","41","409","Forward","419 [Sequence]","262","9.94e-73","47.733 [Alignment]"
"ENST00000680876.1","SLC1A3","3698","4411","Forward","5:36674041-36680530 [Sequence]","Forward","tr|C9J9N5|C9J9N5_HUMAN","171","409","Forward","242 [Sequence]","240","2.48e-65","54.959 [Alignment]"
"ENST00000680878.1","SLC1A3","3698","4411","Forward","5:36674041-36680530 [Sequence]","Forward","tr|C9J9N5|C9J9N5_HUMAN","171","409","Forward","242 [Sequence]","240","3.27e-65","54.959 [Alignment]"
"ENST00000430939.6","SLC1A6","485","1243","Forward","19:14954194-14971738 [Sequence]","Reverse","tr|C9J9N5|C9J9N5_HUMAN","173","409","Forward","255 [Sequence]","232","6.46e-63","50.196 [Alignment]"
"ENST00000642224.1","SLC1A2","1021","1389","Forward","11:35286816-35292519 [Sequence]","Reverse","tr|C9J9N5|C9J9N5_HUMAN","287","409","Forward","123 [Sequence]","226","1.20e-61","100.000 [Alignment]"
"ENST00000646833.1","SLC1A2","112","408","Forward","11:35301521-35307165 [Sequence]","Reverse","tr|C9J9N5|C9J9N5_HUMAN","187","285","Forward","99 [Sequence]","207","9.45e-58","100.000 [Alignment]"
"ENST00000611397.5","SLC1A7","369","1106","Forward","1:53090671-53134351 [Sequence]","Reverse","tr|C9J9N5|C9J9N5_HUMAN","173","409","Forward","248 [Sequence]","212","2.54e-56","48.790 [Alignment]"
"ENST00000642196.1","SLC1A2","260","556","Forward","11:35301521-35307012 [Sequence]","Reverse","tr|C9J9N5|C9J9N5_HUMAN","187","285","Forward","99 [Sequence]","207","2.14e-54","100.000 [Alignment]"
"ENST00000542575.6","SLC1A5","987","1823","Forward","19:46777270-46787608 [Sequence]","Reverse","tr|C9J9N5|C9J9N5_HUMAN","109","409","Forward","306 [Sequence]","205","4.61e-54","41.830 [Alignment]"
"ENST00000645659.1","SLC1A2","2","442","Forward","11:35312165-35317380 [Sequence]","Reverse","tr|C9J9N5|C9J9N5_HUMAN","52","199","Forward","148 [Sequence]","189","1.21e-53","94.595 [Alignment]"
"ENST00000234256.4","SLC1A4","345","1415","Forward","2:64989743-65018206 [Sequence]","Forward","tr|C9J9N5|C9J9N5_HUMAN","36","409","Forward","380 [Sequence]","199","4.92e-52","43.421 [Alignment]"
"ENST00000593713.1","SLC1A5","83","715","Forward","19:46777270-46784704 [Sequence]","Reverse","tr|C9J9N5|C9J9N5_HUMAN","172","409","Forward","238 [Sequence]","185","8.67e-50","43.277 [Alignment]"
"ENST00000649098.1","SLC1A7","217","1218","Forward","1:53090775-53142416 [Sequence]","Reverse","tr|C9J9N5|C9J9N5_HUMAN","39","365","Forward","338 [Sequence]","189","6.93e-49","43.787 [Alignment]"
"ENST00000594991.5","SLC1A5","339","974","Forward","19:46777270-46784567 [Sequence]","Reverse","tr|C9J9N5|C9J9N5_HUMAN","171","409","Forward","239 [Sequence]","186","6.67e-48","43.515 [Alignment]"
"ENST00000620347.5","SLC1A7","162","1157","Forward","1:53092556-53142416 [Sequence]","Reverse","tr|C9J9N5|C9J9N5_HUMAN","39","363","Forward","336 [Sequence]","186","7.28e-48","43.452 [Alignment]"
"ENST00000480594.1","SLC1A4","1999","2643","Forward","2:65001446-65018206 [Sequence]","Forward","tr|C9J9N5|C9J9N5_HUMAN","173","409","Forward","237 [Sequence]","183","9.19e-47","45.570 [Alignment]"
"ENST00000412532.6","SLC1A5","106","732","Forward","19:46777270-46784558 [Sequence]","Reverse","tr|C9J9N5|C9J9N5_HUMAN","174","409","Forward","236 [Sequence]","182","1.13e-46","43.220 [Alignment]"
"ENST00000422398.1","SLC1A1","2","421","Forward","9:4572336-4576704 [Sequence]","Forward","tr|C9J9N5|C9J9N5_HUMAN","269","409","Forward","141 [Sequence]","170","8.61e-45","65.248 [Alignment]"
"ENST00000434726.6","SLC1A5","267","815","Forward","19:46777270-46784108 [Sequence]","Reverse","tr|C9J9N5|C9J9N5_HUMAN","226","409","Forward","184 [Sequence]","175","3.00e-44","48.370 [Alignment]"
"ENST00000680835.1","SLC1A3","45","413","Forward","5:36679628-36680530 [Sequence]","Forward","tr|C9J9N5|C9J9N5_HUMAN","287","409","Forward","123 [Sequence]","163","2.22e-43","69.106 [Alignment]"
"ENST00000681633.1","SLC1A3","3631","4038","Forward","5:36679589-36680530 [Sequence]","Forward","tr|C9J9N5|C9J9N5_HUMAN","274","409","Forward","136 [Sequence]","167","1.50e-41","64.706 [Alignment]"
"ENST00000680064.1","SLC1A3","3631","4038","Forward","5:36679589-36680530 [Sequence]","Forward","tr|C9J9N5|C9J9N5_HUMAN","274","409","Forward","136 [Sequence]","166","2.22e-41","64.706 [Alignment]"
"ENST00000612708.5","SLC1A3","883","1260","Forward","5:36671226-36680530 [Sequence]","Forward","tr|C9J9N5|C9J9N5_HUMAN","284","409","Forward","126 [Sequence]","164","1.10e-40","67.460 [Alignment]"
"ENST00000647193.1","SLC1A2","3","251","Forward","11:35286918-35306161 [Sequence]","Reverse","tr|C9J9N5|C9J9N5_HUMAN","215","295","Forward","83 [Sequence]","149","3.75e-37","89.157 [Alignment]"
"ENST00000681701.1","SLC1A3","203","730","Forward","5:36671231-36679858 [Sequence]","Forward","tr|C9J9N5|C9J9N5_HUMAN","187","363","Forward","180 [Sequence]","127","6.05e-34","45.556 [Alignment]"
"ENST00000681701.1","SLC1A3","15","203","Forward","5:36671043-36671231 [Sequence]","Forward","tr|C9J9N5|C9J9N5_HUMAN","109","172","Forward","64 [Sequence]","39.3","6.05e-34","54.688 [Alignment]"
"ENST00000679487.1","SLC1A3","64","285","Forward","5:36679775-36680530 [Sequence]","Forward","tr|C9J9N5|C9J9N5_HUMAN","336","409","Forward","74 [Sequence]","130","1.40e-33","78.378 [Alignment]"
"ENST00000681480.1","SLC1A3","314","535","Forward","5:36679775-36680530 [Sequence]","Forward","tr|C9J9N5|C9J9N5_HUMAN","336","409","Forward","74 [Sequence]","131","1.53e-31","78.378 [Alignment]"
"ENST00000680064.1","SLC1A3","499","1302","Forward","5:36608556-36677260 [Sequence]","Forward","tr|C9J9N5|C9J9N5_HUMAN","41","311","Forward","275 [Sequence]","130","6.41e-30","44.727 [Alignment]"
"ENST00000681633.1","SLC1A3","499","1302","Forward","5:36608556-36677260 [Sequence]","Forward","tr|C9J9N5|C9J9N5_HUMAN","41","311","Forward","275 [Sequence]","130","6.88e-30","44.727 [Alignment]"
"ENST00000598504.5","SLC1A6","1517","2296","Forward","19:14962001-14972754 [Sequence]","Reverse","tr|C9J9N5|C9J9N5_HUMAN","41","286","Forward","266 [Sequence]","127","4.18e-29","40.226 [Alignment]"
"ENST00000544886.6","SLC1A6","950","1729","Forward","19:14962001-14972754 [Sequence]","Reverse","tr|C9J9N5|C9J9N5_HUMAN","41","286","Forward","268 [Sequence]","127","6.40e-29","39.925 [Alignment]"
"ENST00000600144.5","SLC1A6","431","1243","Forward","19:14954296-14972754 [Sequence]","Reverse","tr|C9J9N5|C9J9N5_HUMAN","41","295","Forward","275 [Sequence]","124","3.62e-28","38.545 [Alignment]"
"ENST00000642392.1","SLC1A2","88","240","Forward","11:35317366-35419937 [Sequence]","Reverse","tr|C9J9N5|C9J9N5_HUMAN","6","56","Forward","51 [Sequence]","110","7.88e-24","96.078 [Alignment]"
"ENST00000646167.1","SLC1A2","709","843","Forward","11:35286816-35286950 [Sequence]","Reverse","tr|C9J9N5|C9J9N5_HUMAN","365","409","Forward","45 [Sequence]","99","1.18e-20","100.000 [Alignment]"
"ENST00000647193.1","SLC1A2","219","353","Forward","11:35286816-35286950 [Sequence]","Reverse","tr|C9J9N5|C9J9N5_HUMAN","365","409","Forward","45 [Sequence]","99.1","1.27e-20","100.000 [Alignment]"
"ENST00000642183.1","SLC1A2","1121","1255","Forward","11:35286816-35286950 [Sequence]","Reverse","tr|C9J9N5|C9J9N5_HUMAN","365","409","Forward","45 [Sequence]","99.5","1.53e-20","100.000 [Alignment]"
"ENST00000643522.1","SLC1A2","1355","1489","Forward","11:35286816-35286950 [Sequence]","Reverse","tr|C9J9N5|C9J9N5_HUMAN","365","409","Forward","45 [Sequence]","99.5","2.68e-20","100.000 [Alignment]"
"ENST00000620288.4","SLC1A7","2000","2332","Forward","1:53092556-53102264 [Sequence]","Reverse","tr|C9J9N5|C9J9N5_HUMAN","253","363","Forward","111 [Sequence]","95.4","4.99e-19","49.550 [Alignment]"
"ENST00000680890.1","SLC1A3","241","429","Forward","5:36677132-36680530 [Sequence]","Forward","tr|C9J9N5|C9J9N5_HUMAN","347","409","Forward","63 [Sequence]","90.3","7.31e-19","65.079 [Alignment]"
"ENST00000506178.1","SLC1A3","38","184","Forward","5:36680384-36680530 [Sequence]","Forward","tr|C9J9N5|C9J9N5_HUMAN","361","409","Forward","49 [Sequence]","90.8","1.17e-18","81.633 [Alignment]"
"ENST00000505376.1","SLC1A3","98","559","Forward","5:36671043-36677119 [Sequence]","Forward","tr|C9J9N5|C9J9N5_HUMAN","109","264","Forward","159 [Sequence]","90.3","1.51e-18","44.654 [Alignment]"
"ENST00000600144.5","SLC1A6","1157","1345","Forward","19:14954194-14962054 [Sequence]","Reverse","tr|C9J9N5|C9J9N5_HUMAN","347","409","Forward","63 [Sequence]","91.2","6.56e-18","63.492 [Alignment]"
"ENST00000679384.1","SLC1A3","2","235","Forward","5:36679628-36680101 [Sequence]","Forward","tr|C9J9N5|C9J9N5_HUMAN","287","364","Forward","78 [Sequence]","79.5","2.13e-16","60.256 [Alignment]"
