"Subject name","Gene hit","Subject start","Subject end","Subject ori","Genomic Location","Orientation","Query name","Query start","Query end","Query ori","Length","Score","E-val","%ID"
"ENSGGOT00000056432.1","SLC1A2","1","1227","Forward","11:35428907-35559400 [Sequence]","Reverse","tr|C9J9N5|C9J9N5_HUMAN","1","409","Forward","409 [Sequence]","735","0.0","100.000 [Alignment]"
"ENSGGOT00000063591.1","SLC1A2","4","1236","Forward","11:35428907-35463980 [Sequence]","Reverse","tr|C9J9N5|C9J9N5_HUMAN","2","409","Forward","411 [Sequence]","725","0.0","99.027 [Alignment]"
"ENSGGOT00000067669.1","SLC1A2","4","1236","Forward","11:35428907-35463980 [Sequence]","Reverse","tr|C9J9N5|C9J9N5_HUMAN","2","409","Forward","411 [Sequence]","725","0.0","99.027 [Alignment]"
"ENSGGOT00000054270.1","SLC1A2","109","1323","Forward","11:35428907-35464407 [Sequence]","Reverse","tr|C9J9N5|C9J9N5_HUMAN","5","409","Forward","405 [Sequence]","722","0.0","99.506 [Alignment]"
"ENSGGOT00000048601.1","SLC1A2","1","1200","Forward","11:35428907-35459346 [Sequence]","Reverse","tr|C9J9N5|C9J9N5_HUMAN","10","409","Forward","400 [Sequence]","716","0.0","100.000 [Alignment]"
"ENSGGOT00000000265.3","SLC1A1","462","1553","Forward","9:45416542-45515181 [Sequence]","Reverse","tr|C9J9N5|C9J9N5_HUMAN","41","409","Forward","375 [Sequence]","312","2.65e-90","54.133 [Alignment]"
"ENSGGOT00000047992.1","SLC1A3","133","1230","Forward","17:58653524-58725661 [Sequence]","Reverse","tr|C9J9N5|C9J9N5_HUMAN","41","409","Forward","374 [Sequence]","286","1.83e-83","53.743 [Alignment]"
"ENSGGOT00000013495.3","SLC1A6","157","1305","Forward","19:14738985-14757630 [Sequence]","Reverse","tr|C9J9N5|C9J9N5_HUMAN","41","409","Forward","387 [Sequence]","286","1.16e-82","48.579 [Alignment]"
"ENSGGOT00000004685.3","SLC1A3","609","1706","Forward","17:58653524-58725661 [Sequence]","Reverse","tr|C9J9N5|C9J9N5_HUMAN","41","409","Forward","374 [Sequence]","286","1.51e-81","53.743 [Alignment]"
"ENSGGOT00000049873.1","SLC1A3","196","1092","Forward","17:58653524-58663161 [Sequence]","Reverse","tr|C9J9N5|C9J9N5_HUMAN","109","409","Forward","306 [Sequence]","276","9.68e-80","54.902 [Alignment]"
"ENSGGOT00000058186.1","SLC1A1","43","1122","Forward","9:45416542-45515181 [Sequence]","Reverse","tr|C9J9N5|C9J9N5_HUMAN","41","409","Forward","369 [Sequence]","276","1.44e-79","50.949 [Alignment]"
"ENSGGOT00000005676.3","SLC1A7","25","1167","Forward","1:53692408-53749139 [Sequence]","Reverse","tr|C9J9N5|C9J9N5_HUMAN","36","409","Forward","385 [Sequence]","264","3.50e-75","47.532 [Alignment]"
"ENSGGOT00000026438.2","SLC1A7","217","1350","Forward","1:53692408-53749130 [Sequence]","Reverse","tr|C9J9N5|C9J9N5_HUMAN","39","409","Forward","382 [Sequence]","264","3.39e-74","47.644 [Alignment]"
"ENSGGOT00000052635.1","SLC1A3","133","1215","Forward","17:58653524-58725661 [Sequence]","Reverse","tr|C9J9N5|C9J9N5_HUMAN","41","409","Forward","374 [Sequence]","255","9.51e-72","51.337 [Alignment]"
"ENSGGOT00000029492.2","SLC1A6","355","1113","Forward","19:14738985-14756616 [Sequence]","Reverse","tr|C9J9N5|C9J9N5_HUMAN","173","409","Forward","255 [Sequence]","233","7.32e-65","50.588 [Alignment]"
"ENSGGOT00000048985.1","SLC1A7","397","1134","Forward","1:53692408-53740962 [Sequence]","Reverse","tr|C9J9N5|C9J9N5_HUMAN","173","409","Forward","248 [Sequence]","212","6.41e-57","48.790 [Alignment]"
"ENSGGOT00000008831.3","SLC1A5","1005","1841","Forward","19:46024780-46035149 [Sequence]","Reverse","tr|C9J9N5|C9J9N5_HUMAN","109","409","Forward","306 [Sequence]","205","1.25e-54","41.830 [Alignment]"
"ENSGGOT00000011255.3","SLC1A4","462","1532","Forward","2A:41867312-41895737 [Sequence]","Reverse","tr|C9J9N5|C9J9N5_HUMAN","36","409","Forward","380 [Sequence]","200","9.46e-53","43.421 [Alignment]"
"ENSGGOT00000067699.1","SLC1A7","34","1029","Forward","1:53694294-53749130 [Sequence]","Reverse","tr|C9J9N5|C9J9N5_HUMAN","39","363","Forward","336 [Sequence]","186","1.23e-48","43.452 [Alignment]"
"ENSGGOT00000060461.1","SLC1A5","358","1161","Forward","19:46024780-46035149 [Sequence]","Reverse","tr|C9J9N5|C9J9N5_HUMAN","109","409","Forward","306 [Sequence]","178","5.94e-46","39.216 [Alignment]"
"ENSGGOT00000064242.1","SLC1A5","40","588","Forward","19:46024780-46031634 [Sequence]","Reverse","tr|C9J9N5|C9J9N5_HUMAN","226","409","Forward","184 [Sequence]","174","1.06e-45","48.370 [Alignment]"
"ENSGGOT00000066942.1","SLC1A4","607","1122","Forward","2A:41867312-41874903 [Sequence]","Reverse","tr|C9J9N5|C9J9N5_HUMAN","238","409","Forward","172 [Sequence]","171","1.02e-43","51.744 [Alignment]"
"ENSGGOT00000045834.1","SLC1A3","517","894","Forward","17:58653524-58662978 [Sequence]","Reverse","tr|C9J9N5|C9J9N5_HUMAN","284","409","Forward","126 [Sequence]","164","8.99e-42","67.460 [Alignment]"
"ENSGGOT00000057293.1","SLC1A6","157","978","Forward","19:14739078-14757630 [Sequence]","Reverse","tr|C9J9N5|C9J9N5_HUMAN","41","298","Forward","280 [Sequence]","126","1.15e-29","39.286 [Alignment]"
"ENSGGOT00000057293.1","SLC1A6","883","1071","Forward","19:14738985-14746940 [Sequence]","Reverse","tr|C9J9N5|C9J9N5_HUMAN","347","409","Forward","63 [Sequence]","91.6","1.18e-18","63.492 [Alignment]"
"ENSGGOT00000057874.1","SLC1A3","133","657","Forward","17:58653593-58725661 [Sequence]","Reverse","tr|C9J9N5|C9J9N5_HUMAN","41","220","Forward","180 [Sequence]","84.9","1.30e-16","49.444 [Alignment]"
"ENSGGOT00000067699.1","SLC1A7","1180","1344","Forward","1:53692408-53692572 [Sequence]","Reverse","tr|C9J9N5|C9J9N5_HUMAN","355","409","Forward","55 [Sequence]","82.4","8.06e-16","67.273 [Alignment]"
"ENSGGOT00000060326.1","SLC1A4","88","276","Forward","2A:41867312-41874810 [Sequence]","Reverse","tr|C9J9N5|C9J9N5_HUMAN","347","409","Forward","63 [Sequence]","70.7","1.61e-12","46.032 [Alignment]"
"ENSGGOT00000057874.1","SLC1A3","640","726","Forward","17:58653524-58657064 [Sequence]","Reverse","tr|C9J9N5|C9J9N5_HUMAN","381","409","Forward","29 [Sequence]","58.5","1.71e-08","89.655 [Alignment]"
"ENSGGOT00000049408.1","SLC1A7","217","618","Forward","1:53715258-53749130 [Sequence]","Reverse","tr|C9J9N5|C9J9N5_HUMAN","39","174","Forward","136 [Sequence]","56.9","5.11e-08","43.382 [Alignment]"
"ENSGGOT00000045834.1","SLC1A3","133","525","Forward","17:58654427-58725661 [Sequence]","Reverse","tr|C9J9N5|C9J9N5_HUMAN","41","173","Forward","133 [Sequence]","52.3","1.56e-06","51.880 [Alignment]"
"ENSGGOT00000060326.1","SLC1A4","1","153","Forward","2A:41867435-41874897 [Sequence]","Reverse","tr|C9J9N5|C9J9N5_HUMAN","240","290","Forward","51 [Sequence]","46.8","6.01e-05","43.137 [Alignment]"
