"Subject name","Gene hit","Subject start","Subject end","Subject ori","Genomic Location","Orientation","Query name","Query start","Query end","Query ori","Length","Score","E-val","%ID"
"ENSPPYT00000037016.1","SLC1A2","1","1227","Forward","11:31374985-31509807 [Sequence]","Forward","tr|C9J9N5|C9J9N5_HUMAN","1","409","Forward","409 [Sequence]","734","0.0","99.756 [Alignment]"
"ENSPPYT00000004001.3","SLC1A2","1","1227","Forward","11:31374985-31509807 [Sequence]","Forward","tr|C9J9N5|C9J9N5_HUMAN","1","409","Forward","409 [Sequence]","733","0.0","99.756 [Alignment]"
"ENSPPYT00000056419.1","SLC1A2","1","1227","Forward","11:31374985-31509807 [Sequence]","Forward","tr|C9J9N5|C9J9N5_HUMAN","1","409","Forward","409 [Sequence]","732","0.0","99.756 [Alignment]"
"ENSPPYT00000046941.1","SLC1A2","116","1327","Forward","11:31374044-31509807 [Sequence]","Forward","tr|C9J9N5|C9J9N5_HUMAN","6","409","Forward","404 [Sequence]","723","0.0","99.752 [Alignment]"
"ENSPPYT00000053916.1","SLC1A2","124","1338","Forward","11:31474306-31509807 [Sequence]","Forward","tr|C9J9N5|C9J9N5_HUMAN","5","409","Forward","405 [Sequence]","721","0.0","99.259 [Alignment]"
"ENSPPYT00000004002.2","SLC1A2","10","1218","Forward","11:31479355-31509807 [Sequence]","Forward","tr|C9J9N5|C9J9N5_HUMAN","7","409","Forward","403 [Sequence]","721","0.0","99.752 [Alignment]"
"ENSPPYT00000042940.1","SLC1A2","34","1242","Forward","11:31479355-31509807 [Sequence]","Forward","tr|C9J9N5|C9J9N5_HUMAN","7","409","Forward","403 [Sequence]","721","0.0","99.752 [Alignment]"
"ENSPPYT00000055645.1","SLC1A2","1","891","Forward","11:31374985-31509705 [Sequence]","Forward","tr|C9J9N5|C9J9N5_HUMAN","1","295","Forward","297 [Sequence]","503","1.04e-164","96.633 [Alignment]"
"ENSPPYT00000022437.3","SLC1A1","107","1198","Forward","9:36547397-36628589 [Sequence]","Reverse","tr|C9J9N5|C9J9N5_HUMAN","41","409","Forward","375 [Sequence]","313","2.12e-92","54.133 [Alignment]"
"ENSPPYT00000041835.1","SLC1A3","398","1495","Forward","5:36895507-36968343 [Sequence]","Forward","tr|C9J9N5|C9J9N5_HUMAN","41","409","Forward","372 [Sequence]","286","1.23e-82","53.763 [Alignment]"
"ENSPPYT00000040490.1","SLC1A6","70","1305","Forward","19:15106317-15125413 [Sequence]","Reverse","tr|C9J9N5|C9J9N5_HUMAN","8","409","Forward","420 [Sequence]","285","8.87e-82","45.714 [Alignment]"
"ENSPPYT00000017907.3","SLC1A3","349","1446","Forward","5:36895507-36968343 [Sequence]","Forward","tr|C9J9N5|C9J9N5_HUMAN","41","409","Forward","372 [Sequence]","287","1.08e-81","53.763 [Alignment]"
"ENSPPYT00000053469.1","SLC1A3","196","1092","Forward","5:36958898-36968343 [Sequence]","Forward","tr|C9J9N5|C9J9N5_HUMAN","109","409","Forward","304 [Sequence]","276","2.94e-78","54.934 [Alignment]"
"ENSPPYT00000057048.1","SLC1A6","355","1113","Forward","19:15106317-15124302 [Sequence]","Reverse","tr|C9J9N5|C9J9N5_HUMAN","173","409","Forward","255 [Sequence]","233","2.84e-64","50.588 [Alignment]"
"ENSPPYT00000001605.2","SLC1A7","34","1344","Forward","1:174497958-174550743 [Sequence]","Forward","tr|C9J9N5|C9J9N5_HUMAN","39","409","Forward","441 [Sequence]","216","2.44e-58","40.816 [Alignment]"
"ENSPPYT00000035527.1","SLC1A7","214","951","Forward","1:174505895-174550743 [Sequence]","Forward","tr|C9J9N5|C9J9N5_HUMAN","173","409","Forward","248 [Sequence]","213","9.14e-58","48.790 [Alignment]"
"ENSPPYT00000011806.3","SLC1A5","1194","2030","Forward","19:45069074-45079229 [Sequence]","Reverse","tr|C9J9N5|C9J9N5_HUMAN","109","409","Forward","306 [Sequence]","205","1.24e-54","41.830 [Alignment]"
"ENSPPYT00000046673.1","SLC1A4","214","1170","Forward","2A:43573568-43601926 [Sequence]","Reverse","tr|C9J9N5|C9J9N5_HUMAN","75","409","Forward","341 [Sequence]","197","4.84e-52","43.988 [Alignment]"
"ENSPPYT00000042890.1","SLC1A3","733","1110","Forward","5:36959081-36968343 [Sequence]","Forward","tr|C9J9N5|C9J9N5_HUMAN","284","409","Forward","126 [Sequence]","164","2.57e-41","67.460 [Alignment]"
"ENSPPYT00000011252.3","SLC1A6","157","969","Forward","19:15106419-15125326 [Sequence]","Reverse","tr|C9J9N5|C9J9N5_HUMAN","41","295","Forward","275 [Sequence]","125","2.95e-29","38.909 [Alignment]"
"ENSPPYT00000055645.1","SLC1A2","859","993","Forward","11:31509673-31509807 [Sequence]","Forward","tr|C9J9N5|C9J9N5_HUMAN","365","409","Forward","45 [Sequence]","99","3.03e-21","100.000 [Alignment]"
"ENSPPYT00000011252.3","SLC1A6","883","1071","Forward","19:15106317-15114655 [Sequence]","Reverse","tr|C9J9N5|C9J9N5_HUMAN","347","409","Forward","63 [Sequence]","91.2","1.78e-18","63.492 [Alignment]"
"ENSPPYT00000045603.1","SLC1A4","88","276","Forward","2A:43573568-43581078 [Sequence]","Reverse","tr|C9J9N5|C9J9N5_HUMAN","347","409","Forward","63 [Sequence]","70.7","2.96e-12","46.032 [Alignment]"
"ENSPPYT00000042410.1","SLC1A7","34","435","Forward","1:174497958-174531542 [Sequence]","Forward","tr|C9J9N5|C9J9N5_HUMAN","39","174","Forward","136 [Sequence]","57.3","1.33e-08","43.382 [Alignment]"
"ENSPPYT00000042890.1","SLC1A3","349","741","Forward","5:36895507-36967440 [Sequence]","Forward","tr|C9J9N5|C9J9N5_HUMAN","41","173","Forward","133 [Sequence]","51.9","2.28e-06","51.880 [Alignment]"
"ENSPPYT00000045603.1","SLC1A4","1","153","Forward","2A:43573691-43581165 [Sequence]","Reverse","tr|C9J9N5|C9J9N5_HUMAN","240","290","Forward","51 [Sequence]","46.8","7.63e-05","43.137 [Alignment]"
