"Subject name","Gene hit","Subject start","Subject end","Subject ori","Genomic Location","Orientation","Query name","Query start","Query end","Query ori","Length","Score","E-val","%ID"
"ENSMMUT00000006147.4","SLC1A2","1138","1734","Forward","14:30183670-30210119 [Sequence]","Forward","tr|A0A2R8YHI4|A0A2R8YHI4_HUMAN","2","155","Forward","199 [Sequence]","315","4.64e-99","76.884 [Alignment]"
"ENSMMUT00000094689.1","SLC1A2","1117","1713","Forward","14:30183670-30210119 [Sequence]","Forward","tr|A0A2R8YHI4|A0A2R8YHI4_HUMAN","2","155","Forward","199 [Sequence]","315","5.76e-99","76.884 [Alignment]"
"ENSMMUT00000096837.1","SLC1A2","1172","1768","Forward","14:30183670-30210119 [Sequence]","Forward","tr|A0A2R8YHI4|A0A2R8YHI4_HUMAN","2","155","Forward","199 [Sequence]","315","1.11e-98","76.884 [Alignment]"
"ENSMMUT00000090431.1","SLC1A2","1252","1848","Forward","14:30183670-30210119 [Sequence]","Forward","tr|A0A2R8YHI4|A0A2R8YHI4_HUMAN","2","155","Forward","199 [Sequence]","315","1.96e-98","76.884 [Alignment]"
"ENSMMUT00000084836.1","SLC1A2","1337","1933","Forward","14:30183670-30210119 [Sequence]","Forward","tr|A0A2R8YHI4|A0A2R8YHI4_HUMAN","2","155","Forward","199 [Sequence]","315","2.13e-98","76.884 [Alignment]"
"ENSMMUT00000109509.1","SLC1A2","1715","2311","Forward","14:30183670-30210119 [Sequence]","Forward","tr|A0A2R8YHI4|A0A2R8YHI4_HUMAN","2","155","Forward","199 [Sequence]","315","1.53e-97","76.884 [Alignment]"
"ENSMMUT00000044087.3","SLC1A2","1712","2419","Forward","14:30183670-30210119 [Sequence]","Forward","tr|A0A2R8YHI4|A0A2R8YHI4_HUMAN","2","155","Forward","236 [Sequence]","294","1.71e-90","64.831 [Alignment]"
"ENSMMUT00000091204.1","SLC1A3","1224","1523","Forward","6:36497290-36503377 [Sequence]","Forward","tr|A0A2R8YHI4|A0A2R8YHI4_HUMAN","2","99","Forward","100 [Sequence]","162","1.98e-44","69.000 [Alignment]"
"ENSMMUT00000041841.3","SLC1A3","1340","1774","Forward","6:36497290-36503377 [Sequence]","Forward","tr|A0A2R8YHI4|A0A2R8YHI4_HUMAN","2","99","Forward","145 [Sequence]","136","2.45e-35","46.897 [Alignment]"
"ENSMMUT00000072923.2","SLC1A3","1224","1658","Forward","6:36497290-36503377 [Sequence]","Forward","tr|A0A2R8YHI4|A0A2R8YHI4_HUMAN","2","99","Forward","145 [Sequence]","136","2.54e-35","46.897 [Alignment]"
"ENSMMUT00000000191.4","SLC1A1","1033","1305","Forward","15:79240128-79249148 [Sequence]","Reverse","tr|A0A2R8YHI4|A0A2R8YHI4_HUMAN","2","92","Forward","91 [Sequence]","130","2.02e-33","67.033 [Alignment]"
"ENSMMUT00000096585.1","SLC1A1","1205","1594","Forward","15:79240146-79249148 [Sequence]","Reverse","tr|A0A2R8YHI4|A0A2R8YHI4_HUMAN","2","86","Forward","130 [Sequence]","121","3.77e-30","45.385 [Alignment]"
"ENSMMUT00000056448.2","SLC1A6","1372","1752","Forward","19:14538984-14543768 [Sequence]","Reverse","tr|A0A2R8YHI4|A0A2R8YHI4_HUMAN","2","83","Forward","127 [Sequence]","120","6.46e-30","43.307 [Alignment]"
"ENSMMUT00000008674.3","SLC1A3","1354","1785","Forward","6:36497290-36505532 [Sequence]","Forward","tr|A0A2R8YHI4|A0A2R8YHI4_HUMAN","2","110","Forward","154 [Sequence]","110","1.06e-26","43.506 [Alignment]"
"ENSMMUT00000000192.4","SLC1A1","892","1299","Forward","15:79240128-79249148 [Sequence]","Reverse","tr|A0A2R8YHI4|A0A2R8YHI4_HUMAN","2","92","Forward","136 [Sequence]","104","1.14e-24","44.118 [Alignment]"
"ENSMMUT00000060644.2","SLC1A4","1069","1437","Forward","13:43745495-43748374 [Sequence]","Reverse","tr|A0A2R8YHI4|A0A2R8YHI4_HUMAN","2","79","Forward","123 [Sequence]","104","1.71e-24","38.211 [Alignment]"
"ENSMMUT00000080064.1","SLC1A6","1244","1624","Forward","19:14538984-14543768 [Sequence]","Reverse","tr|A0A2R8YHI4|A0A2R8YHI4_HUMAN","2","83","Forward","127 [Sequence]","99","4.84e-23","43.307 [Alignment]"
"ENSMMUT00000002449.4","SLC1A6","1356","1736","Forward","19:14538984-14543768 [Sequence]","Reverse","tr|A0A2R8YHI4|A0A2R8YHI4_HUMAN","2","83","Forward","127 [Sequence]","99","6.07e-23","43.307 [Alignment]"
"ENSMMUT00000102306.1","SLC1A6","1416","1796","Forward","19:14538984-14543768 [Sequence]","Reverse","tr|A0A2R8YHI4|A0A2R8YHI4_HUMAN","2","83","Forward","127 [Sequence]","99","6.10e-23","43.307 [Alignment]"
"ENSMMUT00000101610.1","SLC1A6","1476","1856","Forward","19:14538984-14543768 [Sequence]","Reverse","tr|A0A2R8YHI4|A0A2R8YHI4_HUMAN","2","83","Forward","127 [Sequence]","99","6.14e-23","43.307 [Alignment]"
"ENSMMUT00000093010.1","SLC1A6","1502","1882","Forward","19:14538984-14543768 [Sequence]","Reverse","tr|A0A2R8YHI4|A0A2R8YHI4_HUMAN","2","83","Forward","127 [Sequence]","99","6.15e-23","43.307 [Alignment]"
"ENSMMUT00000110288.1","SLC1A6","1637","2017","Forward","19:14538984-14543768 [Sequence]","Reverse","tr|A0A2R8YHI4|A0A2R8YHI4_HUMAN","2","83","Forward","127 [Sequence]","99","6.22e-23","43.307 [Alignment]"
"ENSMMUT00000010641.4","SLC1A7","1246","1620","Forward","1:171321640-171323493 [Sequence]","Forward","tr|A0A2R8YHI4|A0A2R8YHI4_HUMAN","3","82","Forward","125 [Sequence]","91.6","4.22e-20","41.600 [Alignment]"
"ENSMMUT00000014365.3","SLC1A4","1051","1419","Forward","13:43745495-43748374 [Sequence]","Reverse","tr|A0A2R8YHI4|A0A2R8YHI4_HUMAN","2","79","Forward","123 [Sequence]","88.3","5.82e-19","38.211 [Alignment]"
"ENSMMUT00000031172.4","SLC1A5","1063","1545","Forward","19:46787565-46789478 [Sequence]","Reverse","tr|A0A2R8YHI4|A0A2R8YHI4_HUMAN","2","127","Forward","161 [Sequence]","72.8","7.17e-14","29.193 [Alignment]"
"ENSMMUT00000071380.2","SLC1A5","1643","1801","Forward","19:46789320-46789478 [Sequence]","Reverse","tr|A0A2R8YHI4|A0A2R8YHI4_HUMAN","2","54","Forward","53 [Sequence]","68.6","2.06e-12","54.717 [Alignment]"
"ENSMMUT00000082720.1","SLC1A5","1719","1877","Forward","19:46789320-46789478 [Sequence]","Reverse","tr|A0A2R8YHI4|A0A2R8YHI4_HUMAN","2","54","Forward","53 [Sequence]","68.6","2.07e-12","54.717 [Alignment]"
