"Subject name","Gene hit","Subject start","Subject end","Subject ori","Genomic Location","Orientation","Query name","Query start","Query end","Query ori","Length","Score","E-val","%ID"
"ENSPTRT00000089959.1","SLC1A2","1435","1653","Forward","11:35364354-35364572 [Sequence]","Reverse","tr|H0YEB1|H0YEB1_HUMAN","1","73","Forward","73 [Sequence]","192","5.29e-57","100.000 [Alignment]"
"ENSPTRT00000087129.1","SLC1A2","1532","1750","Forward","11:35364354-35364572 [Sequence]","Reverse","tr|H0YEB1|H0YEB1_HUMAN","1","73","Forward","73 [Sequence]","192","5.43e-57","100.000 [Alignment]"
"ENSPTRT00000079961.1","SLC1A2","2031","2249","Forward","11:35364354-35364572 [Sequence]","Reverse","tr|H0YEB1|H0YEB1_HUMAN","1","73","Forward","73 [Sequence]","192","5.58e-57","100.000 [Alignment]"
"ENSPTRT00000006599.5","SLC1A2","1408","1626","Forward","11:35364354-35364572 [Sequence]","Reverse","tr|H0YEB1|H0YEB1_HUMAN","1","73","Forward","73 [Sequence]","163","5.66e-47","100.000 [Alignment]"
"ENSPTRT00000106634.1","SLC1A2","1435","1653","Forward","11:35364354-35364572 [Sequence]","Reverse","tr|H0YEB1|H0YEB1_HUMAN","1","73","Forward","73 [Sequence]","163","5.68e-47","100.000 [Alignment]"
"ENSPTRT00000031187.3","SLC1A3","1778","1903","Forward","5:77618203-77618328 [Sequence]","Reverse","tr|H0YEB1|H0YEB1_HUMAN","1","40","Forward","42 [Sequence]","46.4","5.35e-06","52.381 [Alignment]"
"ENSPTRT00000078486.1","SLC1A3","2164","2289","Forward","5:77618203-77618328 [Sequence]","Reverse","tr|H0YEB1|H0YEB1_HUMAN","1","40","Forward","42 [Sequence]","46.4","5.37e-06","52.381 [Alignment]"
"ENSPTRT00000056719.3","SLC1A1","1589","1669","Forward","9:4622990-4623070 [Sequence]","Forward","tr|H0YEB1|H0YEB1_HUMAN","1","27","Forward","27 [Sequence]","42.6","8.80e-05","62.963 [Alignment]"
"ENSPTRT00000097894.1","SLC1A3","934","1110","Forward","5:77618152-77618328 [Sequence]","Reverse","tr|H0YEB1|H0YEB1_HUMAN","1","56","Forward","59 [Sequence]","40.6","4.34e-04","44.068 [Alignment]"
"ENSPTRT00000087445.1","SLC1A3","1102","1278","Forward","5:77618152-77618328 [Sequence]","Reverse","tr|H0YEB1|H0YEB1_HUMAN","1","56","Forward","59 [Sequence]","40.6","5.15e-04","44.068 [Alignment]"
"ENSPTRT00000080433.1","SLC1A3","1300","1476","Forward","5:77618152-77618328 [Sequence]","Reverse","tr|H0YEB1|H0YEB1_HUMAN","1","56","Forward","59 [Sequence]","40.1","5.74e-04","44.068 [Alignment]"
"ENSPTRT00000085288.1","SLC1A3","1423","1599","Forward","5:77618152-77618328 [Sequence]","Reverse","tr|H0YEB1|H0YEB1_HUMAN","1","56","Forward","59 [Sequence]","40.1","5.78e-04","44.068 [Alignment]"
"ENSPTRT00000085844.1","SLC1A6","2564","2635","Forward","19:15898636-15898707 [Sequence]","Reverse","tr|H0YEB1|H0YEB1_HUMAN","1","24","Forward","24 [Sequence]","36.0","0.019","54.167 [Alignment]"
"ENSPTRT00000080204.1","SLC1A4","1360","1419","Forward","2A:66392562-66392621 [Sequence]","Forward","tr|H0YEB1|H0YEB1_HUMAN","1","20","Forward","20 [Sequence]","33.4","0.094","60.000 [Alignment]"
"ENSPTRT00000022303.4","SLC1A4","1903","1962","Forward","2A:66392562-66392621 [Sequence]","Forward","tr|H0YEB1|H0YEB1_HUMAN","1","20","Forward","20 [Sequence]","33.4","0.100","60.000 [Alignment]"
