"Subject name","Gene hit","Subject start","Subject end","Subject ori","Genomic Location","Orientation","Query name","Query start","Query end","Query ori","Length","Score","E-val","%ID"
"ENSGALT00010061191.1","SLC1A2","71","1261","Forward","5:18572906-18636322 [Sequence]","Reverse","tr|A0A2R8Y4D1|A0A2R8Y4D1_HUMAN","1","397","Forward","397 [Sequence]","589","0.0","87.154 [Alignment]"
"ENSGALT00010061182.1","SLC1A2","200","1390","Forward","5:18572906-18636322 [Sequence]","Reverse","tr|A0A2R8Y4D1|A0A2R8Y4D1_HUMAN","1","397","Forward","397 [Sequence]","588","0.0","87.154 [Alignment]"
"ENSGALT00010061200.1","SLC1A2","143","1327","Forward","5:18572906-18636086 [Sequence]","Reverse","tr|A0A2R8Y4D1|A0A2R8Y4D1_HUMAN","3","397","Forward","395 [Sequence]","581","0.0","86.582 [Alignment]"
"ENSGALT00010061203.1","SLC1A2","227","1408","Forward","5:18572906-18637406 [Sequence]","Reverse","tr|A0A2R8Y4D1|A0A2R8Y4D1_HUMAN","4","397","Forward","394 [Sequence]","579","0.0","86.294 [Alignment]"
"ENSGALT00010061209.1","SLC1A2","299","1486","Forward","5:18572906-18634534 [Sequence]","Reverse","tr|A0A2R8Y4D1|A0A2R8Y4D1_HUMAN","2","397","Forward","396 [Sequence]","579","0.0","86.111 [Alignment]"
"ENSGALT00010061205.1","SLC1A2","464","1651","Forward","5:18572906-18634593 [Sequence]","Reverse","tr|A0A2R8Y4D1|A0A2R8Y4D1_HUMAN","2","397","Forward","396 [Sequence]","578","0.0","86.111 [Alignment]"
"ENSGALT00010061185.1","SLC1A2","509","1696","Forward","5:18572906-18634593 [Sequence]","Reverse","tr|A0A2R8Y4D1|A0A2R8Y4D1_HUMAN","2","397","Forward","396 [Sequence]","575","0.0","86.111 [Alignment]"
"ENSGALT00010028564.1","SLC1A1","293","1357","Forward","Z:27568324-27623591 [Sequence]","Forward","tr|A0A2R8Y4D1|A0A2R8Y4D1_HUMAN","41","397","Forward","366 [Sequence]","274","3.09e-77","51.913 [Alignment]"
"ENSGALT00010032793.1","SLC1A3","405","1463","Forward","Z:11724251-11781335 [Sequence]","Forward","tr|A0A2R8Y4D1|A0A2R8Y4D1_HUMAN","43","397","Forward","361 [Sequence]","271","1.90e-76","52.909 [Alignment]"
"ENSGALT00010032783.1","SLC1A3","345","1403","Forward","Z:11724251-11781335 [Sequence]","Forward","tr|A0A2R8Y4D1|A0A2R8Y4D1_HUMAN","43","397","Forward","361 [Sequence]","271","2.29e-76","52.909 [Alignment]"
"ENSGALT00010028562.1","SLC1A1","293","1411","Forward","Z:27568324-27623591 [Sequence]","Forward","tr|A0A2R8Y4D1|A0A2R8Y4D1_HUMAN","41","397","Forward","379 [Sequence]","270","4.51e-76","50.396 [Alignment]"
"ENSGALT00010066978.1","SLC1A6","567","1670","Forward","28:1116627-1125096 [Sequence]","Reverse","tr|A0A2R8Y4D1|A0A2R8Y4D1_HUMAN","43","397","Forward","374 [Sequence]","261","2.06e-73","46.257 [Alignment]"
"ENSGALT00010066968.1","SLC1A6","533","1636","Forward","28:1116627-1125096 [Sequence]","Reverse","tr|A0A2R8Y4D1|A0A2R8Y4D1_HUMAN","43","397","Forward","374 [Sequence]","262","2.40e-73","46.257 [Alignment]"
"ENSGALT00010066975.1","SLC1A6","567","1670","Forward","28:1116627-1125096 [Sequence]","Reverse","tr|A0A2R8Y4D1|A0A2R8Y4D1_HUMAN","43","397","Forward","374 [Sequence]","261","3.22e-73","46.257 [Alignment]"
"ENSGALT00010066980.1","SLC1A6","463","1566","Forward","28:1116627-1125096 [Sequence]","Reverse","tr|A0A2R8Y4D1|A0A2R8Y4D1_HUMAN","43","397","Forward","374 [Sequence]","261","4.03e-73","46.257 [Alignment]"
"ENSGALT00010032770.1","SLC1A3","243","1106","Forward","Z:11768320-11781335 [Sequence]","Forward","tr|A0A2R8Y4D1|A0A2R8Y4D1_HUMAN","109","397","Forward","295 [Sequence]","261","4.23e-73","54.237 [Alignment]"
"ENSGALT00010068031.1","ENSGALG00010028077","209","1369","Forward","28:1327782-1332168 [Sequence]","Forward","tr|A0A2R8Y4D1|A0A2R8Y4D1_HUMAN","17","397","Forward","396 [Sequence]","230","8.32e-63","43.939 [Alignment]"
"ENSGALT00010061196.1","SLC1A7","116","1219","Forward","8:24285171-24318326 [Sequence]","Reverse","tr|A0A2R8Y4D1|A0A2R8Y4D1_HUMAN","36","397","Forward","370 [Sequence]","227","6.44e-62","43.243 [Alignment]"
"ENSGALT00010046550.1","SLC1A4","194","1210","Forward","3:10107537-10126057 [Sequence]","Forward","tr|A0A2R8Y4D1|A0A2R8Y4D1_HUMAN","41","397","Forward","362 [Sequence]","202","1.64e-53","41.160 [Alignment]"
