"Subject name","Gene hit","Subject start","Subject end","Subject ori","Genomic Location","Orientation","Query name","Query start","Query end","Query ori","Length","Score","E-val","%ID"
"ENSOGAT00000016245.2","SLC1A2","10","1233","Forward","GL873520.1:62048426-62081532 [Sequence]","Reverse","tr|C9J9N5|C9J9N5_HUMAN","2","409","Forward","408 [Sequence]","691","0.0","94.608 [Alignment]"
"ENSOGAT00000007470.2","SLC1A1","41","1144","Forward","GL873525.1:22343450-22409255 [Sequence]","Reverse","tr|C9J9N5|C9J9N5_HUMAN","38","409","Forward","373 [Sequence]","316","3.75e-94","54.155 [Alignment]"
"ENSOGAT00000004889.2","SLC1A3","157","1260","Forward","GL873582.1:4668215-4748252 [Sequence]","Forward","tr|C9J9N5|C9J9N5_HUMAN","39","409","Forward","374 [Sequence]","288","1.18e-83","53.476 [Alignment]"
"ENSOGAT00000034011.1","SLC1A6","90","1319","Forward","GL873624.1:208508-221648 [Sequence]","Reverse","tr|C9J9N5|C9J9N5_HUMAN","26","409","Forward","417 [Sequence]","281","2.65e-81","46.043 [Alignment]"
"ENSOGAT00000013316.2","SLC1A7","134","1267","Forward","GL873585.1:229332-275453 [Sequence]","Reverse","tr|C9J9N5|C9J9N5_HUMAN","39","409","Forward","385 [Sequence]","265","2.01e-75","48.312 [Alignment]"
"ENSOGAT00000031519.1","SLC1A5","247","1212","Forward","GL873671.1:3598136-3605526 [Sequence]","Reverse","tr|C9J9N5|C9J9N5_HUMAN","70","409","Forward","347 [Sequence]","206","1.21e-55","41.787 [Alignment]"
"ENSOGAT00000005686.2","SLC1A4","217","1173","Forward","GL873543.1:21925020-21949011 [Sequence]","Forward","tr|C9J9N5|C9J9N5_HUMAN","75","409","Forward","341 [Sequence]","204","9.52e-55","43.402 [Alignment]"
