"Subject name","Gene hit","Subject start","Subject end","Subject ori","Genomic Location","Orientation","Query name","Query start","Query end","Query ori","Length","Score","E-val","%ID"
"ENSMMUT00000006147.4","SLC1A2","1447","1665","Forward","14:30205231-30205449 [Sequence]","Forward","tr|H0YEB1|H0YEB1_HUMAN","1","73","Forward","73 [Sequence]","192","6.35e-57","100.000 [Alignment]"
"ENSMMUT00000094689.1","SLC1A2","1426","1644","Forward","14:30205231-30205449 [Sequence]","Forward","tr|H0YEB1|H0YEB1_HUMAN","1","73","Forward","73 [Sequence]","192","6.41e-57","100.000 [Alignment]"
"ENSMMUT00000096837.1","SLC1A2","1481","1699","Forward","14:30205231-30205449 [Sequence]","Forward","tr|H0YEB1|H0YEB1_HUMAN","1","73","Forward","73 [Sequence]","192","6.53e-57","100.000 [Alignment]"
"ENSMMUT00000090431.1","SLC1A2","1561","1779","Forward","14:30205231-30205449 [Sequence]","Forward","tr|H0YEB1|H0YEB1_HUMAN","1","73","Forward","73 [Sequence]","192","6.59e-57","100.000 [Alignment]"
"ENSMMUT00000109509.1","SLC1A2","2024","2242","Forward","14:30205231-30205449 [Sequence]","Forward","tr|H0YEB1|H0YEB1_HUMAN","1","73","Forward","73 [Sequence]","192","6.83e-57","100.000 [Alignment]"
"ENSMMUT00000084836.1","SLC1A2","1646","1864","Forward","14:30205231-30205449 [Sequence]","Forward","tr|H0YEB1|H0YEB1_HUMAN","1","73","Forward","73 [Sequence]","163","7.04e-47","100.000 [Alignment]"
"ENSMMUT00000044087.3","SLC1A2","2021","2239","Forward","14:30205231-30205449 [Sequence]","Forward","tr|H0YEB1|H0YEB1_HUMAN","1","73","Forward","73 [Sequence]","163","1.13e-46","100.000 [Alignment]"
"ENSMMUT00000041841.3","SLC1A3","1649","1774","Forward","6:36503252-36503377 [Sequence]","Forward","tr|H0YEB1|H0YEB1_HUMAN","1","40","Forward","42 [Sequence]","48.5","1.09e-06","54.762 [Alignment]"
"ENSMMUT00000091204.1","SLC1A3","1398","1523","Forward","6:36503252-36503377 [Sequence]","Forward","tr|H0YEB1|H0YEB1_HUMAN","1","40","Forward","42 [Sequence]","48.5","1.10e-06","54.762 [Alignment]"
"ENSMMUT00000072923.2","SLC1A3","1533","1658","Forward","6:36503252-36503377 [Sequence]","Forward","tr|H0YEB1|H0YEB1_HUMAN","1","40","Forward","42 [Sequence]","48.5","1.11e-06","54.762 [Alignment]"
"ENSMMUT00000008674.3","SLC1A3","1663","1758","Forward","6:36503252-36505505 [Sequence]","Forward","tr|H0YEB1|H0YEB1_HUMAN","1","40","Forward","40 [Sequence]","45.2","1.63e-05","52.500 [Alignment]"
"ENSMMUT00000000191.4","SLC1A1","1207","1287","Forward","15:79240146-79240226 [Sequence]","Reverse","tr|H0YEB1|H0YEB1_HUMAN","1","27","Forward","27 [Sequence]","43.1","7.10e-05","62.963 [Alignment]"
"ENSMMUT00000000192.4","SLC1A1","1201","1281","Forward","15:79240146-79240226 [Sequence]","Reverse","tr|H0YEB1|H0YEB1_HUMAN","1","27","Forward","27 [Sequence]","43.1","8.44e-05","62.963 [Alignment]"
"ENSMMUT00000096585.1","SLC1A1","1514","1594","Forward","15:79240146-79240226 [Sequence]","Reverse","tr|H0YEB1|H0YEB1_HUMAN","1","27","Forward","27 [Sequence]","43.1","8.49e-05","62.963 [Alignment]"
"ENSMMUT00000080064.1","SLC1A6","1553","1624","Forward","19:14538984-14539055 [Sequence]","Reverse","tr|H0YEB1|H0YEB1_HUMAN","1","24","Forward","24 [Sequence]","36.0","0.022","54.167 [Alignment]"
"ENSMMUT00000002449.4","SLC1A6","1665","1736","Forward","19:14538984-14539055 [Sequence]","Reverse","tr|H0YEB1|H0YEB1_HUMAN","1","24","Forward","24 [Sequence]","36.0","0.022","54.167 [Alignment]"
"ENSMMUT00000102306.1","SLC1A6","1725","1796","Forward","19:14538984-14539055 [Sequence]","Reverse","tr|H0YEB1|H0YEB1_HUMAN","1","24","Forward","24 [Sequence]","36.0","0.022","54.167 [Alignment]"
"ENSMMUT00000101610.1","SLC1A6","1785","1856","Forward","19:14538984-14539055 [Sequence]","Reverse","tr|H0YEB1|H0YEB1_HUMAN","1","24","Forward","24 [Sequence]","36.0","0.022","54.167 [Alignment]"
"ENSMMUT00000093010.1","SLC1A6","1811","1882","Forward","19:14538984-14539055 [Sequence]","Reverse","tr|H0YEB1|H0YEB1_HUMAN","1","24","Forward","24 [Sequence]","36.0","0.022","54.167 [Alignment]"
"ENSMMUT00000110288.1","SLC1A6","1946","2017","Forward","19:14538984-14539055 [Sequence]","Reverse","tr|H0YEB1|H0YEB1_HUMAN","1","24","Forward","24 [Sequence]","36.0","0.022","54.167 [Alignment]"
"ENSMMUT00000056448.2","SLC1A6","1681","1752","Forward","19:14538984-14539055 [Sequence]","Reverse","tr|H0YEB1|H0YEB1_HUMAN","1","24","Forward","24 [Sequence]","36.0","0.023","54.167 [Alignment]"
