"Subject name","Gene hit","Subject start","Subject end","Subject ori","Genomic Location","Orientation","Query name","Query start","Query end","Query ori","Length","Score","E-val","%ID"
"K08F4.4.1","glt-3","1409","1531","Forward","IV:10132764-10132886 [Sequence]","Forward","tr|H0YEB1|H0YEB1_HUMAN","1","38","Forward","41 [Sequence]","52.3","2.59e-08","53.659 [Alignment]"
"C12D12.2b.1","glt-1","1291","1371","Forward","X:3498651-3498731 [Sequence]","Forward","tr|H0YEB1|H0YEB1_HUMAN","1","27","Forward","27 [Sequence]","49.3","2.21e-07","66.667 [Alignment]"
"C12D12.2a.1","glt-1","1388","1468","Forward","X:3498651-3498731 [Sequence]","Forward","tr|H0YEB1|H0YEB1_HUMAN","1","27","Forward","27 [Sequence]","49.3","2.22e-07","66.667 [Alignment]"
"R05G6.6.1","glt-6","1302","1436","Forward","IV:7505906-7506084 [Sequence]","Forward","tr|H0YEB1|H0YEB1_HUMAN","1","41","Forward","45 [Sequence]","41.4","1.09e-04","40.000 [Alignment]"
"Y53C12A.2.1","glt-5","1287","1460","Forward","II:9706810-9707030 [Sequence]","Reverse","tr|H0YEB1|H0YEB1_HUMAN","1","58","Forward","60 [Sequence]","34.7","0.020","31.667 [Alignment]"
