"Subject name","Gene hit","Subject start","Subject end","Subject ori","Genomic Location","Orientation","Query name","Query start","Query end","Query ori","Length","Score","E-val","%ID"
"ENSPTRT00000089959.1","SLC1A2","1093","1656","Forward","11:35359787-35385777 [Sequence]","Reverse","tr|A0A2R8Y642|A0A2R8Y642_HUMAN","237","424","Forward","188 [Sequence]","404","5.95e-125","100.000 [Alignment]"
"ENSPTRT00000006599.5","SLC1A2","1066","1638","Forward","11:35360553-35385777 [Sequence]","Reverse","tr|A0A2R8Y642|A0A2R8Y642_HUMAN","237","426","Forward","191 [Sequence]","402","7.39e-125","98.429 [Alignment]"
"ENSPTRT00000106634.1","SLC1A2","1093","1653","Forward","11:35364354-35385777 [Sequence]","Reverse","tr|A0A2R8Y642|A0A2R8Y642_HUMAN","237","423","Forward","187 [Sequence]","402","1.68e-124","100.000 [Alignment]"
"ENSPTRT00000087129.1","SLC1A2","1190","1753","Forward","11:35359787-35385777 [Sequence]","Reverse","tr|A0A2R8Y642|A0A2R8Y642_HUMAN","237","424","Forward","188 [Sequence]","403","2.98e-124","100.000 [Alignment]"
"ENSPTRT00000079961.1","SLC1A2","1689","2252","Forward","11:35359787-35385777 [Sequence]","Reverse","tr|A0A2R8Y642|A0A2R8Y642_HUMAN","237","424","Forward","188 [Sequence]","404","1.95e-122","100.000 [Alignment]"
"ENSPTRT00000006599.5","SLC1A2","124","858","Forward","11:35391135-35415966 [Sequence]","Reverse","tr|A0A2R8Y642|A0A2R8Y642_HUMAN","1","247","Forward","247 [Sequence]","394","1.00e-121","96.356 [Alignment]"
"ENSPTRT00000106634.1","SLC1A2","151","885","Forward","11:35391135-35415966 [Sequence]","Reverse","tr|A0A2R8Y642|A0A2R8Y642_HUMAN","1","247","Forward","247 [Sequence]","394","1.41e-121","96.356 [Alignment]"
"ENSPTRT00000089959.1","SLC1A2","151","885","Forward","11:35391135-35415966 [Sequence]","Reverse","tr|A0A2R8Y642|A0A2R8Y642_HUMAN","1","247","Forward","247 [Sequence]","394","2.16e-121","96.356 [Alignment]"
"ENSPTRT00000087129.1","SLC1A2","248","982","Forward","11:35391135-35415966 [Sequence]","Reverse","tr|A0A2R8Y642|A0A2R8Y642_HUMAN","1","247","Forward","247 [Sequence]","394","7.49e-121","96.356 [Alignment]"
"ENSPTRT00000079961.1","SLC1A2","747","1481","Forward","11:35391135-35415966 [Sequence]","Reverse","tr|A0A2R8Y642|A0A2R8Y642_HUMAN","1","247","Forward","247 [Sequence]","394","5.92e-119","96.356 [Alignment]"
"ENSPTRT00000087810.1","SLC1A6","358","1365","Forward","19:15898621-15916848 [Sequence]","Reverse","tr|A0A2R8Y642|A0A2R8Y642_HUMAN","59","379","Forward","341 [Sequence]","336","4.12e-101","51.613 [Alignment]"
"ENSPTRT00000094488.1","SLC1A4","1","543","Forward","2A:66380229-66392621 [Sequence]","Forward","tr|A0A2R8Y642|A0A2R8Y642_HUMAN","190","370","Forward","181 [Sequence]","222","5.44e-64","53.591 [Alignment]"
"ENSPTRT00000087445.1","SLC1A3","757","1278","Forward","5:77618152-77624551 [Sequence]","Reverse","tr|A0A2R8Y642|A0A2R8Y642_HUMAN","236","406","Forward","174 [Sequence]","228","4.23e-63","63.218 [Alignment]"
"ENSPTRT00000080433.1","SLC1A3","955","1476","Forward","5:77618152-77624551 [Sequence]","Reverse","tr|A0A2R8Y642|A0A2R8Y642_HUMAN","236","406","Forward","174 [Sequence]","229","1.00e-62","63.218 [Alignment]"
"ENSPTRT00000085288.1","SLC1A3","1078","1599","Forward","5:77618152-77624551 [Sequence]","Reverse","tr|A0A2R8Y642|A0A2R8Y642_HUMAN","236","406","Forward","174 [Sequence]","229","1.69e-62","63.218 [Alignment]"
"ENSPTRT00000078486.1","SLC1A3","1819","2340","Forward","5:77618152-77624551 [Sequence]","Reverse","tr|A0A2R8Y642|A0A2R8Y642_HUMAN","236","406","Forward","174 [Sequence]","229","6.95e-62","63.218 [Alignment]"
"ENSPTRT00000091723.1","SLC1A2","124","573","Forward","11:35404805-35415966 [Sequence]","Reverse","tr|A0A2R8Y642|A0A2R8Y642_HUMAN","1","150","Forward","150 [Sequence]","208","1.68e-59","98.000 [Alignment]"
"ENSPTRT00000091078.1","SLC1A6","772","1410","Forward","19:15898621-15904993 [Sequence]","Reverse","tr|A0A2R8Y642|A0A2R8Y642_HUMAN","178","379","Forward","218 [Sequence]","217","1.38e-58","52.752 [Alignment]"
"ENSPTRT00000086371.1","SLC1A6","1129","1560","Forward","19:15898621-15904786 [Sequence]","Reverse","tr|A0A2R8Y642|A0A2R8Y642_HUMAN","236","379","Forward","144 [Sequence]","217","2.31e-58","67.361 [Alignment]"
"ENSPTRT00000019563.3","SLC1A6","769","1407","Forward","19:15898621-15904993 [Sequence]","Reverse","tr|A0A2R8Y642|A0A2R8Y642_HUMAN","178","379","Forward","218 [Sequence]","216","2.76e-58","52.752 [Alignment]"
"ENSPTRT00000085844.1","SLC1A6","2219","2650","Forward","19:15898621-15904786 [Sequence]","Reverse","tr|A0A2R8Y642|A0A2R8Y642_HUMAN","236","379","Forward","144 [Sequence]","217","4.81e-58","67.361 [Alignment]"
"ENSPTRT00000056719.3","SLC1A1","1247","1687","Forward","9:4614243-4623088 [Sequence]","Forward","tr|A0A2R8Y642|A0A2R8Y642_HUMAN","237","383","Forward","147 [Sequence]","215","2.42e-57","67.347 [Alignment]"
"ENSPTRT00000097894.1","SLC1A3","640","1110","Forward","5:77618152-77627420 [Sequence]","Reverse","tr|A0A2R8Y642|A0A2R8Y642_HUMAN","253","406","Forward","157 [Sequence]","199","2.04e-53","62.420 [Alignment]"
"ENSPTRT00000001414.4","SLC1A7","706","1227","Forward","1:52787821-52791582 [Sequence]","Reverse","tr|A0A2R8Y642|A0A2R8Y642_HUMAN","189","373","Forward","185 [Sequence]","201","2.80e-53","55.135 [Alignment]"
"ENSPTRT00000080817.1","SLC1A7","1432","1842","Forward","1:52787821-52789724 [Sequence]","Reverse","tr|A0A2R8Y642|A0A2R8Y642_HUMAN","237","373","Forward","137 [Sequence]","201","7.99e-53","66.423 [Alignment]"
"ENSPTRT00000080204.1","SLC1A4","1018","1503","Forward","2A:66389712-66392705 [Sequence]","Forward","tr|A0A2R8Y642|A0A2R8Y642_HUMAN","237","405","Forward","169 [Sequence]","174","1.53e-44","46.746 [Alignment]"
"ENSPTRT00000022303.4","SLC1A4","1561","2046","Forward","2A:66389712-66392705 [Sequence]","Forward","tr|A0A2R8Y642|A0A2R8Y642_HUMAN","237","405","Forward","169 [Sequence]","174","3.01e-44","46.746 [Alignment]"
"ENSPTRT00000056719.3","SLC1A1","320","1039","Forward","9:4527777-4611604 [Sequence]","Forward","tr|A0A2R8Y642|A0A2R8Y642_HUMAN","1","244","Forward","250 [Sequence]","162","2.92e-40","47.200 [Alignment]"
"ENSPTRT00000104733.1","SLC1A5","454","1017","Forward","19:48892820-48894804 [Sequence]","Reverse","tr|A0A2R8Y642|A0A2R8Y642_HUMAN","237","418","Forward","188 [Sequence]","151","9.73e-38","42.021 [Alignment]"
"ENSPTRT00000020802.4","SLC1A5","1033","1590","Forward","19:48892820-48894798 [Sequence]","Reverse","tr|A0A2R8Y642|A0A2R8Y642_HUMAN","239","418","Forward","186 [Sequence]","151","4.12e-37","42.473 [Alignment]"
"ENSPTRT00000085836.1","SLC1A5","1713","2270","Forward","19:48892820-48894798 [Sequence]","Reverse","tr|A0A2R8Y642|A0A2R8Y642_HUMAN","239","418","Forward","186 [Sequence]","151","7.73e-37","42.473 [Alignment]"
"ENSPTRT00000031187.3","SLC1A3","1568","1954","Forward","5:77618152-77624551 [Sequence]","Reverse","tr|A0A2R8Y642|A0A2R8Y642_HUMAN","236","406","Forward","174 [Sequence]","136","3.38e-32","44.828 [Alignment]"
"ENSPTRT00000085844.1","SLC1A6","1409","2011","Forward","19:15904994-15916848 [Sequence]","Reverse","tr|A0A2R8Y642|A0A2R8Y642_HUMAN","59","244","Forward","206 [Sequence]","118","8.99e-27","37.864 [Alignment]"
"ENSPTRT00000080817.1","SLC1A7","292","1005","Forward","1:52792389-52840995 [Sequence]","Reverse","tr|A0A2R8Y642|A0A2R8Y642_HUMAN","1","231","Forward","243 [Sequence]","117","1.94e-26","41.975 [Alignment]"
"ENSPTRT00000078486.1","SLC1A3","889","1611","Forward","5:77624759-77695862 [Sequence]","Reverse","tr|A0A2R8Y642|A0A2R8Y642_HUMAN","1","244","Forward","247 [Sequence]","117","2.57e-26","44.939 [Alignment]"
"ENSPTRT00000031187.3","SLC1A3","638","1360","Forward","5:77624759-77695862 [Sequence]","Reverse","tr|A0A2R8Y642|A0A2R8Y642_HUMAN","1","244","Forward","247 [Sequence]","117","2.62e-26","44.939 [Alignment]"
"ENSPTRT00000080433.1","SLC1A3","196","747","Forward","5:77624759-77633343 [Sequence]","Reverse","tr|A0A2R8Y642|A0A2R8Y642_HUMAN","59","244","Forward","189 [Sequence]","112","3.63e-25","43.386 [Alignment]"
"ENSPTRT00000086371.1","SLC1A6","358","921","Forward","19:15904994-15916848 [Sequence]","Reverse","tr|A0A2R8Y642|A0A2R8Y642_HUMAN","59","244","Forward","193 [Sequence]","91.2","2.04e-18","34.197 [Alignment]"
"ENSPTRT00000085836.1","SLC1A5","1005","1496","Forward","19:48896343-48905109 [Sequence]","Reverse","tr|A0A2R8Y642|A0A2R8Y642_HUMAN","59","244","Forward","191 [Sequence]","87.4","3.54e-17","35.079 [Alignment]"
"ENSPTRT00000085288.1","SLC1A3","163","870","Forward","5:77624759-77695862 [Sequence]","Reverse","tr|A0A2R8Y642|A0A2R8Y642_HUMAN","1","244","Forward","246 [Sequence]","84.1","4.08e-16","41.057 [Alignment]"
"ENSPTRT00000097894.1","SLC1A3","163","660","Forward","5:77623946-77695862 [Sequence]","Reverse","tr|A0A2R8Y642|A0A2R8Y642_HUMAN","1","171","Forward","171 [Sequence]","78.2","1.76e-14","49.708 [Alignment]"
"ENSPTRT00000022303.4","SLC1A4","739","1323","Forward","2A:66359485-66380366 [Sequence]","Forward","tr|A0A2R8Y642|A0A2R8Y642_HUMAN","25","235","Forward","217 [Sequence]","77.8","4.00e-14","38.249 [Alignment]"
"ENSPTRT00000083412.1","SLC1A7","70","474","Forward","1:52804349-52840995 [Sequence]","Reverse","tr|A0A2R8Y642|A0A2R8Y642_HUMAN","1","137","Forward","137 [Sequence]","72.4","2.26e-13","48.175 [Alignment]"
"ENSPTRT00000001414.4","SLC1A7","214","567","Forward","1:52792389-52832968 [Sequence]","Reverse","tr|A0A2R8Y642|A0A2R8Y642_HUMAN","123","231","Forward","121 [Sequence]","73.6","5.56e-13","38.017 [Alignment]"
"ENSPTRT00000019563.3","SLC1A6","355","768","Forward","19:15904994-15920096 [Sequence]","Reverse","tr|A0A2R8Y642|A0A2R8Y642_HUMAN","123","244","Forward","140 [Sequence]","71.9","1.89e-12","32.857 [Alignment]"
"ENSPTRT00000020802.4","SLC1A5","358","816","Forward","19:48896343-48905109 [Sequence]","Reverse","tr|A0A2R8Y642|A0A2R8Y642_HUMAN","59","244","Forward","191 [Sequence]","59.8","9.08e-09","30.890 [Alignment]"
"ENSPTRT00000080204.1","SLC1A4","214","780","Forward","2A:66359485-66380366 [Sequence]","Forward","tr|A0A2R8Y642|A0A2R8Y642_HUMAN","25","235","Forward","217 [Sequence]","57.7","4.96e-08","34.562 [Alignment]"
"ENSPTRT00000104733.1","SLC1A5","40","243","Forward","19:48896343-48901588 [Sequence]","Reverse","tr|A0A2R8Y642|A0A2R8Y642_HUMAN","176","244","Forward","69 [Sequence]","55.6","1.82e-07","40.580 [Alignment]"
"ENSPTRT00000091078.1","SLC1A6","484","747","Forward","19:15905018-15910610 [Sequence]","Reverse","tr|A0A2R8Y642|A0A2R8Y642_HUMAN","149","236","Forward","94 [Sequence]","51.9","2.65e-06","35.106 [Alignment]"
"ENSPTRT00000100317.1","SLC1A7","70","435","Forward","1:52807257-52840995 [Sequence]","Reverse","tr|A0A2R8Y642|A0A2R8Y642_HUMAN","1","124","Forward","124 [Sequence]","49.8","6.25e-06","43.548 [Alignment]"
"ENSPTRT00000087445.1","SLC1A3","163","525","Forward","5:77624783-77695862 [Sequence]","Reverse","tr|A0A2R8Y642|A0A2R8Y642_HUMAN","1","123","Forward","123 [Sequence]","46.8","8.39e-05","52.846 [Alignment]"
