"Subject name","Gene hit","Subject start","Subject end","Subject ori","Genomic Location","Orientation","Query name","Query start","Query end","Query ori","Length","Score","E-val","%ID"
"ENSPPYT00000055645.1","SLC1A2","892","1488","Forward","11:31509706-31535805 [Sequence]","Forward","tr|A0A2R8YHI4|A0A2R8YHI4_HUMAN","2","155","Forward","199 [Sequence]","315","3.56e-100","76.884 [Alignment]"
"ENSPPYT00000004002.2","SLC1A2","1117","1713","Forward","11:31509706-31535805 [Sequence]","Forward","tr|A0A2R8YHI4|A0A2R8YHI4_HUMAN","2","155","Forward","199 [Sequence]","315","4.17e-99","76.884 [Alignment]"
"ENSPPYT00000004001.3","SLC1A2","1126","1722","Forward","11:31509706-31535805 [Sequence]","Forward","tr|A0A2R8YHI4|A0A2R8YHI4_HUMAN","2","155","Forward","199 [Sequence]","315","4.46e-99","76.884 [Alignment]"
"ENSPPYT00000042940.1","SLC1A2","1141","1737","Forward","11:31509706-31535805 [Sequence]","Forward","tr|A0A2R8YHI4|A0A2R8YHI4_HUMAN","2","155","Forward","199 [Sequence]","315","4.98e-99","76.884 [Alignment]"
"ENSPPYT00000046941.1","SLC1A2","1226","1822","Forward","11:31509706-31535805 [Sequence]","Forward","tr|A0A2R8YHI4|A0A2R8YHI4_HUMAN","2","155","Forward","199 [Sequence]","315","8.78e-99","76.884 [Alignment]"
"ENSPPYT00000053916.1","SLC1A2","1237","1833","Forward","11:31509706-31535805 [Sequence]","Forward","tr|A0A2R8YHI4|A0A2R8YHI4_HUMAN","2","155","Forward","199 [Sequence]","315","9.46e-99","76.884 [Alignment]"
"ENSPPYT00000056419.1","SLC1A2","1126","1521","Forward","11:31509706-31531154 [Sequence]","Forward","tr|A0A2R8YHI4|A0A2R8YHI4_HUMAN","2","133","Forward","132 [Sequence]","288","4.01e-90","100.000 [Alignment]"
"ENSPPYT00000037016.1","SLC1A2","1126","1653","Forward","11:31509706-31531151 [Sequence]","Forward","tr|A0A2R8YHI4|A0A2R8YHI4_HUMAN","2","132","Forward","176 [Sequence]","263","2.50e-80","73.864 [Alignment]"
"ENSPPYT00000041835.1","SLC1A3","1394","1744","Forward","5:36968242-36974063 [Sequence]","Forward","tr|A0A2R8YHI4|A0A2R8YHI4_HUMAN","2","115","Forward","117 [Sequence]","140","4.39e-37","61.538 [Alignment]"
"ENSPPYT00000042890.1","SLC1A3","1009","1443","Forward","5:36968242-36974012 [Sequence]","Forward","tr|A0A2R8YHI4|A0A2R8YHI4_HUMAN","2","99","Forward","145 [Sequence]","136","1.10e-35","46.207 [Alignment]"
"ENSPPYT00000053469.1","SLC1A3","991","1425","Forward","5:36968242-36974012 [Sequence]","Forward","tr|A0A2R8YHI4|A0A2R8YHI4_HUMAN","2","99","Forward","145 [Sequence]","135","2.74e-35","46.207 [Alignment]"
"ENSPPYT00000017907.3","SLC1A3","1345","1779","Forward","5:36968242-36974012 [Sequence]","Forward","tr|A0A2R8YHI4|A0A2R8YHI4_HUMAN","2","99","Forward","145 [Sequence]","135","2.77e-35","46.207 [Alignment]"
"ENSPPYT00000022437.3","SLC1A1","1097","1504","Forward","9:36538705-36547498 [Sequence]","Reverse","tr|A0A2R8YHI4|A0A2R8YHI4_HUMAN","2","92","Forward","136 [Sequence]","106","1.59e-25","44.853 [Alignment]"
"ENSPPYT00000046673.1","SLC1A4","1069","1437","Forward","2A:43570790-43573669 [Sequence]","Reverse","tr|A0A2R8YHI4|A0A2R8YHI4_HUMAN","2","79","Forward","123 [Sequence]","104","7.28e-25","38.211 [Alignment]"
"ENSPPYT00000011252.3","SLC1A6","970","1350","Forward","19:15102426-15106418 [Sequence]","Reverse","tr|A0A2R8YHI4|A0A2R8YHI4_HUMAN","2","83","Forward","127 [Sequence]","100","2.28e-23","43.307 [Alignment]"
"ENSPPYT00000057048.1","SLC1A6","1012","1392","Forward","19:15102426-15106418 [Sequence]","Reverse","tr|A0A2R8YHI4|A0A2R8YHI4_HUMAN","2","83","Forward","127 [Sequence]","99","3.06e-23","43.307 [Alignment]"
"ENSPPYT00000040490.1","SLC1A6","1204","1584","Forward","19:15102426-15106418 [Sequence]","Reverse","tr|A0A2R8YHI4|A0A2R8YHI4_HUMAN","2","83","Forward","127 [Sequence]","99","3.14e-23","43.307 [Alignment]"
"ENSPPYT00000035527.1","SLC1A7","853","1227","Forward","1:174550645-174552518 [Sequence]","Forward","tr|A0A2R8YHI4|A0A2R8YHI4_HUMAN","3","82","Forward","125 [Sequence]","91.6","2.09e-20","41.600 [Alignment]"
"ENSPPYT00000001605.2","SLC1A7","1246","1620","Forward","1:174550645-174552518 [Sequence]","Forward","tr|A0A2R8YHI4|A0A2R8YHI4_HUMAN","3","82","Forward","125 [Sequence]","91.2","2.89e-20","41.600 [Alignment]"
"ENSPPYT00000045603.1","SLC1A4","175","543","Forward","2A:43570790-43573669 [Sequence]","Reverse","tr|A0A2R8YHI4|A0A2R8YHI4_HUMAN","2","79","Forward","123 [Sequence]","89.1","1.87e-19","38.211 [Alignment]"
"ENSPPYT00000011806.3","SLC1A5","1929","2087","Forward","19:45069017-45069175 [Sequence]","Reverse","tr|A0A2R8YHI4|A0A2R8YHI4_HUMAN","2","54","Forward","53 [Sequence]","68.6","1.14e-12","54.717 [Alignment]"
