"Subject name","Gene hit","Subject start","Subject end","Subject ori","Genomic Location","Orientation","Query name","Query start","Query end","Query ori","Length","Score","E-val","%ID"
"ENST00000644351.1","SLC1A2","589","1779","Forward","11:35286852-35418966 [Sequence]","Reverse","tr|A0A2R8Y4D1|A0A2R8Y4D1_HUMAN","1","397","Forward","397 [Sequence]","711","0.0","100.000 [Alignment]"
"ENST00000643305.1","SLC1A2","588","1778","Forward","11:35286852-35418966 [Sequence]","Reverse","tr|A0A2R8Y4D1|A0A2R8Y4D1_HUMAN","1","397","Forward","397 [Sequence]","710","0.0","100.000 [Alignment]"
"ENST00000644459.1","SLC1A2","593","1783","Forward","11:35286852-35418966 [Sequence]","Reverse","tr|A0A2R8Y4D1|A0A2R8Y4D1_HUMAN","1","397","Forward","397 [Sequence]","710","0.0","100.000 [Alignment]"
"ENST00000531628.2","SLC1A2","1","1191","Forward","11:35286852-35418966 [Sequence]","Reverse","tr|A0A2R8Y4D1|A0A2R8Y4D1_HUMAN","1","397","Forward","397 [Sequence]","709","0.0","100.000 [Alignment]"
"ENST00000643134.1","SLC1A2","390","1580","Forward","11:35286852-35418966 [Sequence]","Reverse","tr|A0A2R8Y4D1|A0A2R8Y4D1_HUMAN","1","397","Forward","397 [Sequence]","709","0.0","100.000 [Alignment]"
"ENST00000642171.1","SLC1A2","248","1438","Forward","11:35286852-35418966 [Sequence]","Reverse","tr|A0A2R8Y4D1|A0A2R8Y4D1_HUMAN","1","397","Forward","397 [Sequence]","709","0.0","100.000 [Alignment]"
"ENST00000278379.9","SLC1A2","593","1783","Forward","11:35286852-35418966 [Sequence]","Reverse","tr|A0A2R8Y4D1|A0A2R8Y4D1_HUMAN","1","397","Forward","397 [Sequence]","709","0.0","100.000 [Alignment]"
"ENST00000646847.1","SLC1A2","160","1350","Forward","11:35286852-35418966 [Sequence]","Reverse","tr|A0A2R8Y4D1|A0A2R8Y4D1_HUMAN","1","397","Forward","397 [Sequence]","708","0.0","100.000 [Alignment]"
"ENST00000606205.6","SLC1A2","133","1323","Forward","11:35286852-35418966 [Sequence]","Reverse","tr|A0A2R8Y4D1|A0A2R8Y4D1_HUMAN","1","397","Forward","397 [Sequence]","707","0.0","100.000 [Alignment]"
"ENST00000449068.2","SLC1A2","87","1277","Forward","11:35286852-35418966 [Sequence]","Reverse","tr|A0A2R8Y4D1|A0A2R8Y4D1_HUMAN","1","397","Forward","397 [Sequence]","707","0.0","100.000 [Alignment]"
"ENST00000642578.1","SLC1A2","116","1291","Forward","11:35286852-35419909 [Sequence]","Reverse","tr|A0A2R8Y4D1|A0A2R8Y4D1_HUMAN","6","397","Forward","392 [Sequence]","699","0.0","100.000 [Alignment]"
"ENST00000395753.6","SLC1A2","149","1324","Forward","11:35286852-35419909 [Sequence]","Reverse","tr|A0A2R8Y4D1|A0A2R8Y4D1_HUMAN","6","397","Forward","392 [Sequence]","699","0.0","100.000 [Alignment]"
"ENST00000646099.1","SLC1A2","88","1263","Forward","11:35286852-35419937 [Sequence]","Reverse","tr|A0A2R8Y4D1|A0A2R8Y4D1_HUMAN","6","397","Forward","392 [Sequence]","698","0.0","100.000 [Alignment]"
"ENST00000395750.6","SLC1A2","122","1297","Forward","11:35286852-35419937 [Sequence]","Reverse","tr|A0A2R8Y4D1|A0A2R8Y4D1_HUMAN","6","397","Forward","392 [Sequence]","698","0.0","100.000 [Alignment]"
"ENST00000644299.1","SLC1A2","149","1336","Forward","11:35286852-35418493 [Sequence]","Reverse","tr|A0A2R8Y4D1|A0A2R8Y4D1_HUMAN","2","397","Forward","396 [Sequence]","697","0.0","98.990 [Alignment]"
"ENST00000644779.1","SLC1A2","951","2129","Forward","11:35286852-35322565 [Sequence]","Reverse","tr|A0A2R8Y4D1|A0A2R8Y4D1_HUMAN","5","397","Forward","393 [Sequence]","697","0.0","99.491 [Alignment]"
"ENST00000643454.1","SLC1A2","48","1220","Forward","11:35286852-35317515 [Sequence]","Reverse","tr|A0A2R8Y4D1|A0A2R8Y4D1_HUMAN","7","397","Forward","391 [Sequence]","697","0.0","100.000 [Alignment]"
"ENST00000644868.1","SLC1A2","10","1182","Forward","11:35286852-35317515 [Sequence]","Reverse","tr|A0A2R8Y4D1|A0A2R8Y4D1_HUMAN","7","397","Forward","391 [Sequence]","697","0.0","100.000 [Alignment]"
"ENST00000646080.1","SLC1A2","88","1260","Forward","11:35286852-35317515 [Sequence]","Reverse","tr|A0A2R8Y4D1|A0A2R8Y4D1_HUMAN","7","397","Forward","391 [Sequence]","697","0.0","100.000 [Alignment]"
"ENST00000642448.1","SLC1A2","111","1283","Forward","11:35286852-35317515 [Sequence]","Reverse","tr|A0A2R8Y4D1|A0A2R8Y4D1_HUMAN","7","397","Forward","391 [Sequence]","697","0.0","100.000 [Alignment]"
"ENST00000645194.1","SLC1A2","63","1235","Forward","11:35286852-35317515 [Sequence]","Reverse","tr|A0A2R8Y4D1|A0A2R8Y4D1_HUMAN","7","397","Forward","391 [Sequence]","697","0.0","100.000 [Alignment]"
"ENST00000645634.1","SLC1A2","314","1486","Forward","11:35286852-35317515 [Sequence]","Reverse","tr|A0A2R8Y4D1|A0A2R8Y4D1_HUMAN","7","397","Forward","391 [Sequence]","697","0.0","100.000 [Alignment]"
"ENST00000645303.1","SLC1A2","323","1495","Forward","11:35286852-35317515 [Sequence]","Reverse","tr|A0A2R8Y4D1|A0A2R8Y4D1_HUMAN","7","397","Forward","391 [Sequence]","697","0.0","100.000 [Alignment]"
"ENST00000647372.1","SLC1A2","107","1279","Forward","11:35286852-35317515 [Sequence]","Reverse","tr|A0A2R8Y4D1|A0A2R8Y4D1_HUMAN","7","397","Forward","391 [Sequence]","696","0.0","100.000 [Alignment]"
"ENST00000644050.1","SLC1A2","452","1630","Forward","11:35286852-35322565 [Sequence]","Reverse","tr|A0A2R8Y4D1|A0A2R8Y4D1_HUMAN","5","397","Forward","393 [Sequence]","696","0.0","99.491 [Alignment]"
"ENST00000646585.1","SLC1A2","171","1346","Forward","11:35286852-35404320 [Sequence]","Reverse","tr|A0A2R8Y4D1|A0A2R8Y4D1_HUMAN","6","397","Forward","392 [Sequence]","696","0.0","100.000 [Alignment]"
"ENST00000647104.1","SLC1A2","165","1343","Forward","11:35286852-35322565 [Sequence]","Reverse","tr|A0A2R8Y4D1|A0A2R8Y4D1_HUMAN","5","397","Forward","393 [Sequence]","696","0.0","99.491 [Alignment]"
"ENST00000645892.1","SLC1A2","124","1296","Forward","11:35286852-35317515 [Sequence]","Reverse","tr|A0A2R8Y4D1|A0A2R8Y4D1_HUMAN","7","397","Forward","391 [Sequence]","695","0.0","100.000 [Alignment]"
"ENST00000643000.1","SLC1A2","107","1279","Forward","11:35286852-35317515 [Sequence]","Reverse","tr|A0A2R8Y4D1|A0A2R8Y4D1_HUMAN","7","397","Forward","391 [Sequence]","695","0.0","100.000 [Alignment]"
"ENST00000643154.1","SLC1A2","581","1696","Forward","11:35292262-35418966 [Sequence]","Reverse","tr|A0A2R8Y4D1|A0A2R8Y4D1_HUMAN","1","372","Forward","372 [Sequence]","638","0.0","98.387 [Alignment]"
"ENST00000646112.1","SLC1A2","95","1198","Forward","11:35292262-35360052 [Sequence]","Reverse","tr|A0A2R8Y4D1|A0A2R8Y4D1_HUMAN","5","372","Forward","368 [Sequence]","625","0.0","98.098 [Alignment]"
"ENST00000642183.1","SLC1A2","281","1153","Forward","11:35286918-35317515 [Sequence]","Reverse","tr|A0A2R8Y4D1|A0A2R8Y4D1_HUMAN","7","295","Forward","291 [Sequence]","490","8.84e-162","96.907 [Alignment]"
"ENST00000643522.1","SLC1A2","497","1387","Forward","11:35286918-35418966 [Sequence]","Reverse","tr|A0A2R8Y4D1|A0A2R8Y4D1_HUMAN","1","295","Forward","297 [Sequence]","504","6.46e-156","96.970 [Alignment]"
"ENST00000642216.1","SLC1A2","107","739","Forward","11:35286852-35307165 [Sequence]","Reverse","tr|A0A2R8Y4D1|A0A2R8Y4D1_HUMAN","187","397","Forward","211 [Sequence]","413","5.55e-130","100.000 [Alignment]"
"ENST00000642224.1","SLC1A2","308","1021","Forward","11:35292519-35317515 [Sequence]","Reverse","tr|A0A2R8Y4D1|A0A2R8Y4D1_HUMAN","7","244","Forward","238 [Sequence]","405","5.42e-128","100.000 [Alignment]"
"ENST00000479543.2","SLC1A2","111","743","Forward","11:35286852-35307165 [Sequence]","Reverse","tr|A0A2R8Y4D1|A0A2R8Y4D1_HUMAN","187","397","Forward","211 [Sequence]","417","1.56e-125","100.000 [Alignment]"
"ENST00000646167.1","SLC1A2","1","741","Forward","11:35286918-35317383 [Sequence]","Reverse","tr|A0A2R8Y4D1|A0A2R8Y4D1_HUMAN","51","295","Forward","247 [Sequence]","391","4.07e-123","96.356 [Alignment]"
"ENST00000642769.1","SLC1A2","2","457","Forward","11:35286852-35301640 [Sequence]","Reverse","tr|A0A2R8Y4D1|A0A2R8Y4D1_HUMAN","246","397","Forward","152 [Sequence]","293","2.82e-83","100.000 [Alignment]"
"ENST00000262352.8","SLC1A1","255","1310","Forward","9:4490722-4576668 [Sequence]","Forward","tr|A0A2R8Y4D1|A0A2R8Y4D1_HUMAN","41","397","Forward","363 [Sequence]","287","2.47e-81","52.617 [Alignment]"
"ENST00000681814.1","SLC1A3","248","1309","Forward","5:36608556-36680494 [Sequence]","Forward","tr|A0A2R8Y4D1|A0A2R8Y4D1_HUMAN","41","397","Forward","360 [Sequence]","263","3.52e-74","52.500 [Alignment]"
"ENST00000221742.7","SLC1A6","165","1277","Forward","19:14954230-14972754 [Sequence]","Reverse","tr|A0A2R8Y4D1|A0A2R8Y4D1_HUMAN","41","397","Forward","375 [Sequence]","261","3.94e-73","46.933 [Alignment]"
"ENST00000681926.1","SLC1A3","446","1507","Forward","5:36608556-36680494 [Sequence]","Forward","tr|A0A2R8Y4D1|A0A2R8Y4D1_HUMAN","41","397","Forward","360 [Sequence]","263","4.43e-73","52.500 [Alignment]"
"ENST00000680125.1","SLC1A3","499","1560","Forward","5:36608556-36680494 [Sequence]","Forward","tr|A0A2R8Y4D1|A0A2R8Y4D1_HUMAN","41","397","Forward","360 [Sequence]","263","4.45e-73","52.500 [Alignment]"
"ENST00000381918.4","SLC1A3","276","1337","Forward","5:36608556-36680494 [Sequence]","Forward","tr|A0A2R8Y4D1|A0A2R8Y4D1_HUMAN","41","397","Forward","360 [Sequence]","262","5.93e-73","52.500 [Alignment]"
"ENST00000680318.1","SLC1A3","319","1380","Forward","5:36608556-36680494 [Sequence]","Forward","tr|A0A2R8Y4D1|A0A2R8Y4D1_HUMAN","41","397","Forward","360 [Sequence]","262","5.95e-73","52.500 [Alignment]"
"ENST00000679992.1","SLC1A3","350","1411","Forward","5:36608556-36680494 [Sequence]","Forward","tr|A0A2R8Y4D1|A0A2R8Y4D1_HUMAN","41","397","Forward","360 [Sequence]","262","5.97e-73","52.500 [Alignment]"
"ENST00000265113.9","SLC1A3","358","1419","Forward","5:36608556-36680494 [Sequence]","Forward","tr|A0A2R8Y4D1|A0A2R8Y4D1_HUMAN","41","397","Forward","360 [Sequence]","262","5.97e-73","52.500 [Alignment]"
"ENST00000679983.1","SLC1A3","908","1969","Forward","5:36608556-36680494 [Sequence]","Forward","tr|A0A2R8Y4D1|A0A2R8Y4D1_HUMAN","41","397","Forward","360 [Sequence]","262","6.22e-73","52.500 [Alignment]"
"ENST00000594383.2","SLC1A6","720","1832","Forward","19:14954230-14972754 [Sequence]","Reverse","tr|A0A2R8Y4D1|A0A2R8Y4D1_HUMAN","41","397","Forward","375 [Sequence]","261","1.43e-72","46.933 [Alignment]"
"ENST00000681909.1","SLC1A3","672","1532","Forward","5:36671043-36680494 [Sequence]","Forward","tr|A0A2R8Y4D1|A0A2R8Y4D1_HUMAN","109","397","Forward","292 [Sequence]","253","7.59e-70","53.425 [Alignment]"
"ENST00000680048.1","SLC1A3","1464","2324","Forward","5:36671043-36680494 [Sequence]","Forward","tr|A0A2R8Y4D1|A0A2R8Y4D1_HUMAN","109","397","Forward","292 [Sequence]","253","9.01e-70","53.425 [Alignment]"
"ENST00000613445.5","SLC1A3","485","1345","Forward","5:36671043-36680494 [Sequence]","Forward","tr|A0A2R8Y4D1|A0A2R8Y4D1_HUMAN","109","397","Forward","292 [Sequence]","253","1.02e-69","53.425 [Alignment]"
"ENST00000679784.1","SLC1A3","871","1731","Forward","5:36671043-36680494 [Sequence]","Forward","tr|A0A2R8Y4D1|A0A2R8Y4D1_HUMAN","109","397","Forward","292 [Sequence]","253","1.07e-69","53.425 [Alignment]"
"ENST00000680655.1","SLC1A3","671","1531","Forward","5:36671043-36680494 [Sequence]","Forward","tr|A0A2R8Y4D1|A0A2R8Y4D1_HUMAN","109","397","Forward","292 [Sequence]","252","1.22e-69","53.425 [Alignment]"
"ENST00000624112.2","SLC1A3","3327","4187","Forward","5:36671043-36680494 [Sequence]","Forward","tr|A0A2R8Y4D1|A0A2R8Y4D1_HUMAN","109","397","Forward","292 [Sequence]","252","2.10e-69","53.425 [Alignment]"
"ENST00000371494.9","SLC1A7","223","1320","Forward","1:53090707-53142416 [Sequence]","Reverse","tr|A0A2R8Y4D1|A0A2R8Y4D1_HUMAN","39","397","Forward","370 [Sequence]","240","1.88e-65","45.946 [Alignment]"
"ENST00000680232.1","SLC1A3","499","1701","Forward","5:36608556-36680494 [Sequence]","Forward","tr|A0A2R8Y4D1|A0A2R8Y4D1_HUMAN","41","397","Forward","407 [Sequence]","239","4.07e-65","46.437 [Alignment]"
"ENST00000680876.1","SLC1A3","3698","4375","Forward","5:36674041-36680494 [Sequence]","Forward","tr|A0A2R8Y4D1|A0A2R8Y4D1_HUMAN","171","397","Forward","230 [Sequence]","217","6.98e-58","53.043 [Alignment]"
"ENST00000646833.1","SLC1A2","112","408","Forward","11:35301521-35307165 [Sequence]","Reverse","tr|A0A2R8Y4D1|A0A2R8Y4D1_HUMAN","187","285","Forward","99 [Sequence]","206","8.46e-58","100.000 [Alignment]"
"ENST00000680878.1","SLC1A3","3698","4375","Forward","5:36674041-36680494 [Sequence]","Forward","tr|A0A2R8Y4D1|A0A2R8Y4D1_HUMAN","171","397","Forward","230 [Sequence]","217","1.03e-57","53.043 [Alignment]"
"ENST00000430939.6","SLC1A6","485","1207","Forward","19:14954230-14971738 [Sequence]","Reverse","tr|A0A2R8Y4D1|A0A2R8Y4D1_HUMAN","173","397","Forward","243 [Sequence]","209","2.18e-55","48.148 [Alignment]"
"ENST00000642196.1","SLC1A2","260","556","Forward","11:35301521-35307012 [Sequence]","Reverse","tr|A0A2R8Y4D1|A0A2R8Y4D1_HUMAN","187","285","Forward","99 [Sequence]","206","1.82e-54","100.000 [Alignment]"
"ENST00000645659.1","SLC1A2","2","442","Forward","11:35312165-35317380 [Sequence]","Reverse","tr|A0A2R8Y4D1|A0A2R8Y4D1_HUMAN","52","199","Forward","148 [Sequence]","189","1.20e-53","94.595 [Alignment]"
"ENST00000642224.1","SLC1A2","1021","1353","Forward","11:35286852-35292519 [Sequence]","Reverse","tr|A0A2R8Y4D1|A0A2R8Y4D1_HUMAN","287","397","Forward","111 [Sequence]","202","1.66e-53","100.000 [Alignment]"
"ENST00000649098.1","SLC1A7","217","1218","Forward","1:53090775-53142416 [Sequence]","Reverse","tr|A0A2R8Y4D1|A0A2R8Y4D1_HUMAN","39","365","Forward","338 [Sequence]","189","5.60e-49","43.787 [Alignment]"
"ENST00000542575.6","SLC1A5","987","1787","Forward","19:46777306-46787608 [Sequence]","Reverse","tr|A0A2R8Y4D1|A0A2R8Y4D1_HUMAN","109","397","Forward","294 [Sequence]","188","1.51e-48","40.816 [Alignment]"
"ENST00000611397.5","SLC1A7","369","1070","Forward","1:53090707-53134351 [Sequence]","Reverse","tr|A0A2R8Y4D1|A0A2R8Y4D1_HUMAN","173","397","Forward","236 [Sequence]","188","1.95e-48","46.186 [Alignment]"
"ENST00000620347.5","SLC1A7","162","1157","Forward","1:53092556-53142416 [Sequence]","Reverse","tr|A0A2R8Y4D1|A0A2R8Y4D1_HUMAN","39","363","Forward","336 [Sequence]","186","6.82e-48","43.452 [Alignment]"
"ENST00000234256.4","SLC1A4","345","1379","Forward","2:64989743-65018170 [Sequence]","Forward","tr|A0A2R8Y4D1|A0A2R8Y4D1_HUMAN","36","397","Forward","368 [Sequence]","184","6.37e-47","42.935 [Alignment]"
"ENST00000593713.1","SLC1A5","83","679","Forward","19:46777306-46784704 [Sequence]","Reverse","tr|A0A2R8Y4D1|A0A2R8Y4D1_HUMAN","172","397","Forward","226 [Sequence]","167","1.25e-43","42.035 [Alignment]"
"ENST00000594991.5","SLC1A5","339","938","Forward","19:46777306-46784567 [Sequence]","Reverse","tr|A0A2R8Y4D1|A0A2R8Y4D1_HUMAN","171","397","Forward","227 [Sequence]","168","2.68e-42","42.291 [Alignment]"
"ENST00000480594.1","SLC1A4","1999","2607","Forward","2:65001446-65018170 [Sequence]","Forward","tr|A0A2R8Y4D1|A0A2R8Y4D1_HUMAN","173","397","Forward","225 [Sequence]","167","1.49e-41","44.889 [Alignment]"
"ENST00000412532.6","SLC1A5","106","696","Forward","19:46777306-46784558 [Sequence]","Reverse","tr|A0A2R8Y4D1|A0A2R8Y4D1_HUMAN","174","397","Forward","224 [Sequence]","165","3.40e-41","41.964 [Alignment]"
"ENST00000434726.6","SLC1A5","267","779","Forward","19:46777306-46784108 [Sequence]","Reverse","tr|A0A2R8Y4D1|A0A2R8Y4D1_HUMAN","226","397","Forward","172 [Sequence]","157","1.17e-38","47.093 [Alignment]"
"ENST00000647193.1","SLC1A2","3","251","Forward","11:35286918-35306161 [Sequence]","Reverse","tr|A0A2R8Y4D1|A0A2R8Y4D1_HUMAN","215","295","Forward","83 [Sequence]","149","3.93e-37","89.157 [Alignment]"
"ENST00000422398.1","SLC1A1","2","385","Forward","9:4572336-4576668 [Sequence]","Forward","tr|A0A2R8Y4D1|A0A2R8Y4D1_HUMAN","269","397","Forward","129 [Sequence]","145","2.11e-36","62.016 [Alignment]"
"ENST00000680835.1","SLC1A3","45","377","Forward","5:36679628-36680494 [Sequence]","Forward","tr|A0A2R8Y4D1|A0A2R8Y4D1_HUMAN","287","397","Forward","111 [Sequence]","140","2.06e-35","66.667 [Alignment]"
"ENST00000681633.1","SLC1A3","3631","4002","Forward","5:36679589-36680494 [Sequence]","Forward","tr|A0A2R8Y4D1|A0A2R8Y4D1_HUMAN","274","397","Forward","124 [Sequence]","144","2.16e-34","62.097 [Alignment]"
"ENST00000680064.1","SLC1A3","3631","4002","Forward","5:36679589-36680494 [Sequence]","Forward","tr|A0A2R8Y4D1|A0A2R8Y4D1_HUMAN","274","397","Forward","124 [Sequence]","143","3.97e-34","62.097 [Alignment]"
"ENST00000681701.1","SLC1A3","203","730","Forward","5:36671231-36679858 [Sequence]","Forward","tr|A0A2R8Y4D1|A0A2R8Y4D1_HUMAN","187","363","Forward","180 [Sequence]","127","4.71e-34","45.556 [Alignment]"
"ENST00000681701.1","SLC1A3","15","203","Forward","5:36671043-36671231 [Sequence]","Forward","tr|A0A2R8Y4D1|A0A2R8Y4D1_HUMAN","109","172","Forward","64 [Sequence]","39.3","4.71e-34","54.688 [Alignment]"
"ENST00000612708.5","SLC1A3","883","1224","Forward","5:36671226-36680494 [Sequence]","Forward","tr|A0A2R8Y4D1|A0A2R8Y4D1_HUMAN","284","397","Forward","114 [Sequence]","141","1.90e-33","64.912 [Alignment]"
"ENST00000680064.1","SLC1A3","499","1302","Forward","5:36608556-36677260 [Sequence]","Forward","tr|A0A2R8Y4D1|A0A2R8Y4D1_HUMAN","41","311","Forward","275 [Sequence]","130","4.45e-30","44.727 [Alignment]"
"ENST00000681633.1","SLC1A3","499","1302","Forward","5:36608556-36677260 [Sequence]","Forward","tr|A0A2R8Y4D1|A0A2R8Y4D1_HUMAN","41","311","Forward","275 [Sequence]","130","4.78e-30","44.727 [Alignment]"
"ENST00000598504.5","SLC1A6","1517","2296","Forward","19:14962001-14972754 [Sequence]","Reverse","tr|A0A2R8Y4D1|A0A2R8Y4D1_HUMAN","41","286","Forward","266 [Sequence]","127","4.30e-29","40.226 [Alignment]"
"ENST00000544886.6","SLC1A6","950","1729","Forward","19:14962001-14972754 [Sequence]","Reverse","tr|A0A2R8Y4D1|A0A2R8Y4D1_HUMAN","41","286","Forward","268 [Sequence]","126","8.35e-29","39.925 [Alignment]"
"ENST00000600144.5","SLC1A6","431","1243","Forward","19:14954296-14972754 [Sequence]","Reverse","tr|A0A2R8Y4D1|A0A2R8Y4D1_HUMAN","41","295","Forward","275 [Sequence]","123","4.25e-28","38.545 [Alignment]"
"ENST00000679487.1","SLC1A3","64","249","Forward","5:36679775-36680494 [Sequence]","Forward","tr|A0A2R8Y4D1|A0A2R8Y4D1_HUMAN","336","397","Forward","62 [Sequence]","107","1.62e-25","75.806 [Alignment]"
"ENST00000681480.1","SLC1A3","314","499","Forward","5:36679775-36680494 [Sequence]","Forward","tr|A0A2R8Y4D1|A0A2R8Y4D1_HUMAN","336","397","Forward","62 [Sequence]","108","6.54e-24","75.806 [Alignment]"
"ENST00000642392.1","SLC1A2","88","240","Forward","11:35317366-35419937 [Sequence]","Reverse","tr|A0A2R8Y4D1|A0A2R8Y4D1_HUMAN","6","56","Forward","51 [Sequence]","110","7.93e-24","96.078 [Alignment]"
"ENST00000620288.4","SLC1A7","2000","2332","Forward","1:53092556-53102264 [Sequence]","Reverse","tr|A0A2R8Y4D1|A0A2R8Y4D1_HUMAN","253","363","Forward","111 [Sequence]","95.4","4.86e-19","49.550 [Alignment]"
"ENST00000505376.1","SLC1A3","98","559","Forward","5:36671043-36677119 [Sequence]","Forward","tr|A0A2R8Y4D1|A0A2R8Y4D1_HUMAN","109","264","Forward","159 [Sequence]","90.8","1.29e-18","44.654 [Alignment]"
"ENST00000679384.1","SLC1A3","2","235","Forward","5:36679628-36680101 [Sequence]","Forward","tr|A0A2R8Y4D1|A0A2R8Y4D1_HUMAN","287","364","Forward","78 [Sequence]","79.5","2.20e-16","60.256 [Alignment]"
"ENST00000596697.1","SLC1A6","2520","2960","Forward","19:14964313-14972754 [Sequence]","Reverse","tr|A0A2R8Y4D1|A0A2R8Y4D1_HUMAN","41","189","Forward","149 [Sequence]","85.3","4.83e-16","46.309 [Alignment]"
"ENST00000680369.1","SLC1A3","2","235","Forward","5:36679628-36683864 [Sequence]","Forward","tr|A0A2R8Y4D1|A0A2R8Y4D1_HUMAN","287","364","Forward","78 [Sequence]","79.5","1.03e-15","60.256 [Alignment]"
"ENST00000679852.1","SLC1A3","2","280","Forward","5:36679628-36686110 [Sequence]","Forward","tr|A0A2R8Y4D1|A0A2R8Y4D1_HUMAN","287","380","Forward","94 [Sequence]","82.0","5.28e-15","55.319 [Alignment]"
"ENST00000680205.1","SLC1A3","499","945","Forward","5:36608556-36674103 [Sequence]","Forward","tr|A0A2R8Y4D1|A0A2R8Y4D1_HUMAN","41","191","Forward","151 [Sequence]","81.6","7.84e-15","52.980 [Alignment]"
"ENST00000680711.1","SLC1A3","341","853","Forward","5:36608556-36674596 [Sequence]","Forward","tr|A0A2R8Y4D1|A0A2R8Y4D1_HUMAN","41","215","Forward","176 [Sequence]","78.6","3.06e-14","48.864 [Alignment]"
"ENST00000620288.4","SLC1A7","206","646","Forward","1:53105732-53142416 [Sequence]","Reverse","tr|A0A2R8Y4D1|A0A2R8Y4D1_HUMAN","39","187","Forward","149 [Sequence]","77.0","1.69e-13","47.651 [Alignment]"
"ENST00000646167.1","SLC1A2","709","807","Forward","11:35286852-35286950 [Sequence]","Reverse","tr|A0A2R8Y4D1|A0A2R8Y4D1_HUMAN","365","397","Forward","33 [Sequence]","75.3","4.54e-13","100.000 [Alignment]"
