"Subject name","Gene hit","Subject start","Subject end","Subject ori","Genomic Location","Orientation","Query name","Query start","Query end","Query ori","Length","Score","E-val","%ID"
"ENSOGAT00000016245.2","SLC1A2","1099","1662","Forward","GL873520.1:62024867-62048560 [Sequence]","Reverse","tr|A0A2R8Y642|A0A2R8Y642_HUMAN","237","424","Forward","188 [Sequence]","402","1.44e-124","99.468 [Alignment]"
"ENSOGAT00000016245.2","SLC1A2","157","891","Forward","GL873520.1:62053983-62079292 [Sequence]","Reverse","tr|A0A2R8Y642|A0A2R8Y642_HUMAN","1","247","Forward","247 [Sequence]","374","8.06e-114","91.498 [Alignment]"
"ENSOGAT00000004889.2","SLC1A3","1123","1644","Forward","GL873582.1:4747543-4754293 [Sequence]","Forward","tr|A0A2R8Y642|A0A2R8Y642_HUMAN","236","406","Forward","174 [Sequence]","231","1.36e-63","63.218 [Alignment]"
"ENSOGAT00000007470.2","SLC1A1","1010","1450","Forward","GL873525.1:22335156-22343584 [Sequence]","Reverse","tr|A0A2R8Y642|A0A2R8Y642_HUMAN","237","383","Forward","147 [Sequence]","218","1.73e-59","68.707 [Alignment]"
"ENSOGAT00000034011.1","SLC1A6","1182","1613","Forward","GL873624.1:203327-210033 [Sequence]","Reverse","tr|A0A2R8Y642|A0A2R8Y642_HUMAN","236","379","Forward","144 [Sequence]","217","8.47e-59","67.361 [Alignment]"
"ENSOGAT00000013316.2","SLC1A7","1133","1696","Forward","GL873585.1:227108-229466 [Sequence]","Reverse","tr|A0A2R8Y642|A0A2R8Y642_HUMAN","237","427","Forward","194 [Sequence]","202","1.08e-53","51.546 [Alignment]"
"ENSOGAT00000005686.2","SLC1A4","1039","1524","Forward","GL873543.1:21948877-21951989 [Sequence]","Forward","tr|A0A2R8Y642|A0A2R8Y642_HUMAN","237","405","Forward","169 [Sequence]","177","5.76e-46","47.337 [Alignment]"
"ENSOGAT00000007470.2","SLC1A1","83","802","Forward","GL873525.1:22346332-22409213 [Sequence]","Reverse","tr|A0A2R8Y642|A0A2R8Y642_HUMAN","1","244","Forward","244 [Sequence]","165","3.22e-42","47.541 [Alignment]"
"ENSOGAT00000031519.1","SLC1A5","1078","1572","Forward","GL873671.1:3596435-3598270 [Sequence]","Reverse","tr|A0A2R8Y642|A0A2R8Y642_HUMAN","237","405","Forward","169 [Sequence]","154","1.69e-38","44.379 [Alignment]"
"ENSOGAT00000034011.1","SLC1A6","282","974","Forward","GL873624.1:210241-220273 [Sequence]","Reverse","tr|A0A2R8Y642|A0A2R8Y642_HUMAN","29","244","Forward","236 [Sequence]","120","5.48e-28","41.949 [Alignment]"
"ENSOGAT00000004889.2","SLC1A3","193","915","Forward","GL873582.1:4668251-4747335 [Sequence]","Forward","tr|A0A2R8Y642|A0A2R8Y642_HUMAN","1","244","Forward","247 [Sequence]","120","9.40e-28","45.749 [Alignment]"
"ENSOGAT00000013316.2","SLC1A7","170","883","Forward","GL873585.1:232119-275417 [Sequence]","Reverse","tr|A0A2R8Y642|A0A2R8Y642_HUMAN","1","231","Forward","245 [Sequence]","117","4.23e-27","42.857 [Alignment]"
"ENSOGAT00000031519.1","SLC1A5","247","867","Forward","GL873671.1:3599214-3605526 [Sequence]","Reverse","tr|A0A2R8Y642|A0A2R8Y642_HUMAN","20","244","Forward","232 [Sequence]","89.9","1.59e-18","36.638 [Alignment]"
"ENSOGAT00000005686.2","SLC1A4","217","801","Forward","GL873543.1:21925020-21942116 [Sequence]","Forward","tr|A0A2R8Y642|A0A2R8Y642_HUMAN","25","235","Forward","217 [Sequence]","82.4","3.09e-16","37.327 [Alignment]"
