"Subject name","Gene hit","Subject start","Subject end","Subject ori","Genomic Location","Orientation","Query name","Query start","Query end","Query ori","Length","Score","E-val","%ID"
"ENSSSCT00000051003.3","SLC1A2","413","1639","Forward","2:25605563-25741513 [Sequence]","Forward","tr|C9J9N5|C9J9N5_HUMAN","1","409","Forward","409 [Sequence]","703","0.0","96.088 [Alignment]"
"ENSSSCT00000048330.2","SLC1A2","564","1790","Forward","2:25605563-25741513 [Sequence]","Forward","tr|C9J9N5|C9J9N5_HUMAN","1","409","Forward","409 [Sequence]","702","0.0","96.088 [Alignment]"
"ENSSSCT00000051921.3","SLC1A2","136","1359","Forward","2:25657593-25741513 [Sequence]","Forward","tr|C9J9N5|C9J9N5_HUMAN","2","409","Forward","408 [Sequence]","694","0.0","95.343 [Alignment]"
"ENSSSCT00000014522.5","SLC1A2","890","2098","Forward","2:25707090-25741513 [Sequence]","Forward","tr|C9J9N5|C9J9N5_HUMAN","7","409","Forward","403 [Sequence]","693","0.0","96.030 [Alignment]"
"ENSSSCT00000053521.3","SLC1A2","28","1236","Forward","2:25707090-25741513 [Sequence]","Forward","tr|C9J9N5|C9J9N5_HUMAN","7","409","Forward","403 [Sequence]","692","0.0","96.030 [Alignment]"
"ENSSSCT00000098717.1","SLC1A2","246","1454","Forward","2:25707090-25741513 [Sequence]","Forward","tr|C9J9N5|C9J9N5_HUMAN","7","409","Forward","403 [Sequence]","691","0.0","96.030 [Alignment]"
"ENSSSCT00000092276.1","SLC1A2","413","1303","Forward","2:25605563-25741411 [Sequence]","Forward","tr|C9J9N5|C9J9N5_HUMAN","1","295","Forward","297 [Sequence]","476","2.15e-146","92.593 [Alignment]"
"ENSSSCT00000005755.4","SLC1A1","233","1402","Forward","1:217378017-217441442 [Sequence]","Reverse","tr|C9J9N5|C9J9N5_HUMAN","11","409","Forward","399 [Sequence]","309","7.94e-89","50.125 [Alignment]"
"ENSSSCT00000051657.2","SLC1A3","275","1372","Forward","16:21875654-21954253 [Sequence]","Forward","tr|C9J9N5|C9J9N5_HUMAN","41","409","Forward","372 [Sequence]","289","1.62e-83","54.032 [Alignment]"
"ENSSSCT00000063429.3","SLC1A3","275","1372","Forward","16:21875654-21954253 [Sequence]","Forward","tr|C9J9N5|C9J9N5_HUMAN","41","409","Forward","372 [Sequence]","289","1.99e-83","54.032 [Alignment]"
"ENSSSCT00000018338.3","SLC1A3","351","1448","Forward","16:21875654-21954253 [Sequence]","Forward","tr|C9J9N5|C9J9N5_HUMAN","41","409","Forward","372 [Sequence]","289","1.05e-82","54.032 [Alignment]"
"ENSSSCT00000106508.1","SLC1A3","275","1372","Forward","16:21875654-21954253 [Sequence]","Forward","tr|C9J9N5|C9J9N5_HUMAN","41","409","Forward","372 [Sequence]","289","3.91e-82","54.032 [Alignment]"
"ENSSSCT00000015111.5","SLC1A6","665","1813","Forward","2:62609076-62619505 [Sequence]","Forward","tr|C9J9N5|C9J9N5_HUMAN","41","409","Forward","387 [Sequence]","282","5.03e-80","47.287 [Alignment]"
"ENSSSCT00000061959.1","SLC1A3","414","1310","Forward","16:21943075-21954253 [Sequence]","Forward","tr|C9J9N5|C9J9N5_HUMAN","109","409","Forward","304 [Sequence]","279","3.42e-79","55.263 [Alignment]"
"ENSSSCT00000004264.5","SLC1A7","205","1347","Forward","6:159106265-159150559 [Sequence]","Forward","tr|C9J9N5|C9J9N5_HUMAN","36","409","Forward","386 [Sequence]","261","7.08e-73","47.409 [Alignment]"
"ENSSSCT00000072841.1","SLC1A1","233","1339","Forward","1:217378017-217441442 [Sequence]","Reverse","tr|C9J9N5|C9J9N5_HUMAN","11","409","Forward","399 [Sequence]","251","1.19e-69","45.363 [Alignment]"
"ENSSSCT00000083818.2","SLC1A6","378","1136","Forward","2:62610018-62619505 [Sequence]","Forward","tr|C9J9N5|C9J9N5_HUMAN","173","409","Forward","255 [Sequence]","232","1.76e-63","49.412 [Alignment]"
"ENSSSCT00000029680.4","SLC1A4","1195","2151","Forward","3:76944473-76965977 [Sequence]","Reverse","tr|C9J9N5|C9J9N5_HUMAN","75","409","Forward","341 [Sequence]","205","3.79e-54","43.109 [Alignment]"
"ENSSSCT00000003444.4","SLC1A5","1010","1846","Forward","6:52651236-52660450 [Sequence]","Reverse","tr|C9J9N5|C9J9N5_HUMAN","109","409","Forward","306 [Sequence]","199","1.54e-52","41.176 [Alignment]"
"ENSSSCT00000090461.2","SLC1A5","361","1164","Forward","6:52651236-52660450 [Sequence]","Reverse","tr|C9J9N5|C9J9N5_HUMAN","109","409","Forward","306 [Sequence]","175","9.68e-45","38.235 [Alignment]"
"ENSSSCT00000042489.1","SLC1A3","735","1112","Forward","16:21943258-21954253 [Sequence]","Forward","tr|C9J9N5|C9J9N5_HUMAN","284","409","Forward","126 [Sequence]","165","1.70e-41","67.460 [Alignment]"
"ENSSSCT00000062502.3","SLC1A6","665","1477","Forward","2:62609076-62619403 [Sequence]","Forward","tr|C9J9N5|C9J9N5_HUMAN","41","295","Forward","275 [Sequence]","122","6.92e-28","38.182 [Alignment]"
"ENSSSCT00000092276.1","SLC1A2","1271","1405","Forward","2:25741379-25741513 [Sequence]","Forward","tr|C9J9N5|C9J9N5_HUMAN","365","409","Forward","45 [Sequence]","99.5","1.02e-20","100.000 [Alignment]"
"ENSSSCT00000062502.3","SLC1A6","1391","1579","Forward","2:62613380-62619505 [Sequence]","Forward","tr|C9J9N5|C9J9N5_HUMAN","347","409","Forward","63 [Sequence]","91.2","2.72e-18","63.492 [Alignment]"
"ENSSSCT00000071206.2","SLC1A4","94","276","Forward","3:76944473-76951444 [Sequence]","Reverse","tr|C9J9N5|C9J9N5_HUMAN","343","409","Forward","67 [Sequence]","69.4","1.44e-11","43.284 [Alignment]"
"ENSSSCT00000090917.1","SLC1A7","205","615","Forward","6:159106265-159138369 [Sequence]","Forward","tr|C9J9N5|C9J9N5_HUMAN","36","174","Forward","139 [Sequence]","53.9","4.70e-07","42.446 [Alignment]"
"ENSSSCT00000042489.1","SLC1A3","351","743","Forward","16:21875654-21953383 [Sequence]","Forward","tr|C9J9N5|C9J9N5_HUMAN","41","173","Forward","133 [Sequence]","51.9","3.40e-06","51.128 [Alignment]"
"ENSSSCT00000071206.2","SLC1A4","1","153","Forward","3:76944596-76951537 [Sequence]","Reverse","tr|C9J9N5|C9J9N5_HUMAN","240","290","Forward","51 [Sequence]","45.6","3.45e-04","41.176 [Alignment]"
