"Subject name","Gene hit","Subject start","Subject end","Subject ori","Genomic Location","Orientation","Query name","Query start","Query end","Query ori","Length","Score","E-val","%ID"
"ENSMMUT00000109509.1","SLC1A2","590","1816","Forward","14:30048416-30183771 [Sequence]","Forward","tr|C9J9N5|C9J9N5_HUMAN","1","409","Forward","409 [Sequence]","734","0.0","99.756 [Alignment]"
"ENSMMUT00000044087.3","SLC1A2","587","1813","Forward","14:30048416-30183771 [Sequence]","Forward","tr|C9J9N5|C9J9N5_HUMAN","1","409","Forward","409 [Sequence]","733","0.0","99.756 [Alignment]"
"ENSMMUT00000090431.1","SLC1A2","142","1353","Forward","14:30047475-30183771 [Sequence]","Forward","tr|C9J9N5|C9J9N5_HUMAN","6","409","Forward","404 [Sequence]","722","0.0","99.752 [Alignment]"
"ENSMMUT00000096837.1","SLC1A2","53","1273","Forward","14:30152058-30183771 [Sequence]","Forward","tr|C9J9N5|C9J9N5_HUMAN","3","409","Forward","407 [Sequence]","722","0.0","99.017 [Alignment]"
"ENSMMUT00000094689.1","SLC1A2","10","1218","Forward","14:30153027-30183771 [Sequence]","Forward","tr|C9J9N5|C9J9N5_HUMAN","7","409","Forward","403 [Sequence]","721","0.0","99.752 [Alignment]"
"ENSMMUT00000006147.4","SLC1A2","31","1239","Forward","14:30153027-30183771 [Sequence]","Forward","tr|C9J9N5|C9J9N5_HUMAN","7","409","Forward","403 [Sequence]","720","0.0","99.752 [Alignment]"
"ENSMMUT00000084836.1","SLC1A2","446","1336","Forward","14:30048416-30183669 [Sequence]","Forward","tr|C9J9N5|C9J9N5_HUMAN","1","295","Forward","297 [Sequence]","504","9.04e-162","96.633 [Alignment]"
"ENSMMUT00000000191.4","SLC1A1","43","1134","Forward","15:79249047-79329590 [Sequence]","Reverse","tr|C9J9N5|C9J9N5_HUMAN","41","409","Forward","375 [Sequence]","312","9.85e-93","54.133 [Alignment]"
"ENSMMUT00000096585.1","SLC1A1","215","1306","Forward","15:79249047-79329590 [Sequence]","Reverse","tr|C9J9N5|C9J9N5_HUMAN","41","409","Forward","375 [Sequence]","312","6.96e-90","54.133 [Alignment]"
"ENSMMUT00000008674.3","SLC1A3","358","1455","Forward","6:36423238-36497391 [Sequence]","Forward","tr|C9J9N5|C9J9N5_HUMAN","41","409","Forward","372 [Sequence]","286","8.64e-82","53.763 [Alignment]"
"ENSMMUT00000091204.1","SLC1A3","228","1325","Forward","6:36423238-36497391 [Sequence]","Forward","tr|C9J9N5|C9J9N5_HUMAN","41","409","Forward","372 [Sequence]","287","1.96e-81","53.763 [Alignment]"
"ENSMMUT00000041841.3","SLC1A3","344","1441","Forward","6:36423238-36497391 [Sequence]","Forward","tr|C9J9N5|C9J9N5_HUMAN","41","409","Forward","372 [Sequence]","286","2.17e-81","53.763 [Alignment]"
"ENSMMUT00000002449.4","SLC1A6","309","1457","Forward","19:14543667-14562587 [Sequence]","Reverse","tr|C9J9N5|C9J9N5_HUMAN","41","409","Forward","387 [Sequence]","285","2.47e-81","48.062 [Alignment]"
"ENSMMUT00000072923.2","SLC1A3","228","1325","Forward","6:36423238-36497391 [Sequence]","Forward","tr|C9J9N5|C9J9N5_HUMAN","41","409","Forward","372 [Sequence]","286","2.48e-81","53.763 [Alignment]"
"ENSMMUT00000102306.1","SLC1A6","369","1517","Forward","19:14543667-14562587 [Sequence]","Reverse","tr|C9J9N5|C9J9N5_HUMAN","41","409","Forward","387 [Sequence]","285","2.97e-81","48.062 [Alignment]"
"ENSMMUT00000101610.1","SLC1A6","429","1577","Forward","19:14543667-14562587 [Sequence]","Reverse","tr|C9J9N5|C9J9N5_HUMAN","41","409","Forward","387 [Sequence]","285","3.49e-81","48.062 [Alignment]"
"ENSMMUT00000093010.1","SLC1A6","455","1603","Forward","19:14543667-14562587 [Sequence]","Reverse","tr|C9J9N5|C9J9N5_HUMAN","41","409","Forward","387 [Sequence]","285","3.68e-81","48.062 [Alignment]"
"ENSMMUT00000110288.1","SLC1A6","590","1738","Forward","19:14543667-14562587 [Sequence]","Reverse","tr|C9J9N5|C9J9N5_HUMAN","41","409","Forward","387 [Sequence]","285","4.64e-81","48.062 [Alignment]"
"ENSMMUT00000056448.2","SLC1A6","325","1473","Forward","19:14543667-14562587 [Sequence]","Reverse","tr|C9J9N5|C9J9N5_HUMAN","41","409","Forward","387 [Sequence]","285","6.72e-81","48.062 [Alignment]"
"ENSMMUT00000000192.4","SLC1A1","7","993","Forward","15:79249047-79329626 [Sequence]","Reverse","tr|C9J9N5|C9J9N5_HUMAN","29","409","Forward","381 [Sequence]","244","2.17e-68","48.294 [Alignment]"
"ENSMMUT00000060644.2","SLC1A4","100","1170","Forward","13:43748273-43777812 [Sequence]","Reverse","tr|C9J9N5|C9J9N5_HUMAN","36","409","Forward","380 [Sequence]","200","9.54e-53","43.421 [Alignment]"
"ENSMMUT00000071380.2","SLC1A5","1091","1744","Forward","19:46789377-46801559 [Sequence]","Reverse","tr|C9J9N5|C9J9N5_HUMAN","165","409","Forward","245 [Sequence]","197","7.75e-52","44.490 [Alignment]"
"ENSMMUT00000082720.1","SLC1A5","1167","1820","Forward","19:46789377-46801559 [Sequence]","Reverse","tr|C9J9N5|C9J9N5_HUMAN","165","409","Forward","245 [Sequence]","197","9.96e-52","44.490 [Alignment]"
"ENSMMUT00000010641.4","SLC1A7","34","1029","Forward","1:171270108-171319772 [Sequence]","Forward","tr|C9J9N5|C9J9N5_HUMAN","39","363","Forward","336 [Sequence]","183","2.26e-47","42.857 [Alignment]"
"ENSMMUT00000014365.3","SLC1A4","100","1152","Forward","13:43748273-43777812 [Sequence]","Reverse","tr|C9J9N5|C9J9N5_HUMAN","36","409","Forward","380 [Sequence]","180","1.32e-46","41.316 [Alignment]"
"ENSMMUT00000031172.4","SLC1A5","616","1164","Forward","19:46789377-46798159 [Sequence]","Reverse","tr|C9J9N5|C9J9N5_HUMAN","226","409","Forward","184 [Sequence]","174","1.14e-44","48.370 [Alignment]"
"ENSMMUT00000080064.1","SLC1A6","431","1243","Forward","19:14543769-14562587 [Sequence]","Reverse","tr|C9J9N5|C9J9N5_HUMAN","41","295","Forward","275 [Sequence]","126","3.59e-29","38.909 [Alignment]"
"ENSMMUT00000084836.1","SLC1A2","1304","1438","Forward","14:30183637-30183771 [Sequence]","Forward","tr|C9J9N5|C9J9N5_HUMAN","365","409","Forward","45 [Sequence]","99","5.70e-21","100.000 [Alignment]"
"ENSMMUT00000080064.1","SLC1A6","1157","1345","Forward","19:14543667-14551551 [Sequence]","Reverse","tr|C9J9N5|C9J9N5_HUMAN","347","409","Forward","63 [Sequence]","90.8","3.73e-18","63.492 [Alignment]"
"ENSMMUT00000010641.4","SLC1A7","1180","1344","Forward","1:171321574-171321738 [Sequence]","Forward","tr|C9J9N5|C9J9N5_HUMAN","355","409","Forward","55 [Sequence]","82.4","1.38e-15","67.273 [Alignment]"
