"Subject name","Gene hit","Subject start","Subject end","Subject ori","Genomic Location","Orientation","Query name","Query start","Query end","Query ori","Length","Score","E-val","%ID"
"ENSRNOT00000109994.1","Slc1a2","112","1335","Forward","3:89005240-89106752 [Sequence]","Forward","tr|C9J9N5|C9J9N5_HUMAN","1","409","Forward","409 [Sequence]","696","0.0","95.110 [Alignment]"
"ENSRNOT00000099140.1","Slc1a2","237","1442","Forward","3:89081499-89106752 [Sequence]","Forward","tr|C9J9N5|C9J9N5_HUMAN","7","409","Forward","403 [Sequence]","684","0.0","95.037 [Alignment]"
"ENSRNOT00000119905.1","Slc1a2","29","1234","Forward","3:89081499-89106752 [Sequence]","Forward","tr|C9J9N5|C9J9N5_HUMAN","7","409","Forward","403 [Sequence]","684","0.0","95.037 [Alignment]"
"ENSRNOT00000098273.1","Slc1a2","237","1442","Forward","3:89081499-89106752 [Sequence]","Forward","tr|C9J9N5|C9J9N5_HUMAN","7","409","Forward","403 [Sequence]","684","0.0","95.037 [Alignment]"
"ENSRNOT00000119447.1","Slc1a2","237","1442","Forward","3:89081499-89106752 [Sequence]","Forward","tr|C9J9N5|C9J9N5_HUMAN","7","409","Forward","403 [Sequence]","684","0.0","95.037 [Alignment]"
"ENSRNOT00000106964.1","Slc1a2","10","1239","Forward","3:89081037-89106752 [Sequence]","Forward","tr|C9J9N5|C9J9N5_HUMAN","4","409","Forward","411 [Sequence]","683","0.0","93.917 [Alignment]"
"ENSRNOT00000007604.7","Slc1a2","10","1239","Forward","3:89081037-89106752 [Sequence]","Forward","tr|C9J9N5|C9J9N5_HUMAN","4","409","Forward","411 [Sequence]","683","0.0","93.917 [Alignment]"
"ENSRNOT00000099702.1","Slc1a1","157","1131","Forward","1:226594451-226623526 [Sequence]","Forward","tr|C9J9N5|C9J9N5_HUMAN","79","409","Forward","332 [Sequence]","300","1.39e-86","57.229 [Alignment]"
"ENSRNOT00000020272.8","Slc1a1","336","1310","Forward","1:226594451-226623526 [Sequence]","Forward","tr|C9J9N5|C9J9N5_HUMAN","79","409","Forward","332 [Sequence]","300","2.39e-86","57.229 [Alignment]"
"ENSRNOT00000085599.2","Slc1a3","404","1501","Forward","2:57762404-57828648 [Sequence]","Reverse","tr|C9J9N5|C9J9N5_HUMAN","41","409","Forward","372 [Sequence]","289","3.19e-82","54.032 [Alignment]"
"ENSRNOT00000022319.7","Slc1a3","394","1491","Forward","2:57762404-57828648 [Sequence]","Reverse","tr|C9J9N5|C9J9N5_HUMAN","41","409","Forward","372 [Sequence]","289","3.61e-82","54.032 [Alignment]"
"ENSRNOT00000108905.1","Slc1a6","325","1473","Forward","7:10847087-10863442 [Sequence]","Reverse","tr|C9J9N5|C9J9N5_HUMAN","41","409","Forward","387 [Sequence]","285","2.29e-81","48.320 [Alignment]"
"ENSRNOT00000035821.6","Slc1a3","478","1374","Forward","2:57762404-57771343 [Sequence]","Reverse","tr|C9J9N5|C9J9N5_HUMAN","109","409","Forward","304 [Sequence]","279","7.42e-79","55.263 [Alignment]"
"ENSRNOT00000107277.1","Slc1a3","110","1108","Forward","2:57762404-57808195 [Sequence]","Reverse","tr|C9J9N5|C9J9N5_HUMAN","75","409","Forward","338 [Sequence]","278","1.22e-78","56.213 [Alignment]"
"ENSRNOT00000077808.2","Slc1a7","93","1211","Forward","5:122731293-122772072 [Sequence]","Forward","tr|C9J9N5|C9J9N5_HUMAN","44","409","Forward","378 [Sequence]","259","6.32e-73","48.942 [Alignment]"
"ENSRNOT00000090817.2","Slc1a7","90","1211","Forward","5:122731290-122772072 [Sequence]","Forward","tr|C9J9N5|C9J9N5_HUMAN","43","409","Forward","379 [Sequence]","258","9.76e-73","48.813 [Alignment]"
"ENSRNOT00000016557.7","Slc1a7","288","1409","Forward","5:122731290-122772072 [Sequence]","Forward","tr|C9J9N5|C9J9N5_HUMAN","43","409","Forward","379 [Sequence]","259","3.66e-72","48.813 [Alignment]"
"ENSRNOT00000009931.6","Slc1a6","325","1464","Forward","7:10847087-10863442 [Sequence]","Reverse","tr|C9J9N5|C9J9N5_HUMAN","41","409","Forward","384 [Sequence]","254","6.88e-71","46.615 [Alignment]"
"ENSRNOT00000072263.3","Slc1a7","258","995","Forward","5:122739863-122772072 [Sequence]","Forward","tr|C9J9N5|C9J9N5_HUMAN","173","409","Forward","249 [Sequence]","207","1.73e-55","49.398 [Alignment]"
"ENSRNOT00000007002.6","Slc1a4","332","1402","Forward","14:94535595-94560087 [Sequence]","Reverse","tr|C9J9N5|C9J9N5_HUMAN","36","409","Forward","380 [Sequence]","206","1.26e-54","42.105 [Alignment]"
"ENSRNOT00000064332.4","Slc1a5","1087","1782","Forward","1:77457780-77468471 [Sequence]","Forward","tr|C9J9N5|C9J9N5_HUMAN","165","409","Forward","246 [Sequence]","184","1.33e-47","42.276 [Alignment]"
"ENSRNOT00000021455.7","Slc1a5","1087","1734","Forward","1:77457780-77468471 [Sequence]","Forward","tr|C9J9N5|C9J9N5_HUMAN","165","409","Forward","245 [Sequence]","182","5.98e-47","42.041 [Alignment]"
"ENSRNOT00000111666.1","Slc1a5","1087","1773","Forward","1:77457780-77468471 [Sequence]","Forward","tr|C9J9N5|C9J9N5_HUMAN","165","409","Forward","245 [Sequence]","182","6.71e-47","42.857 [Alignment]"
"ENSRNOT00000077790.2","Slc1a3","788","1165","Forward","2:57762404-57771160 [Sequence]","Reverse","tr|C9J9N5|C9J9N5_HUMAN","284","409","Forward","126 [Sequence]","165","2.34e-41","67.460 [Alignment]"
"ENSRNOT00000077790.2","Slc1a3","404","796","Forward","2:57763304-57828648 [Sequence]","Reverse","tr|C9J9N5|C9J9N5_HUMAN","41","173","Forward","133 [Sequence]","51.4","4.61e-06","51.880 [Alignment]"
