"Subject name","Gene hit","Subject start","Subject end","Subject ori","Genomic Location","Orientation","Query name","Query start","Query end","Query ori","Length","Score","E-val","%ID"
"ENSPPAT00000037481.1","SLC1A2","1327","1545","Forward","11:35112597-35112815 [Sequence]","Reverse","tr|H0YEB1|H0YEB1_HUMAN","1","73","Forward","73 [Sequence]","192","3.90e-57","100.000 [Alignment]"
"ENSPPAT00000037493.1","SLC1A2","1435","1653","Forward","11:35112597-35112815 [Sequence]","Reverse","tr|H0YEB1|H0YEB1_HUMAN","1","73","Forward","73 [Sequence]","192","4.24e-57","100.000 [Alignment]"
"ENSPPAT00000037484.1","SLC1A2","1435","1653","Forward","11:35112597-35112815 [Sequence]","Reverse","tr|H0YEB1|H0YEB1_HUMAN","1","73","Forward","73 [Sequence]","192","4.24e-57","100.000 [Alignment]"
"ENSPPAT00000037489.1","SLC1A2","1532","1750","Forward","11:35112597-35112815 [Sequence]","Reverse","tr|H0YEB1|H0YEB1_HUMAN","1","73","Forward","73 [Sequence]","192","4.36e-57","100.000 [Alignment]"
"ENSPPAT00000037500.1","SLC1A2","1408","1626","Forward","11:35112597-35112815 [Sequence]","Reverse","tr|H0YEB1|H0YEB1_HUMAN","1","73","Forward","73 [Sequence]","163","4.54e-47","100.000 [Alignment]"
"ENSPPAT00000037503.1","SLC1A2","1435","1653","Forward","11:35112597-35112815 [Sequence]","Reverse","tr|H0YEB1|H0YEB1_HUMAN","1","73","Forward","73 [Sequence]","163","4.55e-47","100.000 [Alignment]"
"ENSPPAT00000042227.1","SLC1A3","1913","2038","Forward","5:78962925-78963050 [Sequence]","Reverse","tr|H0YEB1|H0YEB1_HUMAN","1","40","Forward","42 [Sequence]","46.4","4.30e-06","52.381 [Alignment]"
"ENSPPAT00000031149.1","SLC1A1","1442","1522","Forward","9:4606193-4606273 [Sequence]","Forward","tr|H0YEB1|H0YEB1_HUMAN","1","27","Forward","27 [Sequence]","42.6","7.04e-05","62.963 [Alignment]"
"ENSPPAT00000042289.1","SLC1A3","934","1110","Forward","5:78962874-78963050 [Sequence]","Reverse","tr|H0YEB1|H0YEB1_HUMAN","1","56","Forward","59 [Sequence]","40.6","3.48e-04","44.068 [Alignment]"
"ENSPPAT00000042279.1","SLC1A3","1102","1278","Forward","5:78962874-78963050 [Sequence]","Reverse","tr|H0YEB1|H0YEB1_HUMAN","1","56","Forward","59 [Sequence]","40.6","4.13e-04","44.068 [Alignment]"
"ENSPPAT00000042273.1","SLC1A3","1303","1479","Forward","5:78962874-78963050 [Sequence]","Reverse","tr|H0YEB1|H0YEB1_HUMAN","1","56","Forward","59 [Sequence]","40.1","4.42e-04","44.068 [Alignment]"
"ENSPPAT00000042277.1","SLC1A3","1300","1476","Forward","5:78962874-78963050 [Sequence]","Reverse","tr|H0YEB1|H0YEB1_HUMAN","1","56","Forward","59 [Sequence]","40.1","4.60e-04","44.068 [Alignment]"
"ENSPPAT00000042271.1","SLC1A3","1423","1599","Forward","5:78962874-78963050 [Sequence]","Reverse","tr|H0YEB1|H0YEB1_HUMAN","1","56","Forward","59 [Sequence]","40.1","4.64e-04","44.068 [Alignment]"
"ENSPPAT00000063309.1","SLC1A6","2573","2644","Forward","19:15470494-15470565 [Sequence]","Reverse","tr|H0YEB1|H0YEB1_HUMAN","1","24","Forward","24 [Sequence]","36.0","0.015","54.167 [Alignment]"
"ENSPPAT00000059498.1","SLC1A4","1351","1410","Forward","2A:66209394-66209453 [Sequence]","Forward","tr|H0YEB1|H0YEB1_HUMAN","1","20","Forward","20 [Sequence]","33.4","0.075","60.000 [Alignment]"
