"Subject name","Gene hit","Subject start","Subject end","Subject ori","Genomic Location","Orientation","Query name","Query start","Query end","Query ori","Length","Score","E-val","%ID"
"C12D12.2b.1","glt-1","19","1476","Forward","X:3496642-3498884 [Sequence]","Forward","sp|P43004|EAA2_HUMAN","43","535","Forward","499 [Sequence]","509","1.48e-161","59.519 [Alignment]"
"C12D12.2a.1","glt-1","116","1573","Forward","X:3496642-3498884 [Sequence]","Forward","sp|P43004|EAA2_HUMAN","43","535","Forward","499 [Sequence]","509","5.13e-161","59.519 [Alignment]"
"Y53C12A.2.1","glt-5","36","1460","Forward","II:9706810-9708850 [Sequence]","Reverse","sp|P43004|EAA2_HUMAN","36","536","Forward","505 [Sequence]","409","4.06e-124","49.109 [Alignment]"
"R05G6.6.1","glt-6","15","1436","Forward","IV:7503636-7506084 [Sequence]","Forward","sp|P43004|EAA2_HUMAN","27","519","Forward","498 [Sequence]","396","3.41e-119","45.984 [Alignment]"
"K08F4.4.1","glt-3","131","1681","Forward","IV:10130387-10133089 [Sequence]","Forward","sp|P43004|EAA2_HUMAN","38","574","Forward","547 [Sequence]","393","8.86e-118","47.532 [Alignment]"
"T22E5.2b.1","glt-4","15","1559","Forward","X:6403436-6406779 [Sequence]","Forward","sp|P43004|EAA2_HUMAN","40","557","Forward","528 [Sequence]","312","1.43e-89","41.856 [Alignment]"
"T22E5.2a.1","glt-4","15","1388","Forward","X:6403436-6406336 [Sequence]","Forward","sp|P43004|EAA2_HUMAN","40","502","Forward","471 [Sequence]","309","6.12e-87","45.223 [Alignment]"
"W03G1.1.1","glt-7","13","1371","Forward","IV:532147-535374 [Sequence]","Forward","sp|P43004|EAA2_HUMAN","40","512","Forward","480 [Sequence]","302","2.85e-86","39.375 [Alignment]"
