Cluster,Members,Representative,"Weighted Score"
0,168,Center,-2741.6
0,168,"Lowest Energy",-3544.5
1,151,Center,-3675.1
1,151,"Lowest Energy",-3676.1
2,102,Center,-2804.1
2,102,"Lowest Energy",-3100.1
3,82,Center,-3087.4
3,82,"Lowest Energy",-3496.8
4,72,Center,-2757.6
4,72,"Lowest Energy",-3271.7
5,51,Center,-3202.1
5,51,"Lowest Energy",-3202.1
6,47,Center,-2763.4
6,47,"Lowest Energy",-3040.5
7,34,Center,-3063.8
7,34,"Lowest Energy",-3063.8
8,32,Center,-3013.5
8,32,"Lowest Energy",-3013.5
9,31,Center,-2690.9
9,31,"Lowest Energy",-2916.5
10,28,Center,-3130.5
10,28,"Lowest Energy",-3130.5
11,26,Center,-3007.8
11,26,"Lowest Energy",-3007.8
12,21,Center,-2796.3
12,21,"Lowest Energy",-3030.2
13,19,Center,-2699.1
13,19,"Lowest Energy",-2908.0
14,17,Center,-2738.3
14,17,"Lowest Energy",-3112.9
15,17,Center,-3085.9
15,17,"Lowest Energy",-3085.9
16,16,Center,-2837.3
16,16,"Lowest Energy",-3324.7
17,16,Center,-2905.5
17,16,"Lowest Energy",-3145.0
18,13,Center,-2994.9
18,13,"Lowest Energy",-2994.9
19,13,Center,-2841.3
19,13,"Lowest Energy",-2841.3
20,12,Center,-3136.8
20,12,"Lowest Energy",-3170.3
21,9,Center,-2733.6
21,9,"Lowest Energy",-2743.8
22,8,Center,-2672.9
22,8,"Lowest Energy",-2864.6
23,1,Center,-2668.4
23,1,"Lowest Energy",-2668.4
