Cluster,Members,Representative,"Weighted Score"
0,146,Center,-1448.0
0,146,"Lowest Energy",-2028.4
1,123,Center,-1868.4
1,123,"Lowest Energy",-1868.4
2,69,Center,-1464.9
2,69,"Lowest Energy",-1600.7
3,63,Center,-1787.0
3,63,"Lowest Energy",-1787.0
4,56,Center,-1712.0
4,56,"Lowest Energy",-1785.2
5,50,Center,-1492.4
5,50,"Lowest Energy",-1821.0
6,47,Center,-1406.1
6,47,"Lowest Energy",-1591.5
7,43,Center,-1698.3
7,43,"Lowest Energy",-1698.3
8,36,Center,-1723.7
8,36,"Lowest Energy",-1723.7
9,33,Center,-1474.5
9,33,"Lowest Energy",-1614.0
10,32,Center,-1400.8
10,32,"Lowest Energy",-1592.9
11,32,Center,-1685.5
11,32,"Lowest Energy",-1685.5
12,32,Center,-1620.0
12,32,"Lowest Energy",-1670.4
13,31,Center,-1402.8
13,31,"Lowest Energy",-1656.8
14,30,Center,-1671.5
14,30,"Lowest Energy",-1671.5
15,24,Center,-1692.8
15,24,"Lowest Energy",-1732.6
16,22,Center,-1506.1
16,22,"Lowest Energy",-1556.3
17,21,Center,-1567.6
17,21,"Lowest Energy",-1688.0
18,17,Center,-1488.2
18,17,"Lowest Energy",-1724.5
19,17,Center,-1497.9
19,17,"Lowest Energy",-1497.9
20,13,Center,-1447.6
20,13,"Lowest Energy",-1810.6
21,13,Center,-1480.1
21,13,"Lowest Energy",-1480.1
22,9,Center,-1405.8
22,9,"Lowest Energy",-1574.9
23,9,Center,-1496.4
23,9,"Lowest Energy",-1542.0
24,6,Center,-1443.5
24,6,"Lowest Energy",-1475.7
25,4,Center,-1411.5
25,4,"Lowest Energy",-1425.2
