Cluster,Members,Representative,"Weighted Score"
0,137,Center,-139.9
0,137,"Lowest Energy",-195.1
1,74,Center,-153.8
1,74,"Lowest Energy",-178.8
2,70,Center,-183.8
2,70,"Lowest Energy",-228.6
3,69,Center,-139.5
3,69,"Lowest Energy",-169.3
4,69,Center,-140.2
4,69,"Lowest Energy",-181.3
5,64,Center,-154.6
5,64,"Lowest Energy",-229.6
6,62,Center,-159.0
6,62,"Lowest Energy",-193.9
7,56,Center,-169.8
7,56,"Lowest Energy",-169.8
8,55,Center,-141.1
8,55,"Lowest Energy",-290.3
9,52,Center,-144.6
9,52,"Lowest Energy",-207.3
10,45,Center,-136.7
10,45,"Lowest Energy",-195.0
11,44,Center,-171.9
11,44,"Lowest Energy",-215.4
12,35,Center,-134.6
12,35,"Lowest Energy",-156.2
13,27,Center,-134.8
13,27,"Lowest Energy",-144.7
14,23,Center,-172.7
14,23,"Lowest Energy",-172.8
15,19,Center,-138.9
15,19,"Lowest Energy",-194.1
16,16,Center,-154.7
16,16,"Lowest Energy",-154.7
17,15,Center,-141.2
17,15,"Lowest Energy",-158.7
18,14,Center,-135.5
18,14,"Lowest Energy",-155.7
19,12,Center,-150.1
19,12,"Lowest Energy",-170.7
20,4,Center,-136.5
20,4,"Lowest Energy",-141.0
21,2,Center,-138.4
21,2,"Lowest Energy",-138.7
