Cluster,Members,Representative,"Weighted Score"
0,158,Center,-1386.6
0,158,"Lowest Energy",-2036.1
1,119,Center,-1840.4
1,119,"Lowest Energy",-1840.4
2,65,Center,-1835.5
2,65,"Lowest Energy",-1835.5
3,58,Center,-1417.4
3,58,"Lowest Energy",-1543.4
4,55,Center,-1699.3
4,55,"Lowest Energy",-1768.7
5,50,Center,-1464.0
5,50,"Lowest Energy",-1593.6
6,50,Center,-1477.6
6,50,"Lowest Energy",-1800.6
7,45,Center,-1689.1
7,45,"Lowest Energy",-1689.1
8,39,Center,-1533.3
8,39,"Lowest Energy",-1639.5
9,33,Center,-1712.3
9,33,"Lowest Energy",-1712.3
10,33,Center,-1699.4
10,33,"Lowest Energy",-1699.4
11,33,Center,-1625.4
11,33,"Lowest Energy",-1668.8
12,30,Center,-1476.3
12,30,"Lowest Energy",-1619.0
13,28,Center,-1679.8
13,28,"Lowest Energy",-1679.8
14,22,Center,-1719.6
14,22,"Lowest Energy",-1719.6
15,22,Center,-1481.8
15,22,"Lowest Energy",-1481.8
16,20,Center,-1651.2
16,20,"Lowest Energy",-1678.4
17,19,Center,-1502.2
17,19,"Lowest Energy",-1502.2
18,18,Center,-1484.9
18,18,"Lowest Energy",-1732.8
19,17,Center,-1438.1
19,17,"Lowest Energy",-1438.1
20,13,Center,-1433.6
20,13,"Lowest Energy",-1794.6
21,12,Center,-1449.8
21,12,"Lowest Energy",-1526.3
22,9,Center,-1437.2
22,9,"Lowest Energy",-1437.2
23,9,Center,-1392.4
23,9,"Lowest Energy",-1560.0
24,7,Center,-1457.2
24,7,"Lowest Energy",-1491.1
25,4,Center,-1397.6
25,4,"Lowest Energy",-1462.0
